-- MySQL dump 10.13  Distrib 8.0.45, for Win64 (x86_64)
--
-- Host: localhost    Database: lecturer_evaluation
-- ------------------------------------------------------
-- Server version	8.0.45

/*!40101 SET @OLD_CHARACTER_SET_CLIENT=@@CHARACTER_SET_CLIENT */;
/*!40101 SET @OLD_CHARACTER_SET_RESULTS=@@CHARACTER_SET_RESULTS */;
/*!40101 SET @OLD_COLLATION_CONNECTION=@@COLLATION_CONNECTION */;
/*!50503 SET NAMES utf8mb4 */;
/*!40103 SET @OLD_TIME_ZONE=@@TIME_ZONE */;
/*!40103 SET TIME_ZONE='+00:00' */;
/*!40014 SET @OLD_UNIQUE_CHECKS=@@UNIQUE_CHECKS, UNIQUE_CHECKS=0 */;
/*!40014 SET @OLD_FOREIGN_KEY_CHECKS=@@FOREIGN_KEY_CHECKS, FOREIGN_KEY_CHECKS=0 */;
/*!40101 SET @OLD_SQL_MODE=@@SQL_MODE, SQL_MODE='NO_AUTO_VALUE_ON_ZERO' */;
/*!40111 SET @OLD_SQL_NOTES=@@SQL_NOTES, SQL_NOTES=0 */;

--
-- Table structure for table `access_tokens`
--

DROP TABLE IF EXISTS `access_tokens`;
/*!40101 SET @saved_cs_client     = @@character_set_client */;
/*!50503 SET character_set_client = utf8mb4 */;
CREATE TABLE `access_tokens` (
  `id` int NOT NULL AUTO_INCREMENT,
  `token` varchar(255) NOT NULL,
  `department_id` int DEFAULT NULL,
  `semester_id` int NOT NULL,
  `academic_year` varchar(20) NOT NULL,
  `status` enum('active','revoked','expired') NOT NULL DEFAULT 'active',
  `expires_at` datetime NOT NULL,
  `created_by` int NOT NULL,
  `created_at` timestamp NULL DEFAULT CURRENT_TIMESTAMP,
  PRIMARY KEY (`id`),
  UNIQUE KEY `token` (`token`),
  KEY `fk_access_tokens_created_by` (`created_by`),
  KEY `idx_access_tokens_department_id` (`department_id`),
  KEY `idx_access_tokens_semester_id` (`semester_id`),
  KEY `idx_access_tokens_status` (`status`),
  CONSTRAINT `fk_access_tokens_created_by` FOREIGN KEY (`created_by`) REFERENCES `users` (`id`) ON DELETE RESTRICT ON UPDATE CASCADE,
  CONSTRAINT `fk_access_tokens_department` FOREIGN KEY (`department_id`) REFERENCES `departments` (`id`) ON DELETE SET NULL ON UPDATE CASCADE,
  CONSTRAINT `fk_access_tokens_semester` FOREIGN KEY (`semester_id`) REFERENCES `semesters` (`id`) ON DELETE CASCADE ON UPDATE CASCADE
) ENGINE=InnoDB AUTO_INCREMENT=2 DEFAULT CHARSET=utf8mb4 COLLATE=utf8mb4_0900_ai_ci;
/*!40101 SET character_set_client = @saved_cs_client */;

--
-- Dumping data for table `access_tokens`
--

LOCK TABLES `access_tokens` WRITE;
/*!40000 ALTER TABLE `access_tokens` DISABLE KEYS */;
INSERT INTO `access_tokens` VALUES (1,'40cdd6b8374ff1e82da50b76a0d11289',9,3,'2025/2026','active','2026-06-08 14:44:00',3,'2026-06-08 09:14:11');
/*!40000 ALTER TABLE `access_tokens` ENABLE KEYS */;
UNLOCK TABLES;

--
-- Table structure for table `announcements`
--

DROP TABLE IF EXISTS `announcements`;
/*!40101 SET @saved_cs_client     = @@character_set_client */;
/*!50503 SET character_set_client = utf8mb4 */;
CREATE TABLE `announcements` (
  `id` int NOT NULL AUTO_INCREMENT,
  `title` varchar(200) NOT NULL,
  `message` text NOT NULL,
  `target_role` enum('all','student','lecturer','admin','hod','dean') NOT NULL DEFAULT 'all',
  `department_id` int DEFAULT NULL,
  `created_by` int NOT NULL,
  `created_at` timestamp NULL DEFAULT CURRENT_TIMESTAMP,
  PRIMARY KEY (`id`),
  KEY `fk_announcements_created_by` (`created_by`),
  KEY `idx_announcements_department_id` (`department_id`),
  KEY `idx_announcements_target_role` (`target_role`),
  CONSTRAINT `fk_announcements_created_by` FOREIGN KEY (`created_by`) REFERENCES `users` (`id`) ON DELETE RESTRICT ON UPDATE CASCADE,
  CONSTRAINT `fk_announcements_department` FOREIGN KEY (`department_id`) REFERENCES `departments` (`id`) ON DELETE SET NULL ON UPDATE CASCADE
) ENGINE=InnoDB AUTO_INCREMENT=5 DEFAULT CHARSET=utf8mb4 COLLATE=utf8mb4_0900_ai_ci;
/*!40101 SET character_set_client = @saved_cs_client */;

--
-- Dumping data for table `announcements`
--

LOCK TABLES `announcements` WRITE;
/*!40000 ALTER TABLE `announcements` DISABLE KEYS */;
INSERT INTO `announcements` VALUES (4,'wsas','zsx','all',NULL,3,'2026-06-09 08:31:13');
/*!40000 ALTER TABLE `announcements` ENABLE KEYS */;
UNLOCK TABLES;

--
-- Table structure for table `audit_logs`
--

DROP TABLE IF EXISTS `audit_logs`;
/*!40101 SET @saved_cs_client     = @@character_set_client */;
/*!50503 SET character_set_client = utf8mb4 */;
CREATE TABLE `audit_logs` (
  `id` int NOT NULL AUTO_INCREMENT,
  `user_id` int DEFAULT NULL,
  `action` varchar(100) NOT NULL,
  `entity_type` varchar(100) NOT NULL,
  `entity_id` int DEFAULT NULL,
  `details` json DEFAULT NULL,
  `created_at` timestamp NULL DEFAULT CURRENT_TIMESTAMP,
  PRIMARY KEY (`id`),
  KEY `idx_audit_logs_user_id` (`user_id`),
  KEY `idx_audit_logs_entity` (`entity_type`,`entity_id`),
  CONSTRAINT `fk_audit_logs_user` FOREIGN KEY (`user_id`) REFERENCES `users` (`id`) ON DELETE SET NULL ON UPDATE CASCADE
) ENGINE=InnoDB AUTO_INCREMENT=87 DEFAULT CHARSET=utf8mb4 COLLATE=utf8mb4_0900_ai_ci;
/*!40101 SET character_set_client = @saved_cs_client */;

--
-- Dumping data for table `audit_logs`
--

LOCK TABLES `audit_logs` WRITE;
/*!40000 ALTER TABLE `audit_logs` DISABLE KEYS */;
INSERT INTO `audit_logs` VALUES (1,3,'module_assignment_created','lecturer_module',321,'{\"courseId\": 6, \"lecturerId\": 8, \"semesterId\": 19, \"academicYear\": \"2025/2026\"}','2026-06-08 09:12:52'),(2,3,'module_assignment_removed','lecturer_module',2,NULL,'2026-06-08 09:12:59'),(3,3,'evaluation_window_created','evaluation_window',1,'{\"openDate\": \"2026-06-08 14:43\", \"closeDate\": \"2026-06-25 14:43\", \"semesterId\": 19, \"academicYear\": \"2025/2026\"}','2026-06-08 09:13:52'),(4,3,'access_token_generated','access_token',1,'{\"semesterId\": 3, \"academicYear\": \"2025/2026\", \"departmentId\": 9}','2026-06-08 09:14:11'),(5,3,'evaluation_window_closed','evaluation_window',1,NULL,'2026-06-08 09:16:57'),(13,3,'evaluation_window_created','evaluation_window',2,'{\"openDate\": \"2026-06-08 14:56\", \"closeDate\": \"2026-06-25 14:56\", \"semesterId\": 19, \"academicYear\": \"2025/2026\"}','2026-06-08 09:26:09'),(14,3,'evaluation_record_viewed','evaluation_submission',5,'{\"studentId\": 2}','2026-06-08 14:57:11'),(15,3,'evaluation_record_viewed','evaluation_submission',5,'{\"studentId\": 2}','2026-06-08 15:02:21'),(16,3,'evaluation_record_viewed','evaluation_submission',4,'{\"studentId\": 2}','2026-06-08 15:02:41'),(17,3,'evaluation_record_viewed','evaluation_submission',2,'{\"studentId\": 2}','2026-06-08 15:02:48'),(18,3,'evaluation_window_closed','evaluation_window',1,NULL,'2026-06-08 15:06:17'),(19,3,'evaluation_window_closed','evaluation_window',1,NULL,'2026-06-08 15:06:17'),(20,3,'evaluation_record_viewed','evaluation_submission',5,'{\"studentId\": 2}','2026-06-08 15:10:21'),(21,3,'evaluation_record_viewed','evaluation_submission',5,'{\"studentId\": 2}','2026-06-08 15:12:38'),(22,3,'supervision_report_status_changed','supervision_report',2,'{\"status\": \"under_review\", \"adminComment\": null}','2026-06-08 15:23:09'),(23,3,'supervision_report_status_changed','supervision_report',2,'{\"status\": \"accepted\", \"adminComment\": null}','2026-06-08 15:23:11'),(24,3,'supervision_report_status_changed','supervision_report',2,'{\"status\": \"rejected\", \"adminComment\": null}','2026-06-08 15:23:15'),(25,3,'supervision_report_status_changed','supervision_report',2,'{\"status\": \"submitted\", \"adminComment\": null}','2026-06-08 15:23:17'),(26,3,'supervision_report_status_changed','supervision_report',2,'{\"status\": \"under_review\", \"adminComment\": null}','2026-06-08 15:23:19'),(27,3,'audit_log_deleted','audit_log',11,'{\"deletedAction\": \"evaluation_window_closed\", \"deletedEntityId\": 1, \"deletedEntityType\": \"evaluation_window\"}','2026-06-08 15:26:58'),(28,3,'audit_log_deleted','audit_log',10,'{\"deletedAction\": \"evaluation_window_closed\", \"deletedEntityId\": 1, \"deletedEntityType\": \"evaluation_window\"}','2026-06-08 15:27:02'),(29,3,'audit_log_deleted','audit_log',9,'{\"deletedAction\": \"evaluation_window_closed\", \"deletedEntityId\": 1, \"deletedEntityType\": \"evaluation_window\"}','2026-06-08 15:27:04'),(30,3,'audit_log_deleted','audit_log',7,'{\"deletedAction\": \"evaluation_window_closed\", \"deletedEntityId\": 1, \"deletedEntityType\": \"evaluation_window\"}','2026-06-08 15:27:07'),(31,3,'audit_log_deleted','audit_log',6,'{\"deletedAction\": \"evaluation_window_closed\", \"deletedEntityId\": 1, \"deletedEntityType\": \"evaluation_window\"}','2026-06-08 15:27:10'),(32,3,'audit_log_deleted','audit_log',8,'{\"deletedAction\": \"evaluation_window_closed\", \"deletedEntityId\": 1, \"deletedEntityType\": \"evaluation_window\"}','2026-06-08 15:27:13'),(33,3,'audit_log_deleted','audit_log',12,'{\"deletedAction\": \"evaluation_window_closed\", \"deletedEntityId\": 1, \"deletedEntityType\": \"evaluation_window\"}','2026-06-08 15:27:18'),(34,3,'lecturer_award_score_updated','lecturer_award_score',1,'{\"lecturerId\": 10, \"semesterId\": 19, \"academicYear\": \"2025/2026\", \"adminComment\": null, \"supervisionScore\": 20}','2026-06-08 15:28:33'),(35,3,'lecturer_award_score_updated','lecturer_award_score',10,'{\"lecturerId\": 10, \"semesterId\": 19, \"academicYear\": \"2025/2026\", \"adminComment\": null, \"supervisionScore\": 20}','2026-06-08 15:28:34'),(36,3,'lecturer_award_score_updated','lecturer_award_score',10,'{\"lecturerId\": 10, \"semesterId\": 19, \"academicYear\": \"2025/2026\", \"adminComment\": null, \"supervisionScore\": 20}','2026-06-08 15:28:34'),(37,3,'lecturer_award_score_updated','lecturer_award_score',4,'{\"lecturerId\": 7, \"semesterId\": 19, \"academicYear\": \"2025/2026\", \"adminComment\": null, \"supervisionScore\": 50}','2026-06-08 15:29:32'),(38,3,'user_created','user',1300,'{\"role\": \"lecturer\", \"departmentId\": 1, \"universityId\": \"LE123\"}','2026-06-08 16:39:24'),(39,3,'user_created','user',1901,'{\"role\": \"lecturer\", \"departmentId\": 1, \"universityId\": \"TEST1780937986160\"}','2026-06-08 16:59:46'),(40,3,'user_password_reset','user',1901,NULL,'2026-06-08 16:59:46'),(41,3,'user_deleted','user',1300,NULL,'2026-06-08 17:06:09'),(42,3,'user_created','user',1906,'{\"role\": \"lecturer\", \"departmentId\": 1, \"universityId\": \"LE456\"}','2026-06-08 17:09:14'),(43,3,'user_password_reset','user',1906,NULL,'2026-06-08 17:10:34'),(44,3,'user_password_reset','user',1906,NULL,'2026-06-08 17:10:36'),(45,3,'user_password_reset','user',1906,NULL,'2026-06-08 17:10:41'),(46,3,'user_created','user',1957,'{\"role\": \"lecturer\", \"departmentId\": 1, \"universityId\": \"REUSE1780989201843\"}','2026-06-09 07:13:21'),(47,3,'user_deleted','user',1957,NULL,'2026-06-09 07:13:21'),(48,3,'user_restored','user',1957,'{\"role\": \"lecturer\", \"departmentId\": 1, \"universityId\": \"REUSE1780989201843\"}','2026-06-09 07:13:22'),(49,3,'user_deleted','user',1906,NULL,'2026-06-09 07:15:42'),(50,3,'user_restored','user',1300,'{\"role\": \"lecturer\", \"departmentId\": 9, \"universityId\": \"LE789\"}','2026-06-09 07:19:16'),(51,3,'user_restored','user',1906,'{\"role\": \"lecturer\", \"departmentId\": 5, \"universityId\": \"LE123\"}','2026-06-09 07:20:40'),(52,3,'user_created','user',2008,'{\"role\": \"lecturer\", \"departmentId\": 5, \"universityId\": \"FREE1780989713761\"}','2026-06-09 07:21:53'),(53,3,'user_deleted','user',2008,'{\"releasedEmail\": \"free1780989713761@ruhuna.lk\", \"releasedUniversityId\": \"FREE1780989713761\"}','2026-06-09 07:21:53'),(54,3,'user_created','user',2009,'{\"role\": \"lecturer\", \"departmentId\": 5, \"universityId\": \"FREE1780989713761\"}','2026-06-09 07:21:53'),(55,3,'user_deleted','user',1300,'{\"releasedEmail\": \"sabricolombo17@gmail.com\", \"releasedUniversityId\": \"LE789\"}','2026-06-09 07:22:25'),(56,3,'user_deleted','user',1906,'{\"releasedEmail\": \"denuri177@gmail.com\", \"releasedUniversityId\": \"LE123\"}','2026-06-09 07:22:29'),(57,3,'user_created','user',2010,'{\"role\": \"lecturer\", \"departmentId\": 9, \"universityId\": \"LE123\"}','2026-06-09 07:22:47'),(58,3,'user_created','user',2011,'{\"role\": \"lecturer\", \"departmentId\": 5, \"universityId\": \"RE89853378\"}','2026-06-09 07:24:13'),(59,3,'user_deleted','user',2011,'{\"releasedEmail\": \"redel89853378@ruhuna.lk\", \"releasedUniversityId\": \"RE89853378\"}','2026-06-09 07:24:13'),(60,3,'user_created','user',2012,'{\"role\": \"lecturer\", \"departmentId\": 5, \"universityId\": \"RE89853378\"}','2026-06-09 07:24:13'),(61,3,'user_deleted','user',2010,'{\"releasedEmail\": \"denuri177@gmail.com\", \"releasedUniversityId\": \"LE123\"}','2026-06-09 07:34:12'),(62,3,'user_created','user',2013,'{\"role\": \"student\", \"departmentId\": 9, \"universityId\": \"LE123\"}','2026-06-09 07:34:30'),(63,3,'user_deleted','user',2013,'{\"releasedEmail\": \"denuri177@gmail.com\", \"releasedUniversityId\": \"LE123\"}','2026-06-09 07:35:58'),(64,3,'user_created','user',2014,'{\"role\": \"lecturer\", \"departmentId\": 1, \"universityId\": \"LE789\"}','2026-06-09 07:36:06'),(65,3,'user_deleted','user',2014,'{\"releasedEmail\": \"sabricolombo17@gmail.com\", \"releasedUniversityId\": \"LE789\"}','2026-06-09 07:39:51'),(66,3,'user_created','user',2065,'{\"role\": \"lecturer\", \"departmentId\": 1, \"universityId\": \"LE123\"}','2026-06-09 07:44:19'),(67,3,'password_reset_request_approved','password_reset_request',1,'{\"userId\": 2, \"universityId\": \"SCI2026902\"}','2026-06-09 08:12:43'),(68,3,'password_reset_request_approved','password_reset_request',2,'{\"userId\": 2, \"universityId\": \"SCI2026902\"}','2026-06-09 08:15:28'),(69,3,'module_assignment_created','lecturer_module',1154,'{\"courseId\": 547, \"lecturerId\": 2065, \"semesterId\": 19, \"academicYear\": \"2025/2026\"}','2026-06-09 08:21:08'),(70,3,'module_assignment_removed','lecturer_module',1154,NULL,'2026-06-09 08:31:46'),(71,3,'module_assignment_created','lecturer_module',1169,'{\"courseId\": 546, \"lecturerId\": 2065, \"semesterId\": 19, \"academicYear\": \"2025/2026\"}','2026-06-09 08:32:08'),(72,3,'user_deactivated','user',2065,NULL,'2026-06-09 08:34:54'),(73,3,'user_deactivated','user',2065,NULL,'2026-06-09 08:34:58'),(74,3,'user_deactivated','user',2065,NULL,'2026-06-09 08:35:00'),(75,3,'user_updated','user',2065,'{\"role\": \"lecturer\", \"status\": \"rejected\", \"universityId\": \"LE123\"}','2026-06-09 08:35:06'),(76,3,'user_updated','user',2065,'{\"role\": \"lecturer\", \"status\": \"approved\", \"universityId\": \"LE123\"}','2026-06-09 08:35:14'),(77,3,'evaluation_window_closed','evaluation_window',2,NULL,'2026-06-09 09:00:09'),(78,3,'evaluation_window_created','evaluation_window',3,'{\"openDate\": \"2026-06-09 14:31\", \"closeDate\": \"2026-06-29 14:31\", \"semesterId\": 19, \"academicYear\": \"2025/2026\"}','2026-06-09 09:01:19'),(79,3,'evaluation_window_closed','evaluation_window',3,NULL,'2026-06-09 09:03:33'),(80,3,'evaluation_window_reopened','evaluation_window',3,'{\"openDate\": \"2026-06-09 14:57\", \"closeDate\": \"2026-06-16 14:57\"}','2026-06-09 09:27:15'),(81,3,'evaluation_window_closed','evaluation_window',3,NULL,'2026-06-09 09:27:34'),(82,3,'evaluation_window_created','evaluation_window',4,'{\"openDate\": \"2026-06-09 14:57\", \"closeDate\": \"2026-06-26 14:57\", \"semesterId\": 19, \"academicYear\": \"2025/2026\"}','2026-06-09 09:27:42'),(83,3,'evaluation_window_deleted','evaluation_window',3,NULL,'2026-06-09 09:27:54'),(84,3,'evaluation_window_deleted','evaluation_window',2,NULL,'2026-06-09 09:27:57'),(85,3,'evaluation_window_deleted','evaluation_window',1,NULL,'2026-06-09 09:28:00'),(86,3,'notification_sent','notification',NULL,'{\"role\": null, \"userId\": 2065, \"targetType\": \"user\", \"deliveredCount\": 1}','2026-06-09 14:12:29');
/*!40000 ALTER TABLE `audit_logs` ENABLE KEYS */;
UNLOCK TABLES;

--
-- Table structure for table `comments`
--

DROP TABLE IF EXISTS `comments`;
/*!40101 SET @saved_cs_client     = @@character_set_client */;
/*!50503 SET character_set_client = utf8mb4 */;
CREATE TABLE `comments` (
  `id` int NOT NULL AUTO_INCREMENT,
  `evaluation_id` int NOT NULL,
  `comment_text` text NOT NULL,
  `created_at` timestamp NULL DEFAULT CURRENT_TIMESTAMP,
  PRIMARY KEY (`id`),
  KEY `fk_comments_evaluation` (`evaluation_id`),
  CONSTRAINT `fk_comments_evaluation` FOREIGN KEY (`evaluation_id`) REFERENCES `evaluations` (`id`) ON DELETE CASCADE ON UPDATE CASCADE
) ENGINE=InnoDB DEFAULT CHARSET=utf8mb4 COLLATE=utf8mb4_0900_ai_ci;
/*!40101 SET character_set_client = @saved_cs_client */;

--
-- Dumping data for table `comments`
--

LOCK TABLES `comments` WRITE;
/*!40000 ALTER TABLE `comments` DISABLE KEYS */;
/*!40000 ALTER TABLE `comments` ENABLE KEYS */;
UNLOCK TABLES;

--
-- Table structure for table `courses`
--

DROP TABLE IF EXISTS `courses`;
/*!40101 SET @saved_cs_client     = @@character_set_client */;
/*!50503 SET character_set_client = utf8mb4 */;
CREATE TABLE `courses` (
  `id` int NOT NULL AUTO_INCREMENT,
  `course_code` varchar(50) NOT NULL,
  `course_name` varchar(150) NOT NULL,
  `department_id` int NOT NULL,
  `lecturer_id` int DEFAULT NULL,
  `semester_id` int NOT NULL,
  `created_at` timestamp NULL DEFAULT CURRENT_TIMESTAMP,
  PRIMARY KEY (`id`),
  UNIQUE KEY `course_code` (`course_code`),
  KEY `idx_courses_department_id` (`department_id`),
  KEY `idx_courses_lecturer_id` (`lecturer_id`),
  KEY `idx_courses_semester_id` (`semester_id`),
  CONSTRAINT `fk_courses_department` FOREIGN KEY (`department_id`) REFERENCES `departments` (`id`) ON DELETE RESTRICT ON UPDATE CASCADE,
  CONSTRAINT `fk_courses_lecturer` FOREIGN KEY (`lecturer_id`) REFERENCES `users` (`id`) ON DELETE SET NULL ON UPDATE CASCADE,
  CONSTRAINT `fk_courses_semester` FOREIGN KEY (`semester_id`) REFERENCES `semesters` (`id`) ON DELETE RESTRICT ON UPDATE CASCADE
) ENGINE=InnoDB AUTO_INCREMENT=1434 DEFAULT CHARSET=utf8mb4 COLLATE=utf8mb4_0900_ai_ci;
/*!40101 SET character_set_client = @saved_cs_client */;

--
-- Dumping data for table `courses`
--

LOCK TABLES `courses` WRITE;
/*!40000 ALTER TABLE `courses` DISABLE KEYS */;
INSERT INTO `courses` VALUES (1,'123','bb',5,4,19,'2026-06-01 19:29:49'),(2,'BOT1122','Plant Diversity and Evolution',9,10,19,'2026-06-08 07:51:10'),(3,'CHE1122','General and Inorganic Chemistry',5,8,19,'2026-06-08 07:51:10'),(4,'CSC1122','Programming Fundamentals',1,6,19,'2026-06-08 07:51:10'),(5,'MAT1122','Calculus and Linear Algebra',3,7,19,'2026-06-08 07:51:10'),(6,'PHY1122','Mechanics and Waves',11,11,19,'2026-06-08 07:51:10'),(7,'ZOO1122','Animal Form and Function',7,9,19,'2026-06-08 07:51:10'),(8,'CSC1222','Data Structures and Algorithms',1,6,3,'2026-06-08 07:51:10'),(9,'MAT1222','Probability and Statistics',3,7,3,'2026-06-08 07:51:10'),(546,'CSC2122','Database Systems',1,643,19,'2026-06-08 16:23:11'),(547,'MAT2122','Real Analysis',3,644,19,'2026-06-08 16:23:11'),(548,'CHE2122','Organic Reaction Mechanisms',5,645,19,'2026-06-08 16:23:11'),(549,'ZOO2122','Ecology and Conservation',7,646,19,'2026-06-08 16:23:11'),(550,'BOT2122','Plant Biotechnology',9,647,19,'2026-06-08 16:23:11'),(551,'PHY2122','Electronics and Instrumentation',11,648,19,'2026-06-08 16:23:11');
/*!40000 ALTER TABLE `courses` ENABLE KEYS */;
UNLOCK TABLES;

--
-- Table structure for table `departments`
--

DROP TABLE IF EXISTS `departments`;
/*!40101 SET @saved_cs_client     = @@character_set_client */;
/*!50503 SET character_set_client = utf8mb4 */;
CREATE TABLE `departments` (
  `id` int NOT NULL AUTO_INCREMENT,
  `department_name` varchar(150) NOT NULL,
  `faculty_name` varchar(150) NOT NULL,
  `created_at` timestamp NULL DEFAULT CURRENT_TIMESTAMP,
  PRIMARY KEY (`id`),
  UNIQUE KEY `department_name` (`department_name`)
) ENGINE=InnoDB AUTO_INCREMENT=883 DEFAULT CHARSET=utf8mb4 COLLATE=utf8mb4_0900_ai_ci;
/*!40101 SET character_set_client = @saved_cs_client */;

--
-- Dumping data for table `departments`
--

LOCK TABLES `departments` WRITE;
/*!40000 ALTER TABLE `departments` DISABLE KEYS */;
INSERT INTO `departments` VALUES (1,'Department of Computer Science','Faculty of Science','2026-06-01 19:04:27'),(3,'Department of Mathematics','Faculty of Science','2026-06-01 19:04:27'),(5,'Department of Chemistry','Faculty of Science','2026-06-01 19:04:27'),(7,'Department of Zoology','Faculty of Science','2026-06-01 19:04:27'),(9,'Department of Botany','Faculty of Science','2026-06-01 19:04:27'),(11,'Department of Physics','Faculty of Science','2026-06-01 19:04:27');
/*!40000 ALTER TABLE `departments` ENABLE KEYS */;
UNLOCK TABLES;

--
-- Table structure for table `evaluation_responses`
--

DROP TABLE IF EXISTS `evaluation_responses`;
/*!40101 SET @saved_cs_client     = @@character_set_client */;
/*!50503 SET character_set_client = utf8mb4 */;
CREATE TABLE `evaluation_responses` (
  `id` int NOT NULL AUTO_INCREMENT,
  `submission_id` int NOT NULL,
  `question_id` int NOT NULL,
  `score` tinyint NOT NULL,
  `created_at` timestamp NULL DEFAULT CURRENT_TIMESTAMP,
  PRIMARY KEY (`id`),
  KEY `idx_eval_responses_submission_id` (`submission_id`),
  KEY `idx_eval_responses_question_id` (`question_id`),
  CONSTRAINT `fk_evaluation_responses_question` FOREIGN KEY (`question_id`) REFERENCES `questions` (`id`) ON DELETE RESTRICT ON UPDATE CASCADE,
  CONSTRAINT `fk_evaluation_responses_submission` FOREIGN KEY (`submission_id`) REFERENCES `evaluation_submissions` (`id`) ON DELETE CASCADE ON UPDATE CASCADE
) ENGINE=InnoDB AUTO_INCREMENT=1171 DEFAULT CHARSET=utf8mb4 COLLATE=utf8mb4_0900_ai_ci;
/*!40101 SET character_set_client = @saved_cs_client */;

--
-- Dumping data for table `evaluation_responses`
--

LOCK TABLES `evaluation_responses` WRITE;
/*!40000 ALTER TABLE `evaluation_responses` DISABLE KEYS */;
INSERT INTO `evaluation_responses` VALUES (1,1,1,4,'2026-06-08 08:10:32'),(2,1,2,5,'2026-06-08 08:10:32'),(3,1,3,2,'2026-06-08 08:10:32'),(4,1,4,3,'2026-06-08 08:10:32'),(5,1,5,1,'2026-06-08 08:10:32'),(6,1,6,5,'2026-06-08 08:10:32'),(7,1,7,5,'2026-06-08 08:10:32'),(8,1,8,3,'2026-06-08 08:10:32'),(9,1,9,3,'2026-06-08 08:10:32'),(10,1,10,4,'2026-06-08 08:10:32'),(11,2,11,5,'2026-06-08 08:11:20'),(12,2,12,5,'2026-06-08 08:11:20'),(13,2,13,4,'2026-06-08 08:11:20'),(14,2,14,4,'2026-06-08 08:11:20'),(15,2,15,4,'2026-06-08 08:11:20'),(16,2,16,4,'2026-06-08 08:11:20'),(17,2,17,5,'2026-06-08 08:11:20'),(18,2,18,5,'2026-06-08 08:11:20'),(19,2,19,5,'2026-06-08 08:11:20'),(20,2,20,5,'2026-06-08 08:11:20'),(21,3,1,5,'2026-06-08 08:22:41'),(22,3,2,5,'2026-06-08 08:22:41'),(23,3,3,5,'2026-06-08 08:22:41'),(24,3,4,5,'2026-06-08 08:22:41'),(25,3,5,5,'2026-06-08 08:22:41'),(26,3,6,5,'2026-06-08 08:22:41'),(27,3,7,5,'2026-06-08 08:22:41'),(28,3,8,5,'2026-06-08 08:22:41'),(29,3,9,1,'2026-06-08 08:22:41'),(30,3,10,1,'2026-06-08 08:22:41'),(31,4,1,4,'2026-06-08 09:30:25'),(32,4,2,5,'2026-06-08 09:30:25'),(33,4,3,4,'2026-06-08 09:30:25'),(34,4,4,3,'2026-06-08 09:30:25'),(35,4,5,4,'2026-06-08 09:30:25'),(36,4,6,4,'2026-06-08 09:30:25'),(37,4,7,4,'2026-06-08 09:30:25'),(38,4,8,1,'2026-06-08 09:30:25'),(39,4,9,5,'2026-06-08 09:30:25'),(40,4,10,5,'2026-06-08 09:30:25'),(41,5,11,4,'2026-06-08 09:31:20'),(42,5,12,4,'2026-06-08 09:31:20'),(43,5,13,4,'2026-06-08 09:31:20'),(44,5,14,4,'2026-06-08 09:31:20'),(45,5,15,4,'2026-06-08 09:31:20'),(46,5,16,4,'2026-06-08 09:31:20'),(47,5,17,4,'2026-06-08 09:31:20'),(48,5,18,4,'2026-06-08 09:31:20'),(49,5,19,4,'2026-06-08 09:31:20'),(50,5,20,4,'2026-06-08 09:31:20'),(51,6,1,3,'2026-06-09 14:05:25'),(52,6,2,4,'2026-06-09 14:05:25'),(53,6,3,3,'2026-06-09 14:05:25'),(54,6,4,4,'2026-06-09 14:05:25'),(55,6,5,3,'2026-06-09 14:05:25'),(56,6,6,4,'2026-06-09 14:05:25'),(57,6,7,3,'2026-06-09 14:05:25'),(58,6,8,4,'2026-06-09 14:05:25'),(59,6,9,3,'2026-06-09 14:05:25'),(60,6,10,4,'2026-06-09 14:05:25'),(61,7,11,4,'2026-06-09 14:05:25'),(62,7,12,5,'2026-06-09 14:05:25'),(63,7,13,4,'2026-06-09 14:05:25'),(64,7,14,5,'2026-06-09 14:05:25'),(65,7,15,4,'2026-06-09 14:05:25'),(66,7,16,5,'2026-06-09 14:05:25'),(67,7,17,4,'2026-06-09 14:05:25'),(68,7,18,5,'2026-06-09 14:05:25'),(69,7,19,4,'2026-06-09 14:05:25'),(70,7,20,5,'2026-06-09 14:05:25'),(71,8,1,3,'2026-06-09 14:05:25'),(72,8,2,2,'2026-06-09 14:05:25'),(73,8,3,3,'2026-06-09 14:05:25'),(74,8,4,2,'2026-06-09 14:05:25'),(75,8,5,3,'2026-06-09 14:05:25'),(76,8,6,2,'2026-06-09 14:05:25'),(77,8,7,3,'2026-06-09 14:05:25'),(78,8,8,2,'2026-06-09 14:05:25'),(79,8,9,3,'2026-06-09 14:05:25'),(80,8,10,2,'2026-06-09 14:05:25'),(81,9,11,4,'2026-06-09 14:05:25'),(82,9,12,3,'2026-06-09 14:05:25'),(83,9,13,4,'2026-06-09 14:05:25'),(84,9,14,3,'2026-06-09 14:05:25'),(85,9,15,4,'2026-06-09 14:05:25'),(86,9,16,3,'2026-06-09 14:05:25'),(87,9,17,4,'2026-06-09 14:05:25'),(88,9,18,3,'2026-06-09 14:05:25'),(89,9,19,4,'2026-06-09 14:05:25'),(90,9,20,3,'2026-06-09 14:05:25'),(91,10,1,4,'2026-06-09 14:05:25'),(92,10,2,5,'2026-06-09 14:05:25'),(93,10,3,4,'2026-06-09 14:05:25'),(94,10,4,5,'2026-06-09 14:05:25'),(95,10,5,4,'2026-06-09 14:05:25'),(96,10,6,5,'2026-06-09 14:05:25'),(97,10,7,4,'2026-06-09 14:05:25'),(98,10,8,5,'2026-06-09 14:05:25'),(99,10,9,4,'2026-06-09 14:05:25'),(100,10,10,5,'2026-06-09 14:05:25'),(101,11,11,2,'2026-06-09 14:05:25'),(102,11,12,3,'2026-06-09 14:05:25'),(103,11,13,2,'2026-06-09 14:05:25'),(104,11,14,3,'2026-06-09 14:05:25'),(105,11,15,2,'2026-06-09 14:05:25'),(106,11,16,3,'2026-06-09 14:05:25'),(107,11,17,2,'2026-06-09 14:05:25'),(108,11,18,3,'2026-06-09 14:05:25'),(109,11,19,2,'2026-06-09 14:05:25'),(110,11,20,3,'2026-06-09 14:05:25'),(111,12,1,4,'2026-06-09 14:05:25'),(112,12,2,3,'2026-06-09 14:05:25'),(113,12,3,4,'2026-06-09 14:05:25'),(114,12,4,3,'2026-06-09 14:05:25'),(115,12,5,4,'2026-06-09 14:05:25'),(116,12,6,3,'2026-06-09 14:05:25'),(117,12,7,4,'2026-06-09 14:05:25'),(118,12,8,3,'2026-06-09 14:05:25'),(119,12,9,4,'2026-06-09 14:05:25'),(120,12,10,3,'2026-06-09 14:05:25'),(121,13,11,5,'2026-06-09 14:05:25'),(122,13,12,4,'2026-06-09 14:05:25'),(123,13,13,5,'2026-06-09 14:05:25'),(124,13,14,4,'2026-06-09 14:05:25'),(125,13,15,5,'2026-06-09 14:05:25'),(126,13,16,4,'2026-06-09 14:05:25'),(127,13,17,5,'2026-06-09 14:05:25'),(128,13,18,4,'2026-06-09 14:05:25'),(129,13,19,5,'2026-06-09 14:05:25'),(130,13,20,4,'2026-06-09 14:05:25'),(131,14,1,3,'2026-06-09 14:05:25'),(132,14,2,4,'2026-06-09 14:05:25'),(133,14,3,3,'2026-06-09 14:05:25'),(134,14,4,4,'2026-06-09 14:05:25'),(135,14,5,3,'2026-06-09 14:05:25'),(136,14,6,4,'2026-06-09 14:05:25'),(137,14,7,3,'2026-06-09 14:05:25'),(138,14,8,4,'2026-06-09 14:05:25'),(139,14,9,3,'2026-06-09 14:05:25'),(140,14,10,4,'2026-06-09 14:05:25'),(141,15,11,4,'2026-06-09 14:05:25'),(142,15,12,5,'2026-06-09 14:05:25'),(143,15,13,4,'2026-06-09 14:05:25'),(144,15,14,5,'2026-06-09 14:05:25'),(145,15,15,4,'2026-06-09 14:05:25'),(146,15,16,5,'2026-06-09 14:05:25'),(147,15,17,4,'2026-06-09 14:05:25'),(148,15,18,5,'2026-06-09 14:05:25'),(149,15,19,4,'2026-06-09 14:05:25'),(150,15,20,5,'2026-06-09 14:05:25'),(151,16,1,3,'2026-06-09 14:05:25'),(152,16,2,2,'2026-06-09 14:05:25'),(153,16,3,3,'2026-06-09 14:05:25'),(154,16,4,2,'2026-06-09 14:05:25'),(155,16,5,3,'2026-06-09 14:05:25'),(156,16,6,2,'2026-06-09 14:05:25'),(157,16,7,3,'2026-06-09 14:05:25'),(158,16,8,2,'2026-06-09 14:05:25'),(159,16,9,3,'2026-06-09 14:05:25'),(160,16,10,2,'2026-06-09 14:05:25'),(161,17,11,4,'2026-06-09 14:05:25'),(162,17,12,3,'2026-06-09 14:05:25'),(163,17,13,4,'2026-06-09 14:05:25'),(164,17,14,3,'2026-06-09 14:05:25'),(165,17,15,4,'2026-06-09 14:05:25'),(166,17,16,3,'2026-06-09 14:05:25'),(167,17,17,4,'2026-06-09 14:05:25'),(168,17,18,3,'2026-06-09 14:05:25'),(169,17,19,4,'2026-06-09 14:05:25'),(170,17,20,3,'2026-06-09 14:05:25'),(171,18,1,4,'2026-06-09 14:05:25'),(172,18,2,5,'2026-06-09 14:05:25'),(173,18,3,4,'2026-06-09 14:05:25'),(174,18,4,5,'2026-06-09 14:05:25'),(175,18,5,4,'2026-06-09 14:05:25'),(176,18,6,5,'2026-06-09 14:05:25'),(177,18,7,4,'2026-06-09 14:05:25'),(178,18,8,5,'2026-06-09 14:05:25'),(179,18,9,4,'2026-06-09 14:05:25'),(180,18,10,5,'2026-06-09 14:05:25'),(181,19,11,2,'2026-06-09 14:05:25'),(182,19,12,3,'2026-06-09 14:05:25'),(183,19,13,2,'2026-06-09 14:05:25'),(184,19,14,3,'2026-06-09 14:05:25'),(185,19,15,2,'2026-06-09 14:05:25'),(186,19,16,3,'2026-06-09 14:05:25'),(187,19,17,2,'2026-06-09 14:05:25'),(188,19,18,3,'2026-06-09 14:05:25'),(189,19,19,2,'2026-06-09 14:05:25'),(190,19,20,3,'2026-06-09 14:05:25'),(191,20,1,4,'2026-06-09 14:05:25'),(192,20,2,3,'2026-06-09 14:05:25'),(193,20,3,4,'2026-06-09 14:05:25'),(194,20,4,3,'2026-06-09 14:05:25'),(195,20,5,4,'2026-06-09 14:05:25'),(196,20,6,3,'2026-06-09 14:05:25'),(197,20,7,4,'2026-06-09 14:05:25'),(198,20,8,3,'2026-06-09 14:05:25'),(199,20,9,4,'2026-06-09 14:05:25'),(200,20,10,3,'2026-06-09 14:05:25'),(201,21,11,5,'2026-06-09 14:05:25'),(202,21,12,4,'2026-06-09 14:05:25'),(203,21,13,5,'2026-06-09 14:05:25'),(204,21,14,4,'2026-06-09 14:05:25'),(205,21,15,5,'2026-06-09 14:05:25'),(206,21,16,4,'2026-06-09 14:05:25'),(207,21,17,5,'2026-06-09 14:05:25'),(208,21,18,4,'2026-06-09 14:05:25'),(209,21,19,5,'2026-06-09 14:05:25'),(210,21,20,4,'2026-06-09 14:05:25'),(211,22,1,3,'2026-06-09 14:05:25'),(212,22,2,4,'2026-06-09 14:05:25'),(213,22,3,3,'2026-06-09 14:05:25'),(214,22,4,4,'2026-06-09 14:05:25'),(215,22,5,3,'2026-06-09 14:05:25'),(216,22,6,4,'2026-06-09 14:05:25'),(217,22,7,3,'2026-06-09 14:05:25'),(218,22,8,4,'2026-06-09 14:05:25'),(219,22,9,3,'2026-06-09 14:05:25'),(220,22,10,4,'2026-06-09 14:05:25'),(221,23,11,4,'2026-06-09 14:05:25'),(222,23,12,5,'2026-06-09 14:05:25'),(223,23,13,4,'2026-06-09 14:05:25'),(224,23,14,5,'2026-06-09 14:05:25'),(225,23,15,4,'2026-06-09 14:05:25'),(226,23,16,5,'2026-06-09 14:05:25'),(227,23,17,4,'2026-06-09 14:05:25'),(228,23,18,5,'2026-06-09 14:05:25'),(229,23,19,4,'2026-06-09 14:05:25'),(230,23,20,5,'2026-06-09 14:05:25'),(231,24,1,3,'2026-06-09 14:05:25'),(232,24,2,2,'2026-06-09 14:05:25'),(233,24,3,3,'2026-06-09 14:05:25'),(234,24,4,2,'2026-06-09 14:05:25'),(235,24,5,3,'2026-06-09 14:05:25'),(236,24,6,2,'2026-06-09 14:05:25'),(237,24,7,3,'2026-06-09 14:05:25'),(238,24,8,2,'2026-06-09 14:05:25'),(239,24,9,3,'2026-06-09 14:05:25'),(240,24,10,2,'2026-06-09 14:05:25'),(241,25,11,4,'2026-06-09 14:05:25'),(242,25,12,3,'2026-06-09 14:05:25'),(243,25,13,4,'2026-06-09 14:05:25'),(244,25,14,3,'2026-06-09 14:05:25'),(245,25,15,4,'2026-06-09 14:05:25'),(246,25,16,3,'2026-06-09 14:05:25'),(247,25,17,4,'2026-06-09 14:05:25'),(248,25,18,3,'2026-06-09 14:05:25'),(249,25,19,4,'2026-06-09 14:05:25'),(250,25,20,3,'2026-06-09 14:05:25'),(251,26,1,4,'2026-06-09 14:05:25'),(252,26,2,5,'2026-06-09 14:05:25'),(253,26,3,4,'2026-06-09 14:05:25'),(254,26,4,5,'2026-06-09 14:05:25'),(255,26,5,4,'2026-06-09 14:05:25'),(256,26,6,5,'2026-06-09 14:05:25'),(257,26,7,4,'2026-06-09 14:05:25'),(258,26,8,5,'2026-06-09 14:05:25'),(259,26,9,4,'2026-06-09 14:05:25'),(260,26,10,5,'2026-06-09 14:05:25'),(261,27,11,2,'2026-06-09 14:05:25'),(262,27,12,3,'2026-06-09 14:05:25'),(263,27,13,2,'2026-06-09 14:05:25'),(264,27,14,3,'2026-06-09 14:05:25'),(265,27,15,2,'2026-06-09 14:05:25'),(266,27,16,3,'2026-06-09 14:05:25'),(267,27,17,2,'2026-06-09 14:05:25'),(268,27,18,3,'2026-06-09 14:05:25'),(269,27,19,2,'2026-06-09 14:05:25'),(270,27,20,3,'2026-06-09 14:05:25'),(271,28,1,4,'2026-06-09 14:05:25'),(272,28,2,3,'2026-06-09 14:05:25'),(273,28,3,4,'2026-06-09 14:05:25'),(274,28,4,3,'2026-06-09 14:05:25'),(275,28,5,4,'2026-06-09 14:05:25'),(276,28,6,3,'2026-06-09 14:05:25'),(277,28,7,4,'2026-06-09 14:05:25'),(278,28,8,3,'2026-06-09 14:05:25'),(279,28,9,4,'2026-06-09 14:05:25'),(280,28,10,3,'2026-06-09 14:05:25'),(281,29,11,5,'2026-06-09 14:05:25'),(282,29,12,4,'2026-06-09 14:05:25'),(283,29,13,5,'2026-06-09 14:05:25'),(284,29,14,4,'2026-06-09 14:05:25'),(285,29,15,5,'2026-06-09 14:05:25'),(286,29,16,4,'2026-06-09 14:05:25'),(287,29,17,5,'2026-06-09 14:05:25'),(288,29,18,4,'2026-06-09 14:05:25'),(289,29,19,5,'2026-06-09 14:05:25'),(290,29,20,4,'2026-06-09 14:05:25'),(291,30,1,3,'2026-06-09 14:05:25'),(292,30,2,4,'2026-06-09 14:05:25'),(293,30,3,3,'2026-06-09 14:05:25'),(294,30,4,4,'2026-06-09 14:05:25'),(295,30,5,3,'2026-06-09 14:05:25'),(296,30,6,4,'2026-06-09 14:05:25'),(297,30,7,3,'2026-06-09 14:05:25'),(298,30,8,4,'2026-06-09 14:05:25'),(299,30,9,3,'2026-06-09 14:05:25'),(300,30,10,4,'2026-06-09 14:05:25'),(301,31,11,4,'2026-06-09 14:05:25'),(302,31,12,5,'2026-06-09 14:05:25'),(303,31,13,4,'2026-06-09 14:05:25'),(304,31,14,5,'2026-06-09 14:05:25'),(305,31,15,4,'2026-06-09 14:05:25'),(306,31,16,5,'2026-06-09 14:05:25'),(307,31,17,4,'2026-06-09 14:05:25'),(308,31,18,5,'2026-06-09 14:05:25'),(309,31,19,4,'2026-06-09 14:05:25'),(310,31,20,5,'2026-06-09 14:05:25'),(311,32,1,3,'2026-06-09 14:05:25'),(312,32,2,2,'2026-06-09 14:05:25'),(313,32,3,3,'2026-06-09 14:05:25'),(314,32,4,2,'2026-06-09 14:05:25'),(315,32,5,3,'2026-06-09 14:05:25'),(316,32,6,2,'2026-06-09 14:05:25'),(317,32,7,3,'2026-06-09 14:05:25'),(318,32,8,2,'2026-06-09 14:05:25'),(319,32,9,3,'2026-06-09 14:05:25'),(320,32,10,2,'2026-06-09 14:05:25'),(321,33,11,4,'2026-06-09 14:05:25'),(322,33,12,3,'2026-06-09 14:05:25'),(323,33,13,4,'2026-06-09 14:05:25'),(324,33,14,3,'2026-06-09 14:05:25'),(325,33,15,4,'2026-06-09 14:05:25'),(326,33,16,3,'2026-06-09 14:05:25'),(327,33,17,4,'2026-06-09 14:05:25'),(328,33,18,3,'2026-06-09 14:05:25'),(329,33,19,4,'2026-06-09 14:05:25'),(330,33,20,3,'2026-06-09 14:05:25'),(331,34,1,4,'2026-06-09 14:05:25'),(332,34,2,5,'2026-06-09 14:05:25'),(333,34,3,4,'2026-06-09 14:05:25'),(334,34,4,5,'2026-06-09 14:05:25'),(335,34,5,4,'2026-06-09 14:05:25'),(336,34,6,5,'2026-06-09 14:05:25'),(337,34,7,4,'2026-06-09 14:05:25'),(338,34,8,5,'2026-06-09 14:05:25'),(339,34,9,4,'2026-06-09 14:05:25'),(340,34,10,5,'2026-06-09 14:05:25'),(341,35,11,2,'2026-06-09 14:05:25'),(342,35,12,3,'2026-06-09 14:05:25'),(343,35,13,2,'2026-06-09 14:05:25'),(344,35,14,3,'2026-06-09 14:05:25'),(345,35,15,2,'2026-06-09 14:05:25'),(346,35,16,3,'2026-06-09 14:05:25'),(347,35,17,2,'2026-06-09 14:05:25'),(348,35,18,3,'2026-06-09 14:05:25'),(349,35,19,2,'2026-06-09 14:05:25'),(350,35,20,3,'2026-06-09 14:05:25'),(351,36,1,4,'2026-06-09 14:05:25'),(352,36,2,3,'2026-06-09 14:05:25'),(353,36,3,4,'2026-06-09 14:05:25'),(354,36,4,3,'2026-06-09 14:05:25'),(355,36,5,4,'2026-06-09 14:05:25'),(356,36,6,3,'2026-06-09 14:05:25'),(357,36,7,4,'2026-06-09 14:05:25'),(358,36,8,3,'2026-06-09 14:05:25'),(359,36,9,4,'2026-06-09 14:05:25'),(360,36,10,3,'2026-06-09 14:05:25'),(361,37,11,5,'2026-06-09 14:05:25'),(362,37,12,4,'2026-06-09 14:05:25'),(363,37,13,5,'2026-06-09 14:05:25'),(364,37,14,4,'2026-06-09 14:05:25'),(365,37,15,5,'2026-06-09 14:05:25'),(366,37,16,4,'2026-06-09 14:05:25'),(367,37,17,5,'2026-06-09 14:05:25'),(368,37,18,4,'2026-06-09 14:05:25'),(369,37,19,5,'2026-06-09 14:05:25'),(370,37,20,4,'2026-06-09 14:05:25'),(371,38,1,3,'2026-06-09 14:05:25'),(372,38,2,4,'2026-06-09 14:05:25'),(373,38,3,3,'2026-06-09 14:05:25'),(374,38,4,4,'2026-06-09 14:05:25'),(375,38,5,3,'2026-06-09 14:05:25'),(376,38,6,4,'2026-06-09 14:05:25'),(377,38,7,3,'2026-06-09 14:05:25'),(378,38,8,4,'2026-06-09 14:05:25'),(379,38,9,3,'2026-06-09 14:05:25'),(380,38,10,4,'2026-06-09 14:05:25'),(381,39,11,4,'2026-06-09 14:05:25'),(382,39,12,5,'2026-06-09 14:05:25'),(383,39,13,4,'2026-06-09 14:05:25'),(384,39,14,5,'2026-06-09 14:05:25'),(385,39,15,4,'2026-06-09 14:05:25'),(386,39,16,5,'2026-06-09 14:05:25'),(387,39,17,4,'2026-06-09 14:05:25'),(388,39,18,5,'2026-06-09 14:05:25'),(389,39,19,4,'2026-06-09 14:05:25'),(390,39,20,5,'2026-06-09 14:05:25'),(391,40,1,3,'2026-06-09 14:05:25'),(392,40,2,2,'2026-06-09 14:05:25'),(393,40,3,3,'2026-06-09 14:05:25'),(394,40,4,2,'2026-06-09 14:05:25'),(395,40,5,3,'2026-06-09 14:05:25'),(396,40,6,2,'2026-06-09 14:05:25'),(397,40,7,3,'2026-06-09 14:05:25'),(398,40,8,2,'2026-06-09 14:05:25'),(399,40,9,3,'2026-06-09 14:05:25'),(400,40,10,2,'2026-06-09 14:05:25'),(401,41,11,4,'2026-06-09 14:05:25'),(402,41,12,3,'2026-06-09 14:05:25'),(403,41,13,4,'2026-06-09 14:05:25'),(404,41,14,3,'2026-06-09 14:05:25'),(405,41,15,4,'2026-06-09 14:05:25'),(406,41,16,3,'2026-06-09 14:05:25'),(407,41,17,4,'2026-06-09 14:05:25'),(408,41,18,3,'2026-06-09 14:05:25'),(409,41,19,4,'2026-06-09 14:05:25'),(410,41,20,3,'2026-06-09 14:05:25'),(411,42,1,4,'2026-06-09 14:05:25'),(412,42,2,5,'2026-06-09 14:05:25'),(413,42,3,4,'2026-06-09 14:05:25'),(414,42,4,5,'2026-06-09 14:05:25'),(415,42,5,4,'2026-06-09 14:05:25'),(416,42,6,5,'2026-06-09 14:05:25'),(417,42,7,4,'2026-06-09 14:05:25'),(418,42,8,5,'2026-06-09 14:05:25'),(419,42,9,4,'2026-06-09 14:05:25'),(420,42,10,5,'2026-06-09 14:05:25'),(421,43,11,2,'2026-06-09 14:05:25'),(422,43,12,3,'2026-06-09 14:05:25'),(423,43,13,2,'2026-06-09 14:05:25'),(424,43,14,3,'2026-06-09 14:05:25'),(425,43,15,2,'2026-06-09 14:05:25'),(426,43,16,3,'2026-06-09 14:05:25'),(427,43,17,2,'2026-06-09 14:05:25'),(428,43,18,3,'2026-06-09 14:05:25'),(429,43,19,2,'2026-06-09 14:05:25'),(430,43,20,3,'2026-06-09 14:05:25'),(431,44,1,4,'2026-06-09 14:05:25'),(432,44,2,3,'2026-06-09 14:05:25'),(433,44,3,4,'2026-06-09 14:05:25'),(434,44,4,3,'2026-06-09 14:05:25'),(435,44,5,4,'2026-06-09 14:05:25'),(436,44,6,3,'2026-06-09 14:05:25'),(437,44,7,4,'2026-06-09 14:05:25'),(438,44,8,3,'2026-06-09 14:05:25'),(439,44,9,4,'2026-06-09 14:05:25'),(440,44,10,3,'2026-06-09 14:05:25'),(441,45,11,5,'2026-06-09 14:05:25'),(442,45,12,4,'2026-06-09 14:05:25'),(443,45,13,5,'2026-06-09 14:05:25'),(444,45,14,4,'2026-06-09 14:05:25'),(445,45,15,5,'2026-06-09 14:05:25'),(446,45,16,4,'2026-06-09 14:05:25'),(447,45,17,5,'2026-06-09 14:05:25'),(448,45,18,4,'2026-06-09 14:05:25'),(449,45,19,5,'2026-06-09 14:05:25'),(450,45,20,4,'2026-06-09 14:05:25'),(451,46,1,3,'2026-06-09 14:05:25'),(452,46,2,4,'2026-06-09 14:05:25'),(453,46,3,3,'2026-06-09 14:05:25'),(454,46,4,4,'2026-06-09 14:05:25'),(455,46,5,3,'2026-06-09 14:05:25'),(456,46,6,4,'2026-06-09 14:05:25'),(457,46,7,3,'2026-06-09 14:05:25'),(458,46,8,4,'2026-06-09 14:05:25'),(459,46,9,3,'2026-06-09 14:05:25'),(460,46,10,4,'2026-06-09 14:05:25'),(461,47,11,4,'2026-06-09 14:05:25'),(462,47,12,5,'2026-06-09 14:05:25'),(463,47,13,4,'2026-06-09 14:05:25'),(464,47,14,5,'2026-06-09 14:05:25'),(465,47,15,4,'2026-06-09 14:05:25'),(466,47,16,5,'2026-06-09 14:05:25'),(467,47,17,4,'2026-06-09 14:05:25'),(468,47,18,5,'2026-06-09 14:05:25'),(469,47,19,4,'2026-06-09 14:05:25'),(470,47,20,5,'2026-06-09 14:05:25'),(471,48,1,3,'2026-06-09 14:05:25'),(472,48,2,2,'2026-06-09 14:05:25'),(473,48,3,3,'2026-06-09 14:05:25'),(474,48,4,2,'2026-06-09 14:05:25'),(475,48,5,3,'2026-06-09 14:05:25'),(476,48,6,2,'2026-06-09 14:05:25'),(477,48,7,3,'2026-06-09 14:05:25'),(478,48,8,2,'2026-06-09 14:05:25'),(479,48,9,3,'2026-06-09 14:05:25'),(480,48,10,2,'2026-06-09 14:05:25'),(481,49,11,4,'2026-06-09 14:05:25'),(482,49,12,3,'2026-06-09 14:05:25'),(483,49,13,4,'2026-06-09 14:05:25'),(484,49,14,3,'2026-06-09 14:05:25'),(485,49,15,4,'2026-06-09 14:05:25'),(486,49,16,3,'2026-06-09 14:05:25'),(487,49,17,4,'2026-06-09 14:05:25'),(488,49,18,3,'2026-06-09 14:05:25'),(489,49,19,4,'2026-06-09 14:05:25'),(490,49,20,3,'2026-06-09 14:05:25'),(491,50,1,4,'2026-06-09 14:05:25'),(492,50,2,5,'2026-06-09 14:05:25'),(493,50,3,4,'2026-06-09 14:05:25'),(494,50,4,5,'2026-06-09 14:05:25'),(495,50,5,4,'2026-06-09 14:05:25'),(496,50,6,5,'2026-06-09 14:05:25'),(497,50,7,4,'2026-06-09 14:05:25'),(498,50,8,5,'2026-06-09 14:05:25'),(499,50,9,4,'2026-06-09 14:05:25'),(500,50,10,5,'2026-06-09 14:05:25'),(501,51,11,2,'2026-06-09 14:05:25'),(502,51,12,3,'2026-06-09 14:05:25'),(503,51,13,2,'2026-06-09 14:05:25'),(504,51,14,3,'2026-06-09 14:05:25'),(505,51,15,2,'2026-06-09 14:05:25'),(506,51,16,3,'2026-06-09 14:05:25'),(507,51,17,2,'2026-06-09 14:05:25'),(508,51,18,3,'2026-06-09 14:05:25'),(509,51,19,2,'2026-06-09 14:05:25'),(510,51,20,3,'2026-06-09 14:05:25'),(511,52,1,4,'2026-06-09 14:05:25'),(512,52,2,3,'2026-06-09 14:05:25'),(513,52,3,4,'2026-06-09 14:05:25'),(514,52,4,3,'2026-06-09 14:05:25'),(515,52,5,4,'2026-06-09 14:05:25'),(516,52,6,3,'2026-06-09 14:05:25'),(517,52,7,4,'2026-06-09 14:05:25'),(518,52,8,3,'2026-06-09 14:05:25'),(519,52,9,4,'2026-06-09 14:05:25'),(520,52,10,3,'2026-06-09 14:05:25'),(521,53,11,5,'2026-06-09 14:05:25'),(522,53,12,4,'2026-06-09 14:05:25'),(523,53,13,5,'2026-06-09 14:05:25'),(524,53,14,4,'2026-06-09 14:05:25'),(525,53,15,5,'2026-06-09 14:05:25'),(526,53,16,4,'2026-06-09 14:05:25'),(527,53,17,5,'2026-06-09 14:05:25'),(528,53,18,4,'2026-06-09 14:05:25'),(529,53,19,5,'2026-06-09 14:05:25'),(530,53,20,4,'2026-06-09 14:05:25'),(531,54,1,3,'2026-06-09 14:05:25'),(532,54,2,4,'2026-06-09 14:05:25'),(533,54,3,3,'2026-06-09 14:05:25'),(534,54,4,4,'2026-06-09 14:05:25'),(535,54,5,3,'2026-06-09 14:05:25'),(536,54,6,4,'2026-06-09 14:05:25'),(537,54,7,3,'2026-06-09 14:05:25'),(538,54,8,4,'2026-06-09 14:05:25'),(539,54,9,3,'2026-06-09 14:05:25'),(540,54,10,4,'2026-06-09 14:05:25'),(541,55,11,4,'2026-06-09 14:05:25'),(542,55,12,5,'2026-06-09 14:05:25'),(543,55,13,4,'2026-06-09 14:05:25'),(544,55,14,5,'2026-06-09 14:05:25'),(545,55,15,4,'2026-06-09 14:05:25'),(546,55,16,5,'2026-06-09 14:05:25'),(547,55,17,4,'2026-06-09 14:05:25'),(548,55,18,5,'2026-06-09 14:05:25'),(549,55,19,4,'2026-06-09 14:05:25'),(550,55,20,5,'2026-06-09 14:05:25'),(551,56,1,3,'2026-06-09 14:05:25'),(552,56,2,2,'2026-06-09 14:05:25'),(553,56,3,3,'2026-06-09 14:05:25'),(554,56,4,2,'2026-06-09 14:05:25'),(555,56,5,3,'2026-06-09 14:05:25'),(556,56,6,2,'2026-06-09 14:05:25'),(557,56,7,3,'2026-06-09 14:05:25'),(558,56,8,2,'2026-06-09 14:05:25'),(559,56,9,3,'2026-06-09 14:05:25'),(560,56,10,2,'2026-06-09 14:05:25'),(561,57,11,4,'2026-06-09 14:05:25'),(562,57,12,3,'2026-06-09 14:05:25'),(563,57,13,4,'2026-06-09 14:05:25'),(564,57,14,3,'2026-06-09 14:05:25'),(565,57,15,4,'2026-06-09 14:05:25'),(566,57,16,3,'2026-06-09 14:05:25'),(567,57,17,4,'2026-06-09 14:05:25'),(568,57,18,3,'2026-06-09 14:05:25'),(569,57,19,4,'2026-06-09 14:05:25'),(570,57,20,3,'2026-06-09 14:05:25'),(571,58,1,4,'2026-06-09 14:05:25'),(572,58,2,5,'2026-06-09 14:05:25'),(573,58,3,4,'2026-06-09 14:05:25'),(574,58,4,5,'2026-06-09 14:05:25'),(575,58,5,4,'2026-06-09 14:05:25'),(576,58,6,5,'2026-06-09 14:05:25'),(577,58,7,4,'2026-06-09 14:05:25'),(578,58,8,5,'2026-06-09 14:05:25'),(579,58,9,4,'2026-06-09 14:05:25'),(580,58,10,5,'2026-06-09 14:05:25'),(581,59,11,2,'2026-06-09 14:05:25'),(582,59,12,3,'2026-06-09 14:05:25'),(583,59,13,2,'2026-06-09 14:05:25'),(584,59,14,3,'2026-06-09 14:05:25'),(585,59,15,2,'2026-06-09 14:05:25'),(586,59,16,3,'2026-06-09 14:05:25'),(587,59,17,2,'2026-06-09 14:05:25'),(588,59,18,3,'2026-06-09 14:05:25'),(589,59,19,2,'2026-06-09 14:05:25'),(590,59,20,3,'2026-06-09 14:05:25'),(591,60,1,4,'2026-06-09 14:05:25'),(592,60,2,3,'2026-06-09 14:05:25'),(593,60,3,4,'2026-06-09 14:05:25'),(594,60,4,3,'2026-06-09 14:05:25'),(595,60,5,4,'2026-06-09 14:05:25'),(596,60,6,3,'2026-06-09 14:05:25'),(597,60,7,4,'2026-06-09 14:05:25'),(598,60,8,3,'2026-06-09 14:05:25'),(599,60,9,4,'2026-06-09 14:05:25'),(600,60,10,3,'2026-06-09 14:05:25'),(601,61,11,5,'2026-06-09 14:05:25'),(602,61,12,4,'2026-06-09 14:05:25'),(603,61,13,5,'2026-06-09 14:05:25'),(604,61,14,4,'2026-06-09 14:05:25'),(605,61,15,5,'2026-06-09 14:05:25'),(606,61,16,4,'2026-06-09 14:05:25'),(607,61,17,5,'2026-06-09 14:05:25'),(608,61,18,4,'2026-06-09 14:05:25'),(609,61,19,5,'2026-06-09 14:05:25'),(610,61,20,4,'2026-06-09 14:05:25'),(611,62,1,3,'2026-06-09 14:05:25'),(612,62,2,4,'2026-06-09 14:05:25'),(613,62,3,3,'2026-06-09 14:05:25'),(614,62,4,4,'2026-06-09 14:05:25'),(615,62,5,3,'2026-06-09 14:05:25'),(616,62,6,4,'2026-06-09 14:05:25'),(617,62,7,3,'2026-06-09 14:05:25'),(618,62,8,4,'2026-06-09 14:05:25'),(619,62,9,3,'2026-06-09 14:05:25'),(620,62,10,4,'2026-06-09 14:05:25'),(621,63,11,4,'2026-06-09 14:05:25'),(622,63,12,5,'2026-06-09 14:05:25'),(623,63,13,4,'2026-06-09 14:05:25'),(624,63,14,5,'2026-06-09 14:05:25'),(625,63,15,4,'2026-06-09 14:05:25'),(626,63,16,5,'2026-06-09 14:05:25'),(627,63,17,4,'2026-06-09 14:05:25'),(628,63,18,5,'2026-06-09 14:05:25'),(629,63,19,4,'2026-06-09 14:05:25'),(630,63,20,5,'2026-06-09 14:05:25'),(631,64,1,3,'2026-06-09 14:05:25'),(632,64,2,2,'2026-06-09 14:05:25'),(633,64,3,3,'2026-06-09 14:05:25'),(634,64,4,2,'2026-06-09 14:05:25'),(635,64,5,3,'2026-06-09 14:05:25'),(636,64,6,2,'2026-06-09 14:05:25'),(637,64,7,3,'2026-06-09 14:05:25'),(638,64,8,2,'2026-06-09 14:05:25'),(639,64,9,3,'2026-06-09 14:05:25'),(640,64,10,2,'2026-06-09 14:05:25'),(641,65,11,4,'2026-06-09 14:05:25'),(642,65,12,3,'2026-06-09 14:05:25'),(643,65,13,4,'2026-06-09 14:05:25'),(644,65,14,3,'2026-06-09 14:05:25'),(645,65,15,4,'2026-06-09 14:05:25'),(646,65,16,3,'2026-06-09 14:05:25'),(647,65,17,4,'2026-06-09 14:05:25'),(648,65,18,3,'2026-06-09 14:05:25'),(649,65,19,4,'2026-06-09 14:05:25'),(650,65,20,3,'2026-06-09 14:05:25'),(651,66,1,4,'2026-06-09 14:05:25'),(652,66,2,5,'2026-06-09 14:05:25'),(653,66,3,4,'2026-06-09 14:05:25'),(654,66,4,5,'2026-06-09 14:05:25'),(655,66,5,4,'2026-06-09 14:05:25'),(656,66,6,5,'2026-06-09 14:05:25'),(657,66,7,4,'2026-06-09 14:05:25'),(658,66,8,5,'2026-06-09 14:05:25'),(659,66,9,4,'2026-06-09 14:05:25'),(660,66,10,5,'2026-06-09 14:05:25'),(661,67,11,2,'2026-06-09 14:05:25'),(662,67,12,3,'2026-06-09 14:05:25'),(663,67,13,2,'2026-06-09 14:05:25'),(664,67,14,3,'2026-06-09 14:05:25'),(665,67,15,2,'2026-06-09 14:05:25'),(666,67,16,3,'2026-06-09 14:05:25'),(667,67,17,2,'2026-06-09 14:05:25'),(668,67,18,3,'2026-06-09 14:05:25'),(669,67,19,2,'2026-06-09 14:05:25'),(670,67,20,3,'2026-06-09 14:05:25'),(671,68,1,4,'2026-06-09 14:05:26'),(672,68,2,3,'2026-06-09 14:05:26'),(673,68,3,4,'2026-06-09 14:05:26'),(674,68,4,3,'2026-06-09 14:05:26'),(675,68,5,4,'2026-06-09 14:05:26'),(676,68,6,3,'2026-06-09 14:05:26'),(677,68,7,4,'2026-06-09 14:05:26'),(678,68,8,3,'2026-06-09 14:05:26'),(679,68,9,4,'2026-06-09 14:05:26'),(680,68,10,3,'2026-06-09 14:05:26'),(681,69,11,5,'2026-06-09 14:05:26'),(682,69,12,4,'2026-06-09 14:05:26'),(683,69,13,5,'2026-06-09 14:05:26'),(684,69,14,4,'2026-06-09 14:05:26'),(685,69,15,5,'2026-06-09 14:05:26'),(686,69,16,4,'2026-06-09 14:05:26'),(687,69,17,5,'2026-06-09 14:05:26'),(688,69,18,4,'2026-06-09 14:05:26'),(689,69,19,5,'2026-06-09 14:05:26'),(690,69,20,4,'2026-06-09 14:05:26'),(691,70,1,3,'2026-06-09 14:05:26'),(692,70,2,4,'2026-06-09 14:05:26'),(693,70,3,3,'2026-06-09 14:05:26'),(694,70,4,4,'2026-06-09 14:05:26'),(695,70,5,3,'2026-06-09 14:05:26'),(696,70,6,4,'2026-06-09 14:05:26'),(697,70,7,3,'2026-06-09 14:05:26'),(698,70,8,4,'2026-06-09 14:05:26'),(699,70,9,3,'2026-06-09 14:05:26'),(700,70,10,4,'2026-06-09 14:05:26'),(701,71,11,4,'2026-06-09 14:05:26'),(702,71,12,5,'2026-06-09 14:05:26'),(703,71,13,4,'2026-06-09 14:05:26'),(704,71,14,5,'2026-06-09 14:05:26'),(705,71,15,4,'2026-06-09 14:05:26'),(706,71,16,5,'2026-06-09 14:05:26'),(707,71,17,4,'2026-06-09 14:05:26'),(708,71,18,5,'2026-06-09 14:05:26'),(709,71,19,4,'2026-06-09 14:05:26'),(710,71,20,5,'2026-06-09 14:05:26'),(711,72,1,3,'2026-06-09 14:05:26'),(712,72,2,2,'2026-06-09 14:05:26'),(713,72,3,3,'2026-06-09 14:05:26'),(714,72,4,2,'2026-06-09 14:05:26'),(715,72,5,3,'2026-06-09 14:05:26'),(716,72,6,2,'2026-06-09 14:05:26'),(717,72,7,3,'2026-06-09 14:05:26'),(718,72,8,2,'2026-06-09 14:05:26'),(719,72,9,3,'2026-06-09 14:05:26'),(720,72,10,2,'2026-06-09 14:05:26'),(721,73,11,4,'2026-06-09 14:05:26'),(722,73,12,3,'2026-06-09 14:05:26'),(723,73,13,4,'2026-06-09 14:05:26'),(724,73,14,3,'2026-06-09 14:05:26'),(725,73,15,4,'2026-06-09 14:05:26'),(726,73,16,3,'2026-06-09 14:05:26'),(727,73,17,4,'2026-06-09 14:05:26'),(728,73,18,3,'2026-06-09 14:05:26'),(729,73,19,4,'2026-06-09 14:05:26'),(730,73,20,3,'2026-06-09 14:05:26'),(731,74,1,4,'2026-06-09 14:05:26'),(732,74,2,5,'2026-06-09 14:05:26'),(733,74,3,4,'2026-06-09 14:05:26'),(734,74,4,5,'2026-06-09 14:05:26'),(735,74,5,4,'2026-06-09 14:05:26'),(736,74,6,5,'2026-06-09 14:05:26'),(737,74,7,4,'2026-06-09 14:05:26'),(738,74,8,5,'2026-06-09 14:05:26'),(739,74,9,4,'2026-06-09 14:05:26'),(740,74,10,5,'2026-06-09 14:05:26'),(741,75,11,2,'2026-06-09 14:05:26'),(742,75,12,3,'2026-06-09 14:05:26'),(743,75,13,2,'2026-06-09 14:05:26'),(744,75,14,3,'2026-06-09 14:05:26'),(745,75,15,2,'2026-06-09 14:05:26'),(746,75,16,3,'2026-06-09 14:05:26'),(747,75,17,2,'2026-06-09 14:05:26'),(748,75,18,3,'2026-06-09 14:05:26'),(749,75,19,2,'2026-06-09 14:05:26'),(750,75,20,3,'2026-06-09 14:05:26'),(751,76,1,4,'2026-06-09 14:05:26'),(752,76,2,3,'2026-06-09 14:05:26'),(753,76,3,4,'2026-06-09 14:05:26'),(754,76,4,3,'2026-06-09 14:05:26'),(755,76,5,4,'2026-06-09 14:05:26'),(756,76,6,3,'2026-06-09 14:05:26'),(757,76,7,4,'2026-06-09 14:05:26'),(758,76,8,3,'2026-06-09 14:05:26'),(759,76,9,4,'2026-06-09 14:05:26'),(760,76,10,3,'2026-06-09 14:05:26'),(761,77,11,5,'2026-06-09 14:05:26'),(762,77,12,4,'2026-06-09 14:05:26'),(763,77,13,5,'2026-06-09 14:05:26'),(764,77,14,4,'2026-06-09 14:05:26'),(765,77,15,5,'2026-06-09 14:05:26'),(766,77,16,4,'2026-06-09 14:05:26'),(767,77,17,5,'2026-06-09 14:05:26'),(768,77,18,4,'2026-06-09 14:05:26'),(769,77,19,5,'2026-06-09 14:05:26'),(770,77,20,4,'2026-06-09 14:05:26'),(771,78,1,3,'2026-06-09 14:05:26'),(772,78,2,4,'2026-06-09 14:05:26'),(773,78,3,3,'2026-06-09 14:05:26'),(774,78,4,4,'2026-06-09 14:05:26'),(775,78,5,3,'2026-06-09 14:05:26'),(776,78,6,4,'2026-06-09 14:05:26'),(777,78,7,3,'2026-06-09 14:05:26'),(778,78,8,4,'2026-06-09 14:05:26'),(779,78,9,3,'2026-06-09 14:05:26'),(780,78,10,4,'2026-06-09 14:05:26'),(781,79,11,4,'2026-06-09 14:05:26'),(782,79,12,5,'2026-06-09 14:05:26'),(783,79,13,4,'2026-06-09 14:05:26'),(784,79,14,5,'2026-06-09 14:05:26'),(785,79,15,4,'2026-06-09 14:05:26'),(786,79,16,5,'2026-06-09 14:05:26'),(787,79,17,4,'2026-06-09 14:05:26'),(788,79,18,5,'2026-06-09 14:05:26'),(789,79,19,4,'2026-06-09 14:05:26'),(790,79,20,5,'2026-06-09 14:05:26'),(791,80,1,3,'2026-06-09 14:05:26'),(792,80,2,2,'2026-06-09 14:05:26'),(793,80,3,3,'2026-06-09 14:05:26'),(794,80,4,2,'2026-06-09 14:05:26'),(795,80,5,3,'2026-06-09 14:05:26'),(796,80,6,2,'2026-06-09 14:05:26'),(797,80,7,3,'2026-06-09 14:05:26'),(798,80,8,2,'2026-06-09 14:05:26'),(799,80,9,3,'2026-06-09 14:05:26'),(800,80,10,2,'2026-06-09 14:05:26'),(801,81,11,4,'2026-06-09 14:05:26'),(802,81,12,3,'2026-06-09 14:05:26'),(803,81,13,4,'2026-06-09 14:05:26'),(804,81,14,3,'2026-06-09 14:05:26'),(805,81,15,4,'2026-06-09 14:05:26'),(806,81,16,3,'2026-06-09 14:05:26'),(807,81,17,4,'2026-06-09 14:05:26'),(808,81,18,3,'2026-06-09 14:05:26'),(809,81,19,4,'2026-06-09 14:05:26'),(810,81,20,3,'2026-06-09 14:05:26'),(811,82,1,4,'2026-06-09 14:05:26'),(812,82,2,5,'2026-06-09 14:05:26'),(813,82,3,4,'2026-06-09 14:05:26'),(814,82,4,5,'2026-06-09 14:05:26'),(815,82,5,4,'2026-06-09 14:05:26'),(816,82,6,5,'2026-06-09 14:05:26'),(817,82,7,4,'2026-06-09 14:05:26'),(818,82,8,5,'2026-06-09 14:05:26'),(819,82,9,4,'2026-06-09 14:05:26'),(820,82,10,5,'2026-06-09 14:05:26'),(821,83,11,2,'2026-06-09 14:05:26'),(822,83,12,3,'2026-06-09 14:05:26'),(823,83,13,2,'2026-06-09 14:05:26'),(824,83,14,3,'2026-06-09 14:05:26'),(825,83,15,2,'2026-06-09 14:05:26'),(826,83,16,3,'2026-06-09 14:05:26'),(827,83,17,2,'2026-06-09 14:05:26'),(828,83,18,3,'2026-06-09 14:05:26'),(829,83,19,2,'2026-06-09 14:05:26'),(830,83,20,3,'2026-06-09 14:05:26'),(831,84,1,4,'2026-06-09 14:05:26'),(832,84,2,3,'2026-06-09 14:05:26'),(833,84,3,4,'2026-06-09 14:05:26'),(834,84,4,3,'2026-06-09 14:05:26'),(835,84,5,4,'2026-06-09 14:05:26'),(836,84,6,3,'2026-06-09 14:05:26'),(837,84,7,4,'2026-06-09 14:05:26'),(838,84,8,3,'2026-06-09 14:05:26'),(839,84,9,4,'2026-06-09 14:05:26'),(840,84,10,3,'2026-06-09 14:05:26'),(841,85,11,5,'2026-06-09 14:05:26'),(842,85,12,4,'2026-06-09 14:05:26'),(843,85,13,5,'2026-06-09 14:05:26'),(844,85,14,4,'2026-06-09 14:05:26'),(845,85,15,5,'2026-06-09 14:05:26'),(846,85,16,4,'2026-06-09 14:05:26'),(847,85,17,5,'2026-06-09 14:05:26'),(848,85,18,4,'2026-06-09 14:05:26'),(849,85,19,5,'2026-06-09 14:05:26'),(850,85,20,4,'2026-06-09 14:05:26'),(851,86,1,3,'2026-06-09 14:05:26'),(852,86,2,4,'2026-06-09 14:05:26'),(853,86,3,3,'2026-06-09 14:05:26'),(854,86,4,4,'2026-06-09 14:05:26'),(855,86,5,3,'2026-06-09 14:05:26'),(856,86,6,4,'2026-06-09 14:05:26'),(857,86,7,3,'2026-06-09 14:05:26'),(858,86,8,4,'2026-06-09 14:05:26'),(859,86,9,3,'2026-06-09 14:05:26'),(860,86,10,4,'2026-06-09 14:05:26'),(861,87,11,4,'2026-06-09 14:05:26'),(862,87,12,5,'2026-06-09 14:05:26'),(863,87,13,4,'2026-06-09 14:05:26'),(864,87,14,5,'2026-06-09 14:05:26'),(865,87,15,4,'2026-06-09 14:05:26'),(866,87,16,5,'2026-06-09 14:05:26'),(867,87,17,4,'2026-06-09 14:05:26'),(868,87,18,5,'2026-06-09 14:05:26'),(869,87,19,4,'2026-06-09 14:05:26'),(870,87,20,5,'2026-06-09 14:05:26'),(871,88,1,3,'2026-06-09 14:05:26'),(872,88,2,2,'2026-06-09 14:05:26'),(873,88,3,3,'2026-06-09 14:05:26'),(874,88,4,2,'2026-06-09 14:05:26'),(875,88,5,3,'2026-06-09 14:05:26'),(876,88,6,2,'2026-06-09 14:05:26'),(877,88,7,3,'2026-06-09 14:05:26'),(878,88,8,2,'2026-06-09 14:05:26'),(879,88,9,3,'2026-06-09 14:05:26'),(880,88,10,2,'2026-06-09 14:05:26'),(881,89,11,4,'2026-06-09 14:05:26'),(882,89,12,3,'2026-06-09 14:05:26'),(883,89,13,4,'2026-06-09 14:05:26'),(884,89,14,3,'2026-06-09 14:05:26'),(885,89,15,4,'2026-06-09 14:05:26'),(886,89,16,3,'2026-06-09 14:05:26'),(887,89,17,4,'2026-06-09 14:05:26'),(888,89,18,3,'2026-06-09 14:05:26'),(889,89,19,4,'2026-06-09 14:05:26'),(890,89,20,3,'2026-06-09 14:05:26'),(891,90,1,4,'2026-06-09 14:05:26'),(892,90,2,5,'2026-06-09 14:05:26'),(893,90,3,4,'2026-06-09 14:05:26'),(894,90,4,5,'2026-06-09 14:05:26'),(895,90,5,4,'2026-06-09 14:05:26'),(896,90,6,5,'2026-06-09 14:05:26'),(897,90,7,4,'2026-06-09 14:05:26'),(898,90,8,5,'2026-06-09 14:05:26'),(899,90,9,4,'2026-06-09 14:05:26'),(900,90,10,5,'2026-06-09 14:05:26'),(901,91,11,2,'2026-06-09 14:05:26'),(902,91,12,3,'2026-06-09 14:05:26'),(903,91,13,2,'2026-06-09 14:05:26'),(904,91,14,3,'2026-06-09 14:05:26'),(905,91,15,2,'2026-06-09 14:05:26'),(906,91,16,3,'2026-06-09 14:05:26'),(907,91,17,2,'2026-06-09 14:05:26'),(908,91,18,3,'2026-06-09 14:05:26'),(909,91,19,2,'2026-06-09 14:05:26'),(910,91,20,3,'2026-06-09 14:05:26'),(911,92,1,4,'2026-06-09 14:05:26'),(912,92,2,3,'2026-06-09 14:05:26'),(913,92,3,4,'2026-06-09 14:05:26'),(914,92,4,3,'2026-06-09 14:05:26'),(915,92,5,4,'2026-06-09 14:05:26'),(916,92,6,3,'2026-06-09 14:05:26'),(917,92,7,4,'2026-06-09 14:05:26'),(918,92,8,3,'2026-06-09 14:05:26'),(919,92,9,4,'2026-06-09 14:05:26'),(920,92,10,3,'2026-06-09 14:05:26'),(921,93,11,5,'2026-06-09 14:05:26'),(922,93,12,4,'2026-06-09 14:05:26'),(923,93,13,5,'2026-06-09 14:05:26'),(924,93,14,4,'2026-06-09 14:05:26'),(925,93,15,5,'2026-06-09 14:05:26'),(926,93,16,4,'2026-06-09 14:05:26'),(927,93,17,5,'2026-06-09 14:05:26'),(928,93,18,4,'2026-06-09 14:05:26'),(929,93,19,5,'2026-06-09 14:05:26'),(930,93,20,4,'2026-06-09 14:05:26'),(931,94,1,3,'2026-06-09 14:05:26'),(932,94,2,4,'2026-06-09 14:05:26'),(933,94,3,3,'2026-06-09 14:05:26'),(934,94,4,4,'2026-06-09 14:05:26'),(935,94,5,3,'2026-06-09 14:05:26'),(936,94,6,4,'2026-06-09 14:05:26'),(937,94,7,3,'2026-06-09 14:05:26'),(938,94,8,4,'2026-06-09 14:05:26'),(939,94,9,3,'2026-06-09 14:05:26'),(940,94,10,4,'2026-06-09 14:05:26'),(941,95,11,4,'2026-06-09 14:05:26'),(942,95,12,5,'2026-06-09 14:05:26'),(943,95,13,4,'2026-06-09 14:05:26'),(944,95,14,5,'2026-06-09 14:05:26'),(945,95,15,4,'2026-06-09 14:05:26'),(946,95,16,5,'2026-06-09 14:05:26'),(947,95,17,4,'2026-06-09 14:05:26'),(948,95,18,5,'2026-06-09 14:05:26'),(949,95,19,4,'2026-06-09 14:05:26'),(950,95,20,5,'2026-06-09 14:05:26'),(951,96,1,3,'2026-06-09 14:05:26'),(952,96,2,2,'2026-06-09 14:05:26'),(953,96,3,3,'2026-06-09 14:05:26'),(954,96,4,2,'2026-06-09 14:05:26'),(955,96,5,3,'2026-06-09 14:05:26'),(956,96,6,2,'2026-06-09 14:05:26'),(957,96,7,3,'2026-06-09 14:05:26'),(958,96,8,2,'2026-06-09 14:05:26'),(959,96,9,3,'2026-06-09 14:05:26'),(960,96,10,2,'2026-06-09 14:05:26'),(961,97,11,4,'2026-06-09 14:05:26'),(962,97,12,3,'2026-06-09 14:05:26'),(963,97,13,4,'2026-06-09 14:05:26'),(964,97,14,3,'2026-06-09 14:05:26'),(965,97,15,4,'2026-06-09 14:05:26'),(966,97,16,3,'2026-06-09 14:05:26'),(967,97,17,4,'2026-06-09 14:05:26'),(968,97,18,3,'2026-06-09 14:05:26'),(969,97,19,4,'2026-06-09 14:05:26'),(970,97,20,3,'2026-06-09 14:05:26'),(971,98,1,4,'2026-06-09 14:05:26'),(972,98,2,5,'2026-06-09 14:05:26'),(973,98,3,4,'2026-06-09 14:05:26'),(974,98,4,5,'2026-06-09 14:05:26'),(975,98,5,4,'2026-06-09 14:05:26'),(976,98,6,5,'2026-06-09 14:05:26'),(977,98,7,4,'2026-06-09 14:05:26'),(978,98,8,5,'2026-06-09 14:05:26'),(979,98,9,4,'2026-06-09 14:05:26'),(980,98,10,5,'2026-06-09 14:05:26'),(981,99,11,2,'2026-06-09 14:05:26'),(982,99,12,3,'2026-06-09 14:05:26'),(983,99,13,2,'2026-06-09 14:05:26'),(984,99,14,3,'2026-06-09 14:05:26'),(985,99,15,2,'2026-06-09 14:05:26'),(986,99,16,3,'2026-06-09 14:05:26'),(987,99,17,2,'2026-06-09 14:05:26'),(988,99,18,3,'2026-06-09 14:05:26'),(989,99,19,2,'2026-06-09 14:05:26'),(990,99,20,3,'2026-06-09 14:05:26'),(991,100,1,4,'2026-06-09 14:05:26'),(992,100,2,3,'2026-06-09 14:05:26'),(993,100,3,4,'2026-06-09 14:05:26'),(994,100,4,3,'2026-06-09 14:05:26'),(995,100,5,4,'2026-06-09 14:05:26'),(996,100,6,3,'2026-06-09 14:05:26'),(997,100,7,4,'2026-06-09 14:05:26'),(998,100,8,3,'2026-06-09 14:05:26'),(999,100,9,4,'2026-06-09 14:05:26'),(1000,100,10,3,'2026-06-09 14:05:26'),(1001,101,11,5,'2026-06-09 14:05:26'),(1002,101,12,4,'2026-06-09 14:05:26'),(1003,101,13,5,'2026-06-09 14:05:26'),(1004,101,14,4,'2026-06-09 14:05:26'),(1005,101,15,5,'2026-06-09 14:05:26'),(1006,101,16,4,'2026-06-09 14:05:26'),(1007,101,17,5,'2026-06-09 14:05:26'),(1008,101,18,4,'2026-06-09 14:05:26'),(1009,101,19,5,'2026-06-09 14:05:26'),(1010,101,20,4,'2026-06-09 14:05:26'),(1011,102,1,3,'2026-06-09 14:05:26'),(1012,102,2,4,'2026-06-09 14:05:26'),(1013,102,3,3,'2026-06-09 14:05:26'),(1014,102,4,4,'2026-06-09 14:05:26'),(1015,102,5,3,'2026-06-09 14:05:26'),(1016,102,6,4,'2026-06-09 14:05:26'),(1017,102,7,3,'2026-06-09 14:05:26'),(1018,102,8,4,'2026-06-09 14:05:26'),(1019,102,9,3,'2026-06-09 14:05:26'),(1020,102,10,4,'2026-06-09 14:05:26'),(1021,103,11,4,'2026-06-09 14:05:26'),(1022,103,12,5,'2026-06-09 14:05:26'),(1023,103,13,4,'2026-06-09 14:05:26'),(1024,103,14,5,'2026-06-09 14:05:26'),(1025,103,15,4,'2026-06-09 14:05:26'),(1026,103,16,5,'2026-06-09 14:05:26'),(1027,103,17,4,'2026-06-09 14:05:26'),(1028,103,18,5,'2026-06-09 14:05:26'),(1029,103,19,4,'2026-06-09 14:05:26'),(1030,103,20,5,'2026-06-09 14:05:26'),(1031,104,1,3,'2026-06-09 14:05:26'),(1032,104,2,2,'2026-06-09 14:05:26'),(1033,104,3,3,'2026-06-09 14:05:26'),(1034,104,4,2,'2026-06-09 14:05:26'),(1035,104,5,3,'2026-06-09 14:05:26'),(1036,104,6,2,'2026-06-09 14:05:26'),(1037,104,7,3,'2026-06-09 14:05:26'),(1038,104,8,2,'2026-06-09 14:05:26'),(1039,104,9,3,'2026-06-09 14:05:26'),(1040,104,10,2,'2026-06-09 14:05:26'),(1041,105,11,4,'2026-06-09 14:05:26'),(1042,105,12,3,'2026-06-09 14:05:26'),(1043,105,13,4,'2026-06-09 14:05:26'),(1044,105,14,3,'2026-06-09 14:05:26'),(1045,105,15,4,'2026-06-09 14:05:26'),(1046,105,16,3,'2026-06-09 14:05:26'),(1047,105,17,4,'2026-06-09 14:05:26'),(1048,105,18,3,'2026-06-09 14:05:26'),(1049,105,19,4,'2026-06-09 14:05:26'),(1050,105,20,3,'2026-06-09 14:05:26'),(1051,106,1,4,'2026-06-09 14:05:26'),(1052,106,2,5,'2026-06-09 14:05:26'),(1053,106,3,4,'2026-06-09 14:05:26'),(1054,106,4,5,'2026-06-09 14:05:26'),(1055,106,5,4,'2026-06-09 14:05:26'),(1056,106,6,5,'2026-06-09 14:05:26'),(1057,106,7,4,'2026-06-09 14:05:26'),(1058,106,8,5,'2026-06-09 14:05:26'),(1059,106,9,4,'2026-06-09 14:05:26'),(1060,106,10,5,'2026-06-09 14:05:26'),(1061,107,11,2,'2026-06-09 14:05:26'),(1062,107,12,3,'2026-06-09 14:05:26'),(1063,107,13,2,'2026-06-09 14:05:26'),(1064,107,14,3,'2026-06-09 14:05:26'),(1065,107,15,2,'2026-06-09 14:05:26'),(1066,107,16,3,'2026-06-09 14:05:26'),(1067,107,17,2,'2026-06-09 14:05:26'),(1068,107,18,3,'2026-06-09 14:05:26'),(1069,107,19,2,'2026-06-09 14:05:26'),(1070,107,20,3,'2026-06-09 14:05:26'),(1071,108,1,4,'2026-06-09 14:05:26'),(1072,108,2,3,'2026-06-09 14:05:26'),(1073,108,3,4,'2026-06-09 14:05:26'),(1074,108,4,3,'2026-06-09 14:05:26'),(1075,108,5,4,'2026-06-09 14:05:26'),(1076,108,6,3,'2026-06-09 14:05:26'),(1077,108,7,4,'2026-06-09 14:05:26'),(1078,108,8,3,'2026-06-09 14:05:26'),(1079,108,9,4,'2026-06-09 14:05:26'),(1080,108,10,3,'2026-06-09 14:05:26'),(1081,109,11,5,'2026-06-09 14:05:26'),(1082,109,12,4,'2026-06-09 14:05:26'),(1083,109,13,5,'2026-06-09 14:05:26'),(1084,109,14,4,'2026-06-09 14:05:26'),(1085,109,15,5,'2026-06-09 14:05:26'),(1086,109,16,4,'2026-06-09 14:05:26'),(1087,109,17,5,'2026-06-09 14:05:26'),(1088,109,18,4,'2026-06-09 14:05:26'),(1089,109,19,5,'2026-06-09 14:05:26'),(1090,109,20,4,'2026-06-09 14:05:26'),(1091,110,1,3,'2026-06-09 14:05:26'),(1092,110,2,4,'2026-06-09 14:05:26'),(1093,110,3,3,'2026-06-09 14:05:26'),(1094,110,4,4,'2026-06-09 14:05:26'),(1095,110,5,3,'2026-06-09 14:05:26'),(1096,110,6,4,'2026-06-09 14:05:26'),(1097,110,7,3,'2026-06-09 14:05:26'),(1098,110,8,4,'2026-06-09 14:05:26'),(1099,110,9,3,'2026-06-09 14:05:26'),(1100,110,10,4,'2026-06-09 14:05:26'),(1101,111,11,4,'2026-06-09 14:05:26'),(1102,111,12,5,'2026-06-09 14:05:26'),(1103,111,13,4,'2026-06-09 14:05:26'),(1104,111,14,5,'2026-06-09 14:05:26'),(1105,111,15,4,'2026-06-09 14:05:26'),(1106,111,16,5,'2026-06-09 14:05:26'),(1107,111,17,4,'2026-06-09 14:05:26'),(1108,111,18,5,'2026-06-09 14:05:26'),(1109,111,19,4,'2026-06-09 14:05:26'),(1110,111,20,5,'2026-06-09 14:05:26'),(1111,112,1,3,'2026-06-09 14:05:26'),(1112,112,2,2,'2026-06-09 14:05:26'),(1113,112,3,3,'2026-06-09 14:05:26'),(1114,112,4,2,'2026-06-09 14:05:26'),(1115,112,5,3,'2026-06-09 14:05:26'),(1116,112,6,2,'2026-06-09 14:05:26'),(1117,112,7,3,'2026-06-09 14:05:26'),(1118,112,8,2,'2026-06-09 14:05:26'),(1119,112,9,3,'2026-06-09 14:05:26'),(1120,112,10,2,'2026-06-09 14:05:26'),(1121,113,11,4,'2026-06-09 14:05:26'),(1122,113,12,3,'2026-06-09 14:05:26'),(1123,113,13,4,'2026-06-09 14:05:26'),(1124,113,14,3,'2026-06-09 14:05:26'),(1125,113,15,4,'2026-06-09 14:05:26'),(1126,113,16,3,'2026-06-09 14:05:26'),(1127,113,17,4,'2026-06-09 14:05:26'),(1128,113,18,3,'2026-06-09 14:05:26'),(1129,113,19,4,'2026-06-09 14:05:26'),(1130,113,20,3,'2026-06-09 14:05:26'),(1131,114,1,4,'2026-06-09 14:05:26'),(1132,114,2,5,'2026-06-09 14:05:26'),(1133,114,3,4,'2026-06-09 14:05:26'),(1134,114,4,5,'2026-06-09 14:05:26'),(1135,114,5,4,'2026-06-09 14:05:26'),(1136,114,6,5,'2026-06-09 14:05:26'),(1137,114,7,4,'2026-06-09 14:05:26'),(1138,114,8,5,'2026-06-09 14:05:26'),(1139,114,9,4,'2026-06-09 14:05:26'),(1140,114,10,5,'2026-06-09 14:05:26'),(1141,115,11,2,'2026-06-09 14:05:26'),(1142,115,12,3,'2026-06-09 14:05:26'),(1143,115,13,2,'2026-06-09 14:05:26'),(1144,115,14,3,'2026-06-09 14:05:26'),(1145,115,15,2,'2026-06-09 14:05:26'),(1146,115,16,3,'2026-06-09 14:05:26'),(1147,115,17,2,'2026-06-09 14:05:26'),(1148,115,18,3,'2026-06-09 14:05:26'),(1149,115,19,2,'2026-06-09 14:05:26'),(1150,115,20,3,'2026-06-09 14:05:26'),(1151,116,1,4,'2026-06-09 14:05:26'),(1152,116,2,3,'2026-06-09 14:05:26'),(1153,116,3,4,'2026-06-09 14:05:26'),(1154,116,4,3,'2026-06-09 14:05:26'),(1155,116,5,4,'2026-06-09 14:05:26'),(1156,116,6,3,'2026-06-09 14:05:26'),(1157,116,7,4,'2026-06-09 14:05:26'),(1158,116,8,3,'2026-06-09 14:05:26'),(1159,116,9,4,'2026-06-09 14:05:26'),(1160,116,10,3,'2026-06-09 14:05:26'),(1161,117,11,5,'2026-06-09 14:05:26'),(1162,117,12,4,'2026-06-09 14:05:26'),(1163,117,13,5,'2026-06-09 14:05:26'),(1164,117,14,4,'2026-06-09 14:05:26'),(1165,117,15,5,'2026-06-09 14:05:26'),(1166,117,16,4,'2026-06-09 14:05:26'),(1167,117,17,5,'2026-06-09 14:05:26'),(1168,117,18,4,'2026-06-09 14:05:26'),(1169,117,19,5,'2026-06-09 14:05:26'),(1170,117,20,4,'2026-06-09 14:05:26');
/*!40000 ALTER TABLE `evaluation_responses` ENABLE KEYS */;
UNLOCK TABLES;

--
-- Table structure for table `evaluation_submissions`
--

DROP TABLE IF EXISTS `evaluation_submissions`;
/*!40101 SET @saved_cs_client     = @@character_set_client */;
/*!50503 SET character_set_client = utf8mb4 */;
CREATE TABLE `evaluation_submissions` (
  `id` int NOT NULL AUTO_INCREMENT,
  `student_id` int NOT NULL,
  `lecturer_id` int NOT NULL,
  `course_id` int NOT NULL,
  `semester_id` int NOT NULL,
  `academic_year` varchar(20) NOT NULL,
  `type` enum('theory','practical') NOT NULL,
  `overall_grade` decimal(5,2) DEFAULT NULL,
  `comment_text` text,
  `submitted_at` timestamp NULL DEFAULT CURRENT_TIMESTAMP,
  PRIMARY KEY (`id`),
  UNIQUE KEY `uq_evaluation_submissions_once` (`student_id`,`lecturer_id`,`course_id`,`semester_id`,`type`),
  UNIQUE KEY `uq_evaluation_submissions_once_year` (`student_id`,`lecturer_id`,`course_id`,`semester_id`,`academic_year`,`type`),
  KEY `idx_eval_submissions_lecturer_id` (`lecturer_id`),
  KEY `idx_eval_submissions_course_id` (`course_id`),
  KEY `idx_eval_submissions_semester_id` (`semester_id`),
  KEY `idx_eval_submissions_submitted_at` (`submitted_at`),
  KEY `idx_eval_submissions_type` (`type`),
  CONSTRAINT `fk_evaluation_submissions_course` FOREIGN KEY (`course_id`) REFERENCES `courses` (`id`) ON DELETE CASCADE ON UPDATE CASCADE,
  CONSTRAINT `fk_evaluation_submissions_lecturer` FOREIGN KEY (`lecturer_id`) REFERENCES `users` (`id`) ON DELETE CASCADE ON UPDATE CASCADE,
  CONSTRAINT `fk_evaluation_submissions_semester` FOREIGN KEY (`semester_id`) REFERENCES `semesters` (`id`) ON DELETE CASCADE ON UPDATE CASCADE,
  CONSTRAINT `fk_evaluation_submissions_student` FOREIGN KEY (`student_id`) REFERENCES `users` (`id`) ON DELETE CASCADE ON UPDATE CASCADE
) ENGINE=InnoDB AUTO_INCREMENT=118 DEFAULT CHARSET=utf8mb4 COLLATE=utf8mb4_0900_ai_ci;
/*!40101 SET character_set_client = @saved_cs_client */;

--
-- Dumping data for table `evaluation_submissions`
--

LOCK TABLES `evaluation_submissions` WRITE;
/*!40000 ALTER TABLE `evaluation_submissions` DISABLE KEYS */;
INSERT INTO `evaluation_submissions` VALUES (1,2,10,2,19,'2025/2026','theory',4.00,'good','2026-06-08 08:10:32'),(2,2,10,2,19,'2025/2026','practical',5.00,'best','2026-06-08 08:11:20'),(3,2,7,5,19,'2025/2026','theory',4.00,'good','2026-06-08 08:22:41'),(4,2,6,4,19,'2025/2026','theory',4.00,'average','2026-06-08 09:30:25'),(5,2,6,4,19,'2025/2026','practical',4.00,'nice','2026-06-08 09:31:20'),(6,620,4,1,19,'2025/2026','theory',4.00,'Demo theory evaluation for 123.','2026-06-09 14:05:25'),(7,620,4,1,19,'2025/2026','practical',5.00,'Demo practical evaluation for 123.','2026-06-09 14:05:25'),(8,621,4,1,19,'2025/2026','theory',3.00,'Demo theory evaluation for 123.','2026-06-09 14:05:25'),(9,621,4,1,19,'2025/2026','practical',4.00,'Demo practical evaluation for 123.','2026-06-09 14:05:25'),(10,622,4,1,19,'2025/2026','theory',5.00,'Demo theory evaluation for 123.','2026-06-09 14:05:25'),(11,622,4,1,19,'2025/2026','practical',3.00,'Demo practical evaluation for 123.','2026-06-09 14:05:25'),(12,623,4,1,19,'2025/2026','theory',4.00,'Demo theory evaluation for 123.','2026-06-09 14:05:25'),(13,623,4,1,19,'2025/2026','practical',5.00,'Demo practical evaluation for 123.','2026-06-09 14:05:25'),(14,630,10,2,19,'2025/2026','theory',4.00,'Demo theory evaluation for BOT1122.','2026-06-09 14:05:25'),(15,630,10,2,19,'2025/2026','practical',5.00,'Demo practical evaluation for BOT1122.','2026-06-09 14:05:25'),(16,631,10,2,19,'2025/2026','theory',3.00,'Demo theory evaluation for BOT1122.','2026-06-09 14:05:25'),(17,631,10,2,19,'2025/2026','practical',4.00,'Demo practical evaluation for BOT1122.','2026-06-09 14:05:25'),(18,632,10,2,19,'2025/2026','theory',5.00,'Demo theory evaluation for BOT1122.','2026-06-09 14:05:25'),(19,632,10,2,19,'2025/2026','practical',3.00,'Demo practical evaluation for BOT1122.','2026-06-09 14:05:25'),(20,633,10,2,19,'2025/2026','theory',4.00,'Demo theory evaluation for BOT1122.','2026-06-09 14:05:25'),(21,633,10,2,19,'2025/2026','practical',5.00,'Demo practical evaluation for BOT1122.','2026-06-09 14:05:25'),(22,630,647,550,19,'2025/2026','theory',4.00,'Demo theory evaluation for BOT2122.','2026-06-09 14:05:25'),(23,630,647,550,19,'2025/2026','practical',5.00,'Demo practical evaluation for BOT2122.','2026-06-09 14:05:25'),(24,631,647,550,19,'2025/2026','theory',3.00,'Demo theory evaluation for BOT2122.','2026-06-09 14:05:25'),(25,631,647,550,19,'2025/2026','practical',4.00,'Demo practical evaluation for BOT2122.','2026-06-09 14:05:25'),(26,632,647,550,19,'2025/2026','theory',5.00,'Demo theory evaluation for BOT2122.','2026-06-09 14:05:25'),(27,632,647,550,19,'2025/2026','practical',3.00,'Demo practical evaluation for BOT2122.','2026-06-09 14:05:25'),(28,633,647,550,19,'2025/2026','theory',4.00,'Demo theory evaluation for BOT2122.','2026-06-09 14:05:25'),(29,633,647,550,19,'2025/2026','practical',5.00,'Demo practical evaluation for BOT2122.','2026-06-09 14:05:25'),(30,620,8,3,19,'2025/2026','theory',4.00,'Demo theory evaluation for CHE1122.','2026-06-09 14:05:25'),(31,620,8,3,19,'2025/2026','practical',5.00,'Demo practical evaluation for CHE1122.','2026-06-09 14:05:25'),(32,621,8,3,19,'2025/2026','theory',3.00,'Demo theory evaluation for CHE1122.','2026-06-09 14:05:25'),(33,621,8,3,19,'2025/2026','practical',4.00,'Demo practical evaluation for CHE1122.','2026-06-09 14:05:25'),(34,622,8,3,19,'2025/2026','theory',5.00,'Demo theory evaluation for CHE1122.','2026-06-09 14:05:25'),(35,622,8,3,19,'2025/2026','practical',3.00,'Demo practical evaluation for CHE1122.','2026-06-09 14:05:25'),(36,623,8,3,19,'2025/2026','theory',4.00,'Demo theory evaluation for CHE1122.','2026-06-09 14:05:25'),(37,623,8,3,19,'2025/2026','practical',5.00,'Demo practical evaluation for CHE1122.','2026-06-09 14:05:25'),(38,620,645,548,19,'2025/2026','theory',4.00,'Demo theory evaluation for CHE2122.','2026-06-09 14:05:25'),(39,620,645,548,19,'2025/2026','practical',5.00,'Demo practical evaluation for CHE2122.','2026-06-09 14:05:25'),(40,621,645,548,19,'2025/2026','theory',3.00,'Demo theory evaluation for CHE2122.','2026-06-09 14:05:25'),(41,621,645,548,19,'2025/2026','practical',4.00,'Demo practical evaluation for CHE2122.','2026-06-09 14:05:25'),(42,622,645,548,19,'2025/2026','theory',5.00,'Demo theory evaluation for CHE2122.','2026-06-09 14:05:25'),(43,622,645,548,19,'2025/2026','practical',3.00,'Demo practical evaluation for CHE2122.','2026-06-09 14:05:25'),(44,623,645,548,19,'2025/2026','theory',4.00,'Demo theory evaluation for CHE2122.','2026-06-09 14:05:25'),(45,623,645,548,19,'2025/2026','practical',5.00,'Demo practical evaluation for CHE2122.','2026-06-09 14:05:25'),(46,5,6,4,19,'2025/2026','theory',4.00,'Demo theory evaluation for CSC1122.','2026-06-09 14:05:25'),(47,5,6,4,19,'2025/2026','practical',5.00,'Demo practical evaluation for CSC1122.','2026-06-09 14:05:25'),(48,610,6,4,19,'2025/2026','theory',3.00,'Demo theory evaluation for CSC1122.','2026-06-09 14:05:25'),(49,610,6,4,19,'2025/2026','practical',4.00,'Demo practical evaluation for CSC1122.','2026-06-09 14:05:25'),(50,611,6,4,19,'2025/2026','theory',5.00,'Demo theory evaluation for CSC1122.','2026-06-09 14:05:25'),(51,611,6,4,19,'2025/2026','practical',3.00,'Demo practical evaluation for CSC1122.','2026-06-09 14:05:25'),(52,612,6,4,19,'2025/2026','theory',4.00,'Demo theory evaluation for CSC1122.','2026-06-09 14:05:25'),(53,612,6,4,19,'2025/2026','practical',5.00,'Demo practical evaluation for CSC1122.','2026-06-09 14:05:25'),(54,5,6,8,3,'2025/2026','theory',4.00,'Demo theory evaluation for CSC1222.','2026-06-09 14:05:25'),(55,5,6,8,3,'2025/2026','practical',5.00,'Demo practical evaluation for CSC1222.','2026-06-09 14:05:25'),(56,610,6,8,3,'2025/2026','theory',3.00,'Demo theory evaluation for CSC1222.','2026-06-09 14:05:25'),(57,610,6,8,3,'2025/2026','practical',4.00,'Demo practical evaluation for CSC1222.','2026-06-09 14:05:25'),(58,611,6,8,3,'2025/2026','theory',5.00,'Demo theory evaluation for CSC1222.','2026-06-09 14:05:25'),(59,611,6,8,3,'2025/2026','practical',3.00,'Demo practical evaluation for CSC1222.','2026-06-09 14:05:25'),(60,612,6,8,3,'2025/2026','theory',4.00,'Demo theory evaluation for CSC1222.','2026-06-09 14:05:25'),(61,612,6,8,3,'2025/2026','practical',5.00,'Demo practical evaluation for CSC1222.','2026-06-09 14:05:25'),(62,5,643,546,19,'2025/2026','theory',4.00,'Demo theory evaluation for CSC2122.','2026-06-09 14:05:25'),(63,5,643,546,19,'2025/2026','practical',5.00,'Demo practical evaluation for CSC2122.','2026-06-09 14:05:25'),(64,610,643,546,19,'2025/2026','theory',3.00,'Demo theory evaluation for CSC2122.','2026-06-09 14:05:25'),(65,610,643,546,19,'2025/2026','practical',4.00,'Demo practical evaluation for CSC2122.','2026-06-09 14:05:25'),(66,611,643,546,19,'2025/2026','theory',5.00,'Demo theory evaluation for CSC2122.','2026-06-09 14:05:25'),(67,611,643,546,19,'2025/2026','practical',3.00,'Demo practical evaluation for CSC2122.','2026-06-09 14:05:25'),(68,612,643,546,19,'2025/2026','theory',4.00,'Demo theory evaluation for CSC2122.','2026-06-09 14:05:25'),(69,612,643,546,19,'2025/2026','practical',5.00,'Demo practical evaluation for CSC2122.','2026-06-09 14:05:26'),(70,615,7,5,19,'2025/2026','theory',4.00,'Demo theory evaluation for MAT1122.','2026-06-09 14:05:26'),(71,615,7,5,19,'2025/2026','practical',5.00,'Demo practical evaluation for MAT1122.','2026-06-09 14:05:26'),(72,616,7,5,19,'2025/2026','theory',3.00,'Demo theory evaluation for MAT1122.','2026-06-09 14:05:26'),(73,616,7,5,19,'2025/2026','practical',4.00,'Demo practical evaluation for MAT1122.','2026-06-09 14:05:26'),(74,617,7,5,19,'2025/2026','theory',5.00,'Demo theory evaluation for MAT1122.','2026-06-09 14:05:26'),(75,617,7,5,19,'2025/2026','practical',3.00,'Demo practical evaluation for MAT1122.','2026-06-09 14:05:26'),(76,618,7,5,19,'2025/2026','theory',4.00,'Demo theory evaluation for MAT1122.','2026-06-09 14:05:26'),(77,618,7,5,19,'2025/2026','practical',5.00,'Demo practical evaluation for MAT1122.','2026-06-09 14:05:26'),(78,615,7,9,3,'2025/2026','theory',4.00,'Demo theory evaluation for MAT1222.','2026-06-09 14:05:26'),(79,615,7,9,3,'2025/2026','practical',5.00,'Demo practical evaluation for MAT1222.','2026-06-09 14:05:26'),(80,616,7,9,3,'2025/2026','theory',3.00,'Demo theory evaluation for MAT1222.','2026-06-09 14:05:26'),(81,616,7,9,3,'2025/2026','practical',4.00,'Demo practical evaluation for MAT1222.','2026-06-09 14:05:26'),(82,617,7,9,3,'2025/2026','theory',5.00,'Demo theory evaluation for MAT1222.','2026-06-09 14:05:26'),(83,617,7,9,3,'2025/2026','practical',3.00,'Demo practical evaluation for MAT1222.','2026-06-09 14:05:26'),(84,618,7,9,3,'2025/2026','theory',4.00,'Demo theory evaluation for MAT1222.','2026-06-09 14:05:26'),(85,618,7,9,3,'2025/2026','practical',5.00,'Demo practical evaluation for MAT1222.','2026-06-09 14:05:26'),(86,615,644,547,19,'2025/2026','theory',4.00,'Demo theory evaluation for MAT2122.','2026-06-09 14:05:26'),(87,615,644,547,19,'2025/2026','practical',5.00,'Demo practical evaluation for MAT2122.','2026-06-09 14:05:26'),(88,616,644,547,19,'2025/2026','theory',3.00,'Demo theory evaluation for MAT2122.','2026-06-09 14:05:26'),(89,616,644,547,19,'2025/2026','practical',4.00,'Demo practical evaluation for MAT2122.','2026-06-09 14:05:26'),(90,617,644,547,19,'2025/2026','theory',5.00,'Demo theory evaluation for MAT2122.','2026-06-09 14:05:26'),(91,617,644,547,19,'2025/2026','practical',3.00,'Demo practical evaluation for MAT2122.','2026-06-09 14:05:26'),(92,618,644,547,19,'2025/2026','theory',4.00,'Demo theory evaluation for MAT2122.','2026-06-09 14:05:26'),(93,618,644,547,19,'2025/2026','practical',5.00,'Demo practical evaluation for MAT2122.','2026-06-09 14:05:26'),(94,635,11,6,19,'2025/2026','theory',4.00,'Demo theory evaluation for PHY1122.','2026-06-09 14:05:26'),(95,635,11,6,19,'2025/2026','practical',5.00,'Demo practical evaluation for PHY1122.','2026-06-09 14:05:26'),(96,636,11,6,19,'2025/2026','theory',3.00,'Demo theory evaluation for PHY1122.','2026-06-09 14:05:26'),(97,636,11,6,19,'2025/2026','practical',4.00,'Demo practical evaluation for PHY1122.','2026-06-09 14:05:26'),(98,637,11,6,19,'2025/2026','theory',5.00,'Demo theory evaluation for PHY1122.','2026-06-09 14:05:26'),(99,637,11,6,19,'2025/2026','practical',3.00,'Demo practical evaluation for PHY1122.','2026-06-09 14:05:26'),(100,638,11,6,19,'2025/2026','theory',4.00,'Demo theory evaluation for PHY1122.','2026-06-09 14:05:26'),(101,638,11,6,19,'2025/2026','practical',5.00,'Demo practical evaluation for PHY1122.','2026-06-09 14:05:26'),(102,635,648,551,19,'2025/2026','theory',4.00,'Demo theory evaluation for PHY2122.','2026-06-09 14:05:26'),(103,635,648,551,19,'2025/2026','practical',5.00,'Demo practical evaluation for PHY2122.','2026-06-09 14:05:26'),(104,636,648,551,19,'2025/2026','theory',3.00,'Demo theory evaluation for PHY2122.','2026-06-09 14:05:26'),(105,636,648,551,19,'2025/2026','practical',4.00,'Demo practical evaluation for PHY2122.','2026-06-09 14:05:26'),(106,637,648,551,19,'2025/2026','theory',5.00,'Demo theory evaluation for PHY2122.','2026-06-09 14:05:26'),(107,637,648,551,19,'2025/2026','practical',3.00,'Demo practical evaluation for PHY2122.','2026-06-09 14:05:26'),(108,638,648,551,19,'2025/2026','theory',4.00,'Demo theory evaluation for PHY2122.','2026-06-09 14:05:26'),(109,638,648,551,19,'2025/2026','practical',5.00,'Demo practical evaluation for PHY2122.','2026-06-09 14:05:26'),(110,625,9,7,19,'2025/2026','theory',4.00,'Demo theory evaluation for ZOO1122.','2026-06-09 14:05:26'),(111,625,9,7,19,'2025/2026','practical',5.00,'Demo practical evaluation for ZOO1122.','2026-06-09 14:05:26'),(112,626,9,7,19,'2025/2026','theory',3.00,'Demo theory evaluation for ZOO1122.','2026-06-09 14:05:26'),(113,626,9,7,19,'2025/2026','practical',4.00,'Demo practical evaluation for ZOO1122.','2026-06-09 14:05:26'),(114,627,9,7,19,'2025/2026','theory',5.00,'Demo theory evaluation for ZOO1122.','2026-06-09 14:05:26'),(115,627,9,7,19,'2025/2026','practical',3.00,'Demo practical evaluation for ZOO1122.','2026-06-09 14:05:26'),(116,628,9,7,19,'2025/2026','theory',4.00,'Demo theory evaluation for ZOO1122.','2026-06-09 14:05:26'),(117,628,9,7,19,'2025/2026','practical',5.00,'Demo practical evaluation for ZOO1122.','2026-06-09 14:05:26');
/*!40000 ALTER TABLE `evaluation_submissions` ENABLE KEYS */;
UNLOCK TABLES;

--
-- Table structure for table `evaluation_windows`
--

DROP TABLE IF EXISTS `evaluation_windows`;
/*!40101 SET @saved_cs_client     = @@character_set_client */;
/*!50503 SET character_set_client = utf8mb4 */;
CREATE TABLE `evaluation_windows` (
  `id` int NOT NULL AUTO_INCREMENT,
  `semester_id` int NOT NULL,
  `academic_year` varchar(20) NOT NULL,
  `open_date` datetime NOT NULL,
  `close_date` datetime NOT NULL,
  `status` enum('open','closed','scheduled') NOT NULL DEFAULT 'scheduled',
  `created_by` int NOT NULL,
  `created_at` timestamp NULL DEFAULT CURRENT_TIMESTAMP,
  `updated_at` timestamp NULL DEFAULT CURRENT_TIMESTAMP ON UPDATE CURRENT_TIMESTAMP,
  PRIMARY KEY (`id`),
  KEY `fk_evaluation_windows_created_by` (`created_by`),
  KEY `idx_evaluation_windows_semester_id` (`semester_id`),
  KEY `idx_evaluation_windows_status` (`status`),
  CONSTRAINT `fk_evaluation_windows_created_by` FOREIGN KEY (`created_by`) REFERENCES `users` (`id`) ON DELETE RESTRICT ON UPDATE CASCADE,
  CONSTRAINT `fk_evaluation_windows_semester` FOREIGN KEY (`semester_id`) REFERENCES `semesters` (`id`) ON DELETE CASCADE ON UPDATE CASCADE
) ENGINE=InnoDB AUTO_INCREMENT=5 DEFAULT CHARSET=utf8mb4 COLLATE=utf8mb4_0900_ai_ci;
/*!40101 SET character_set_client = @saved_cs_client */;

--
-- Dumping data for table `evaluation_windows`
--

LOCK TABLES `evaluation_windows` WRITE;
/*!40000 ALTER TABLE `evaluation_windows` DISABLE KEYS */;
INSERT INTO `evaluation_windows` VALUES (4,19,'2025/2026','2026-06-09 14:57:00','2026-06-26 14:57:00','open',3,'2026-06-09 09:27:42','2026-06-09 09:27:42');
/*!40000 ALTER TABLE `evaluation_windows` ENABLE KEYS */;
UNLOCK TABLES;

--
-- Table structure for table `evaluations`
--

DROP TABLE IF EXISTS `evaluations`;
/*!40101 SET @saved_cs_client     = @@character_set_client */;
/*!50503 SET character_set_client = utf8mb4 */;
CREATE TABLE `evaluations` (
  `id` int NOT NULL AUTO_INCREMENT,
  `student_id` int NOT NULL,
  `lecturer_id` int NOT NULL,
  `course_id` int NOT NULL,
  `semester_id` int NOT NULL,
  `status` enum('draft','submitted','reviewed') NOT NULL DEFAULT 'draft',
  `submitted_at` timestamp NULL DEFAULT NULL,
  PRIMARY KEY (`id`),
  KEY `fk_evaluations_student` (`student_id`),
  KEY `idx_evaluations_lecturer_id` (`lecturer_id`),
  KEY `idx_evaluations_course_id` (`course_id`),
  KEY `idx_evaluations_semester_id` (`semester_id`),
  KEY `idx_evaluations_submitted_at` (`submitted_at`),
  CONSTRAINT `fk_evaluations_course` FOREIGN KEY (`course_id`) REFERENCES `courses` (`id`) ON DELETE CASCADE ON UPDATE CASCADE,
  CONSTRAINT `fk_evaluations_lecturer` FOREIGN KEY (`lecturer_id`) REFERENCES `users` (`id`) ON DELETE CASCADE ON UPDATE CASCADE,
  CONSTRAINT `fk_evaluations_semester` FOREIGN KEY (`semester_id`) REFERENCES `semesters` (`id`) ON DELETE CASCADE ON UPDATE CASCADE,
  CONSTRAINT `fk_evaluations_student` FOREIGN KEY (`student_id`) REFERENCES `users` (`id`) ON DELETE CASCADE ON UPDATE CASCADE
) ENGINE=InnoDB DEFAULT CHARSET=utf8mb4 COLLATE=utf8mb4_0900_ai_ci;
/*!40101 SET character_set_client = @saved_cs_client */;

--
-- Dumping data for table `evaluations`
--

LOCK TABLES `evaluations` WRITE;
/*!40000 ALTER TABLE `evaluations` DISABLE KEYS */;
/*!40000 ALTER TABLE `evaluations` ENABLE KEYS */;
UNLOCK TABLES;

--
-- Table structure for table `lecturer_award_scores`
--

DROP TABLE IF EXISTS `lecturer_award_scores`;
/*!40101 SET @saved_cs_client     = @@character_set_client */;
/*!50503 SET character_set_client = utf8mb4 */;
CREATE TABLE `lecturer_award_scores` (
  `id` int NOT NULL AUTO_INCREMENT,
  `lecturer_id` int NOT NULL,
  `semester_id` int NOT NULL,
  `academic_year` varchar(20) NOT NULL,
  `supervision_score` decimal(6,2) NOT NULL DEFAULT '0.00',
  `admin_comment` text,
  `updated_by` int DEFAULT NULL,
  `created_at` timestamp NULL DEFAULT CURRENT_TIMESTAMP,
  `updated_at` timestamp NULL DEFAULT CURRENT_TIMESTAMP ON UPDATE CURRENT_TIMESTAMP,
  PRIMARY KEY (`id`),
  UNIQUE KEY `uq_lecturer_award_scores` (`lecturer_id`,`semester_id`,`academic_year`),
  KEY `fk_lecturer_award_scores_updated_by` (`updated_by`),
  KEY `idx_lecturer_award_scores_lecturer_id` (`lecturer_id`),
  KEY `idx_lecturer_award_scores_semester_id` (`semester_id`),
  CONSTRAINT `fk_lecturer_award_scores_lecturer` FOREIGN KEY (`lecturer_id`) REFERENCES `users` (`id`) ON DELETE CASCADE ON UPDATE CASCADE,
  CONSTRAINT `fk_lecturer_award_scores_semester` FOREIGN KEY (`semester_id`) REFERENCES `semesters` (`id`) ON DELETE CASCADE ON UPDATE CASCADE,
  CONSTRAINT `fk_lecturer_award_scores_updated_by` FOREIGN KEY (`updated_by`) REFERENCES `users` (`id`) ON DELETE SET NULL ON UPDATE CASCADE
) ENGINE=InnoDB AUTO_INCREMENT=5 DEFAULT CHARSET=utf8mb4 COLLATE=utf8mb4_0900_ai_ci;
/*!40101 SET character_set_client = @saved_cs_client */;

--
-- Dumping data for table `lecturer_award_scores`
--

LOCK TABLES `lecturer_award_scores` WRITE;
/*!40000 ALTER TABLE `lecturer_award_scores` DISABLE KEYS */;
INSERT INTO `lecturer_award_scores` VALUES (1,10,19,'2025/2026',20.00,NULL,3,'2026-06-08 15:28:33','2026-06-08 15:28:33'),(4,7,19,'2025/2026',50.00,NULL,3,'2026-06-08 15:29:32','2026-06-08 15:29:32');
/*!40000 ALTER TABLE `lecturer_award_scores` ENABLE KEYS */;
UNLOCK TABLES;

--
-- Table structure for table `lecturer_modules`
--

DROP TABLE IF EXISTS `lecturer_modules`;
/*!40101 SET @saved_cs_client     = @@character_set_client */;
/*!50503 SET character_set_client = utf8mb4 */;
CREATE TABLE `lecturer_modules` (
  `id` int NOT NULL AUTO_INCREMENT,
  `lecturer_id` int NOT NULL,
  `course_id` int NOT NULL,
  `semester_id` int NOT NULL,
  `academic_year` varchar(20) NOT NULL,
  `created_at` timestamp NULL DEFAULT CURRENT_TIMESTAMP,
  PRIMARY KEY (`id`),
  UNIQUE KEY `uq_lecturer_modules_assignment` (`lecturer_id`,`course_id`,`semester_id`,`academic_year`),
  KEY `idx_lecturer_modules_lecturer_id` (`lecturer_id`),
  KEY `idx_lecturer_modules_course_id` (`course_id`),
  KEY `idx_lecturer_modules_semester_id` (`semester_id`),
  CONSTRAINT `fk_lecturer_modules_course` FOREIGN KEY (`course_id`) REFERENCES `courses` (`id`) ON DELETE CASCADE ON UPDATE CASCADE,
  CONSTRAINT `fk_lecturer_modules_lecturer` FOREIGN KEY (`lecturer_id`) REFERENCES `users` (`id`) ON DELETE CASCADE ON UPDATE CASCADE,
  CONSTRAINT `fk_lecturer_modules_semester` FOREIGN KEY (`semester_id`) REFERENCES `semesters` (`id`) ON DELETE CASCADE ON UPDATE CASCADE
) ENGINE=InnoDB AUTO_INCREMENT=1436 DEFAULT CHARSET=utf8mb4 COLLATE=utf8mb4_0900_ai_ci;
/*!40101 SET character_set_client = @saved_cs_client */;

--
-- Dumping data for table `lecturer_modules`
--

LOCK TABLES `lecturer_modules` WRITE;
/*!40000 ALTER TABLE `lecturer_modules` DISABLE KEYS */;
INSERT INTO `lecturer_modules` VALUES (1,10,2,19,'2025/2026','2026-06-08 07:51:10'),(3,6,4,19,'2025/2026','2026-06-08 07:51:10'),(4,7,5,19,'2025/2026','2026-06-08 07:51:10'),(5,11,6,19,'2025/2026','2026-06-08 07:51:10'),(6,9,7,19,'2025/2026','2026-06-08 07:51:10'),(7,6,8,3,'2025/2026','2026-06-08 07:51:10'),(8,7,9,3,'2025/2026','2026-06-08 07:51:10'),(321,8,6,19,'2025/2026','2026-06-08 09:12:52'),(323,8,3,19,'2025/2026','2026-06-08 09:20:36'),(546,643,546,19,'2025/2026','2026-06-08 16:23:11'),(547,644,547,19,'2025/2026','2026-06-08 16:23:11'),(548,645,548,19,'2025/2026','2026-06-08 16:23:11'),(549,646,549,19,'2025/2026','2026-06-08 16:23:11'),(550,647,550,19,'2025/2026','2026-06-08 16:23:11'),(551,648,551,19,'2025/2026','2026-06-08 16:23:11'),(1169,2065,546,19,'2025/2026','2026-06-09 08:32:08');
/*!40000 ALTER TABLE `lecturer_modules` ENABLE KEYS */;
UNLOCK TABLES;

--
-- Table structure for table `lecturer_profiles`
--

DROP TABLE IF EXISTS `lecturer_profiles`;
/*!40101 SET @saved_cs_client     = @@character_set_client */;
/*!50503 SET character_set_client = utf8mb4 */;
CREATE TABLE `lecturer_profiles` (
  `id` int NOT NULL AUTO_INCREMENT,
  `user_id` int NOT NULL,
  `photo_url` varchar(500) DEFAULT NULL,
  `designation` varchar(150) DEFAULT NULL,
  `qualifications` text,
  `created_at` timestamp NULL DEFAULT CURRENT_TIMESTAMP,
  `updated_at` timestamp NULL DEFAULT CURRENT_TIMESTAMP ON UPDATE CURRENT_TIMESTAMP,
  PRIMARY KEY (`id`),
  UNIQUE KEY `user_id` (`user_id`),
  KEY `idx_lecturer_profiles_user_id` (`user_id`),
  CONSTRAINT `fk_lecturer_profiles_user` FOREIGN KEY (`user_id`) REFERENCES `users` (`id`) ON DELETE CASCADE ON UPDATE CASCADE
) ENGINE=InnoDB AUTO_INCREMENT=1210 DEFAULT CHARSET=utf8mb4 COLLATE=utf8mb4_0900_ai_ci;
/*!40101 SET character_set_client = @saved_cs_client */;

--
-- Dumping data for table `lecturer_profiles`
--

LOCK TABLES `lecturer_profiles` WRITE;
/*!40000 ALTER TABLE `lecturer_profiles` DISABLE KEYS */;
INSERT INTO `lecturer_profiles` VALUES (1,6,NULL,'Senior Lecturer','PhD in Computer Science\nMSc in Software Engineering\nBSc Special in Computer Science','2026-06-08 07:51:10','2026-06-08 07:51:10'),(2,7,NULL,'Senior Lecturer','PhD in Applied Mathematics\nMPhil in Mathematical Modelling\nBSc Special in Mathematics','2026-06-08 07:51:10','2026-06-08 07:51:10'),(3,8,NULL,'Lecturer','PhD in Analytical Chemistry\nBSc Special in Chemistry','2026-06-08 07:51:10','2026-06-08 07:51:10'),(4,9,NULL,'Senior Lecturer','PhD in Zoology\nMSc in Biodiversity Conservation\nBSc Special in Zoology','2026-06-08 07:51:10','2026-06-08 07:51:10'),(5,10,NULL,'Lecturer','PhD in Plant Sciences\nBSc Special in Botany','2026-06-08 07:51:10','2026-06-08 07:51:10'),(6,11,NULL,'Senior Lecturer','PhD in Physics\nMSc in Materials Science\nBSc Special in Physics','2026-06-08 07:51:10','2026-06-08 07:51:10'),(385,643,NULL,'Lecturer','PhD in Data Science\nMSc in Artificial Intelligence\nBSc Special in Computer Science','2026-06-08 16:22:18','2026-06-08 16:22:18'),(386,644,NULL,'Lecturer','PhD in Pure Mathematics\nBSc Special in Mathematics','2026-06-08 16:22:18','2026-06-08 16:22:18'),(387,645,NULL,'Senior Lecturer','PhD in Organic Chemistry\nBSc Special in Chemistry','2026-06-08 16:22:18','2026-06-08 16:22:18'),(388,646,NULL,'Lecturer','PhD in Ecology\nBSc Special in Zoology','2026-06-08 16:22:18','2026-06-08 16:22:18'),(389,647,NULL,'Senior Lecturer','PhD in Plant Biotechnology\nBSc Special in Botany','2026-06-08 16:22:18','2026-06-08 16:22:18'),(390,648,NULL,'Lecturer','PhD in Electronics\nBSc Special in Physics','2026-06-08 16:22:18','2026-06-08 16:22:18'),(691,1901,NULL,'Lecturer','MSc','2026-06-08 16:59:46','2026-06-08 16:59:46'),(692,1906,NULL,NULL,NULL,'2026-06-08 17:09:14','2026-06-08 17:09:14'),(705,1957,NULL,'Lecturer','MSc','2026-06-09 07:13:21','2026-06-09 07:13:21'),(707,1300,NULL,NULL,NULL,'2026-06-09 07:19:16','2026-06-09 07:19:16'),(721,2008,NULL,NULL,NULL,'2026-06-09 07:21:53','2026-06-09 07:21:53'),(722,2009,NULL,NULL,NULL,'2026-06-09 07:21:53','2026-06-09 07:21:53'),(723,2010,NULL,NULL,NULL,'2026-06-09 07:22:47','2026-06-09 07:22:47'),(724,2011,NULL,NULL,NULL,'2026-06-09 07:24:13','2026-06-09 07:24:13'),(725,2012,NULL,NULL,NULL,'2026-06-09 07:24:13','2026-06-09 07:24:13'),(726,2014,NULL,NULL,NULL,'2026-06-09 07:36:06','2026-06-09 07:36:06'),(739,2065,NULL,NULL,NULL,'2026-06-09 07:44:15','2026-06-09 07:44:15');
/*!40000 ALTER TABLE `lecturer_profiles` ENABLE KEYS */;
UNLOCK TABLES;

--
-- Table structure for table `notifications`
--

DROP TABLE IF EXISTS `notifications`;
/*!40101 SET @saved_cs_client     = @@character_set_client */;
/*!50503 SET character_set_client = utf8mb4 */;
CREATE TABLE `notifications` (
  `id` int NOT NULL AUTO_INCREMENT,
  `user_id` int DEFAULT NULL,
  `role` enum('student','lecturer','admin','hod','dean') DEFAULT NULL,
  `title` varchar(200) NOT NULL,
  `message` text NOT NULL,
  `type` enum('info','success','warning','error','system') NOT NULL DEFAULT 'info',
  `is_read` tinyint(1) NOT NULL DEFAULT '0',
  `related_entity_type` varchar(100) DEFAULT NULL,
  `related_entity_id` int DEFAULT NULL,
  `created_at` timestamp NULL DEFAULT CURRENT_TIMESTAMP,
  PRIMARY KEY (`id`),
  KEY `idx_notifications_user_read` (`user_id`,`is_read`),
  KEY `idx_notifications_created_at` (`created_at`),
  KEY `idx_notifications_related` (`related_entity_type`,`related_entity_id`),
  CONSTRAINT `fk_notifications_user` FOREIGN KEY (`user_id`) REFERENCES `users` (`id`) ON DELETE CASCADE ON UPDATE CASCADE
) ENGINE=InnoDB AUTO_INCREMENT=258 DEFAULT CHARSET=utf8mb4 COLLATE=utf8mb4_0900_ai_ci;
/*!40101 SET character_set_client = @saved_cs_client */;

--
-- Dumping data for table `notifications`
--

LOCK TABLES `notifications` WRITE;
/*!40000 ALTER TABLE `notifications` DISABLE KEYS */;
INSERT INTO `notifications` VALUES (1,3,NULL,'New Password Reset Request','New password reset request from SCI2026902.','warning',1,'password_reset_request',1,'2026-06-09 08:11:57'),(2,2,NULL,'Password Reset Approved','Your password was reset to the default password. Please log in and change it immediately.','success',1,'password_reset_request',1,'2026-06-09 08:12:43'),(3,3,NULL,'New Password Reset Request','New password reset request from SCI2026902.','warning',1,'password_reset_request',2,'2026-06-09 08:15:08'),(4,2,NULL,'Password Reset Approved','Your password was reset to the default password. Please log in and change it immediately.','success',1,'password_reset_request',2,'2026-06-09 08:15:28'),(5,2,NULL,'Announcement: wsas','zsx','info',1,'announcement',4,'2026-06-09 08:31:13'),(6,3,NULL,'Announcement: wsas','zsx','info',1,'announcement',4,'2026-06-09 08:31:13'),(7,4,NULL,'Announcement: wsas','zsx','info',0,'announcement',4,'2026-06-09 08:31:13'),(8,5,NULL,'Announcement: wsas','zsx','info',0,'announcement',4,'2026-06-09 08:31:13'),(9,6,NULL,'Announcement: wsas','zsx','info',0,'announcement',4,'2026-06-09 08:31:13'),(10,7,NULL,'Announcement: wsas','zsx','info',0,'announcement',4,'2026-06-09 08:31:13'),(11,8,NULL,'Announcement: wsas','zsx','info',0,'announcement',4,'2026-06-09 08:31:13'),(12,9,NULL,'Announcement: wsas','zsx','info',0,'announcement',4,'2026-06-09 08:31:13'),(13,10,NULL,'Announcement: wsas','zsx','info',0,'announcement',4,'2026-06-09 08:31:13'),(14,11,NULL,'Announcement: wsas','zsx','info',0,'announcement',4,'2026-06-09 08:31:13'),(15,167,NULL,'Announcement: wsas','zsx','info',0,'announcement',4,'2026-06-09 08:31:13'),(16,168,NULL,'Announcement: wsas','zsx','info',0,'announcement',4,'2026-06-09 08:31:13'),(17,169,NULL,'Announcement: wsas','zsx','info',0,'announcement',4,'2026-06-09 08:31:13'),(18,237,NULL,'Announcement: wsas','zsx','info',0,'announcement',4,'2026-06-09 08:31:13'),(19,610,NULL,'Announcement: wsas','zsx','info',0,'announcement',4,'2026-06-09 08:31:13'),(20,611,NULL,'Announcement: wsas','zsx','info',0,'announcement',4,'2026-06-09 08:31:13'),(21,612,NULL,'Announcement: wsas','zsx','info',0,'announcement',4,'2026-06-09 08:31:13'),(22,613,NULL,'Announcement: wsas','zsx','info',0,'announcement',4,'2026-06-09 08:31:13'),(23,614,NULL,'Announcement: wsas','zsx','info',0,'announcement',4,'2026-06-09 08:31:13'),(24,615,NULL,'Announcement: wsas','zsx','info',0,'announcement',4,'2026-06-09 08:31:13'),(25,616,NULL,'Announcement: wsas','zsx','info',0,'announcement',4,'2026-06-09 08:31:13'),(26,617,NULL,'Announcement: wsas','zsx','info',0,'announcement',4,'2026-06-09 08:31:13'),(27,618,NULL,'Announcement: wsas','zsx','info',0,'announcement',4,'2026-06-09 08:31:13'),(28,619,NULL,'Announcement: wsas','zsx','info',0,'announcement',4,'2026-06-09 08:31:13'),(29,620,NULL,'Announcement: wsas','zsx','info',0,'announcement',4,'2026-06-09 08:31:13'),(30,621,NULL,'Announcement: wsas','zsx','info',0,'announcement',4,'2026-06-09 08:31:13'),(31,622,NULL,'Announcement: wsas','zsx','info',0,'announcement',4,'2026-06-09 08:31:13'),(32,623,NULL,'Announcement: wsas','zsx','info',0,'announcement',4,'2026-06-09 08:31:13'),(33,624,NULL,'Announcement: wsas','zsx','info',0,'announcement',4,'2026-06-09 08:31:13'),(34,625,NULL,'Announcement: wsas','zsx','info',0,'announcement',4,'2026-06-09 08:31:13'),(35,626,NULL,'Announcement: wsas','zsx','info',0,'announcement',4,'2026-06-09 08:31:13'),(36,627,NULL,'Announcement: wsas','zsx','info',0,'announcement',4,'2026-06-09 08:31:13'),(37,628,NULL,'Announcement: wsas','zsx','info',0,'announcement',4,'2026-06-09 08:31:13'),(38,629,NULL,'Announcement: wsas','zsx','info',0,'announcement',4,'2026-06-09 08:31:13'),(39,630,NULL,'Announcement: wsas','zsx','info',0,'announcement',4,'2026-06-09 08:31:13'),(40,631,NULL,'Announcement: wsas','zsx','info',0,'announcement',4,'2026-06-09 08:31:13'),(41,632,NULL,'Announcement: wsas','zsx','info',0,'announcement',4,'2026-06-09 08:31:13'),(42,633,NULL,'Announcement: wsas','zsx','info',0,'announcement',4,'2026-06-09 08:31:13'),(43,634,NULL,'Announcement: wsas','zsx','info',0,'announcement',4,'2026-06-09 08:31:13'),(44,635,NULL,'Announcement: wsas','zsx','info',0,'announcement',4,'2026-06-09 08:31:13'),(45,636,NULL,'Announcement: wsas','zsx','info',0,'announcement',4,'2026-06-09 08:31:13'),(46,637,NULL,'Announcement: wsas','zsx','info',0,'announcement',4,'2026-06-09 08:31:13'),(47,638,NULL,'Announcement: wsas','zsx','info',0,'announcement',4,'2026-06-09 08:31:13'),(48,639,NULL,'Announcement: wsas','zsx','info',0,'announcement',4,'2026-06-09 08:31:13'),(49,640,NULL,'Announcement: wsas','zsx','info',0,'announcement',4,'2026-06-09 08:31:13'),(50,641,NULL,'Announcement: wsas','zsx','info',0,'announcement',4,'2026-06-09 08:31:13'),(51,642,NULL,'Announcement: wsas','zsx','info',0,'announcement',4,'2026-06-09 08:31:13'),(52,643,NULL,'Announcement: wsas','zsx','info',0,'announcement',4,'2026-06-09 08:31:13'),(53,644,NULL,'Announcement: wsas','zsx','info',0,'announcement',4,'2026-06-09 08:31:13'),(54,645,NULL,'Announcement: wsas','zsx','info',0,'announcement',4,'2026-06-09 08:31:13'),(55,646,NULL,'Announcement: wsas','zsx','info',0,'announcement',4,'2026-06-09 08:31:13'),(56,647,NULL,'Announcement: wsas','zsx','info',0,'announcement',4,'2026-06-09 08:31:13'),(57,648,NULL,'Announcement: wsas','zsx','info',0,'announcement',4,'2026-06-09 08:31:13'),(58,2065,NULL,'Announcement: wsas','zsx','info',1,'announcement',4,'2026-06-09 08:31:13'),(59,2065,NULL,'Module Assigned','You have been assigned to CSC2122 - Database Systems for Semester 1 2025/2026.','system',1,'lecturer_module',1169,'2026-06-09 08:32:08'),(60,2,NULL,'Evaluation Window Closed','Evaluation window is now closed for Semester 1 2025/2026.','system',1,'evaluation_window',2,'2026-06-09 09:00:09'),(61,5,NULL,'Evaluation Window Closed','Evaluation window is now closed for Semester 1 2025/2026.','system',0,'evaluation_window',2,'2026-06-09 09:00:09'),(62,610,NULL,'Evaluation Window Closed','Evaluation window is now closed for Semester 1 2025/2026.','system',0,'evaluation_window',2,'2026-06-09 09:00:09'),(63,611,NULL,'Evaluation Window Closed','Evaluation window is now closed for Semester 1 2025/2026.','system',0,'evaluation_window',2,'2026-06-09 09:00:09'),(64,612,NULL,'Evaluation Window Closed','Evaluation window is now closed for Semester 1 2025/2026.','system',0,'evaluation_window',2,'2026-06-09 09:00:09'),(65,613,NULL,'Evaluation Window Closed','Evaluation window is now closed for Semester 1 2025/2026.','system',0,'evaluation_window',2,'2026-06-09 09:00:09'),(66,614,NULL,'Evaluation Window Closed','Evaluation window is now closed for Semester 1 2025/2026.','system',0,'evaluation_window',2,'2026-06-09 09:00:09'),(67,615,NULL,'Evaluation Window Closed','Evaluation window is now closed for Semester 1 2025/2026.','system',0,'evaluation_window',2,'2026-06-09 09:00:09'),(68,616,NULL,'Evaluation Window Closed','Evaluation window is now closed for Semester 1 2025/2026.','system',0,'evaluation_window',2,'2026-06-09 09:00:09'),(69,617,NULL,'Evaluation Window Closed','Evaluation window is now closed for Semester 1 2025/2026.','system',0,'evaluation_window',2,'2026-06-09 09:00:09'),(70,618,NULL,'Evaluation Window Closed','Evaluation window is now closed for Semester 1 2025/2026.','system',0,'evaluation_window',2,'2026-06-09 09:00:09'),(71,619,NULL,'Evaluation Window Closed','Evaluation window is now closed for Semester 1 2025/2026.','system',0,'evaluation_window',2,'2026-06-09 09:00:09'),(72,620,NULL,'Evaluation Window Closed','Evaluation window is now closed for Semester 1 2025/2026.','system',0,'evaluation_window',2,'2026-06-09 09:00:09'),(73,621,NULL,'Evaluation Window Closed','Evaluation window is now closed for Semester 1 2025/2026.','system',0,'evaluation_window',2,'2026-06-09 09:00:09'),(74,622,NULL,'Evaluation Window Closed','Evaluation window is now closed for Semester 1 2025/2026.','system',0,'evaluation_window',2,'2026-06-09 09:00:09'),(75,623,NULL,'Evaluation Window Closed','Evaluation window is now closed for Semester 1 2025/2026.','system',0,'evaluation_window',2,'2026-06-09 09:00:09'),(76,624,NULL,'Evaluation Window Closed','Evaluation window is now closed for Semester 1 2025/2026.','system',0,'evaluation_window',2,'2026-06-09 09:00:09'),(77,625,NULL,'Evaluation Window Closed','Evaluation window is now closed for Semester 1 2025/2026.','system',0,'evaluation_window',2,'2026-06-09 09:00:09'),(78,626,NULL,'Evaluation Window Closed','Evaluation window is now closed for Semester 1 2025/2026.','system',0,'evaluation_window',2,'2026-06-09 09:00:09'),(79,627,NULL,'Evaluation Window Closed','Evaluation window is now closed for Semester 1 2025/2026.','system',0,'evaluation_window',2,'2026-06-09 09:00:09'),(80,628,NULL,'Evaluation Window Closed','Evaluation window is now closed for Semester 1 2025/2026.','system',0,'evaluation_window',2,'2026-06-09 09:00:09'),(81,629,NULL,'Evaluation Window Closed','Evaluation window is now closed for Semester 1 2025/2026.','system',0,'evaluation_window',2,'2026-06-09 09:00:09'),(82,630,NULL,'Evaluation Window Closed','Evaluation window is now closed for Semester 1 2025/2026.','system',0,'evaluation_window',2,'2026-06-09 09:00:09'),(83,631,NULL,'Evaluation Window Closed','Evaluation window is now closed for Semester 1 2025/2026.','system',0,'evaluation_window',2,'2026-06-09 09:00:09'),(84,632,NULL,'Evaluation Window Closed','Evaluation window is now closed for Semester 1 2025/2026.','system',0,'evaluation_window',2,'2026-06-09 09:00:09'),(85,633,NULL,'Evaluation Window Closed','Evaluation window is now closed for Semester 1 2025/2026.','system',0,'evaluation_window',2,'2026-06-09 09:00:09'),(86,634,NULL,'Evaluation Window Closed','Evaluation window is now closed for Semester 1 2025/2026.','system',0,'evaluation_window',2,'2026-06-09 09:00:09'),(87,635,NULL,'Evaluation Window Closed','Evaluation window is now closed for Semester 1 2025/2026.','system',0,'evaluation_window',2,'2026-06-09 09:00:09'),(88,636,NULL,'Evaluation Window Closed','Evaluation window is now closed for Semester 1 2025/2026.','system',0,'evaluation_window',2,'2026-06-09 09:00:09'),(89,637,NULL,'Evaluation Window Closed','Evaluation window is now closed for Semester 1 2025/2026.','system',0,'evaluation_window',2,'2026-06-09 09:00:09'),(90,638,NULL,'Evaluation Window Closed','Evaluation window is now closed for Semester 1 2025/2026.','system',0,'evaluation_window',2,'2026-06-09 09:00:09'),(91,639,NULL,'Evaluation Window Closed','Evaluation window is now closed for Semester 1 2025/2026.','system',0,'evaluation_window',2,'2026-06-09 09:00:09'),(92,2,NULL,'Evaluation Window Open','Evaluation window is now open for Semester 1 2025/2026.','system',0,'evaluation_window',3,'2026-06-09 09:01:18'),(93,5,NULL,'Evaluation Window Open','Evaluation window is now open for Semester 1 2025/2026.','system',0,'evaluation_window',3,'2026-06-09 09:01:18'),(94,610,NULL,'Evaluation Window Open','Evaluation window is now open for Semester 1 2025/2026.','system',0,'evaluation_window',3,'2026-06-09 09:01:18'),(95,611,NULL,'Evaluation Window Open','Evaluation window is now open for Semester 1 2025/2026.','system',0,'evaluation_window',3,'2026-06-09 09:01:19'),(96,612,NULL,'Evaluation Window Open','Evaluation window is now open for Semester 1 2025/2026.','system',0,'evaluation_window',3,'2026-06-09 09:01:19'),(97,613,NULL,'Evaluation Window Open','Evaluation window is now open for Semester 1 2025/2026.','system',0,'evaluation_window',3,'2026-06-09 09:01:19'),(98,614,NULL,'Evaluation Window Open','Evaluation window is now open for Semester 1 2025/2026.','system',0,'evaluation_window',3,'2026-06-09 09:01:19'),(99,615,NULL,'Evaluation Window Open','Evaluation window is now open for Semester 1 2025/2026.','system',0,'evaluation_window',3,'2026-06-09 09:01:19'),(100,616,NULL,'Evaluation Window Open','Evaluation window is now open for Semester 1 2025/2026.','system',0,'evaluation_window',3,'2026-06-09 09:01:19'),(101,617,NULL,'Evaluation Window Open','Evaluation window is now open for Semester 1 2025/2026.','system',0,'evaluation_window',3,'2026-06-09 09:01:19'),(102,618,NULL,'Evaluation Window Open','Evaluation window is now open for Semester 1 2025/2026.','system',0,'evaluation_window',3,'2026-06-09 09:01:19'),(103,619,NULL,'Evaluation Window Open','Evaluation window is now open for Semester 1 2025/2026.','system',0,'evaluation_window',3,'2026-06-09 09:01:19'),(104,620,NULL,'Evaluation Window Open','Evaluation window is now open for Semester 1 2025/2026.','system',0,'evaluation_window',3,'2026-06-09 09:01:19'),(105,621,NULL,'Evaluation Window Open','Evaluation window is now open for Semester 1 2025/2026.','system',0,'evaluation_window',3,'2026-06-09 09:01:19'),(106,622,NULL,'Evaluation Window Open','Evaluation window is now open for Semester 1 2025/2026.','system',0,'evaluation_window',3,'2026-06-09 09:01:19'),(107,623,NULL,'Evaluation Window Open','Evaluation window is now open for Semester 1 2025/2026.','system',0,'evaluation_window',3,'2026-06-09 09:01:19'),(108,624,NULL,'Evaluation Window Open','Evaluation window is now open for Semester 1 2025/2026.','system',0,'evaluation_window',3,'2026-06-09 09:01:19'),(109,625,NULL,'Evaluation Window Open','Evaluation window is now open for Semester 1 2025/2026.','system',0,'evaluation_window',3,'2026-06-09 09:01:19'),(110,626,NULL,'Evaluation Window Open','Evaluation window is now open for Semester 1 2025/2026.','system',0,'evaluation_window',3,'2026-06-09 09:01:19'),(111,627,NULL,'Evaluation Window Open','Evaluation window is now open for Semester 1 2025/2026.','system',0,'evaluation_window',3,'2026-06-09 09:01:19'),(112,628,NULL,'Evaluation Window Open','Evaluation window is now open for Semester 1 2025/2026.','system',0,'evaluation_window',3,'2026-06-09 09:01:19'),(113,629,NULL,'Evaluation Window Open','Evaluation window is now open for Semester 1 2025/2026.','system',0,'evaluation_window',3,'2026-06-09 09:01:19'),(114,630,NULL,'Evaluation Window Open','Evaluation window is now open for Semester 1 2025/2026.','system',0,'evaluation_window',3,'2026-06-09 09:01:19'),(115,631,NULL,'Evaluation Window Open','Evaluation window is now open for Semester 1 2025/2026.','system',0,'evaluation_window',3,'2026-06-09 09:01:19'),(116,632,NULL,'Evaluation Window Open','Evaluation window is now open for Semester 1 2025/2026.','system',0,'evaluation_window',3,'2026-06-09 09:01:19'),(117,633,NULL,'Evaluation Window Open','Evaluation window is now open for Semester 1 2025/2026.','system',0,'evaluation_window',3,'2026-06-09 09:01:19'),(118,634,NULL,'Evaluation Window Open','Evaluation window is now open for Semester 1 2025/2026.','system',0,'evaluation_window',3,'2026-06-09 09:01:19'),(119,635,NULL,'Evaluation Window Open','Evaluation window is now open for Semester 1 2025/2026.','system',0,'evaluation_window',3,'2026-06-09 09:01:19'),(120,636,NULL,'Evaluation Window Open','Evaluation window is now open for Semester 1 2025/2026.','system',0,'evaluation_window',3,'2026-06-09 09:01:19'),(121,637,NULL,'Evaluation Window Open','Evaluation window is now open for Semester 1 2025/2026.','system',0,'evaluation_window',3,'2026-06-09 09:01:19'),(122,638,NULL,'Evaluation Window Open','Evaluation window is now open for Semester 1 2025/2026.','system',0,'evaluation_window',3,'2026-06-09 09:01:19'),(123,639,NULL,'Evaluation Window Open','Evaluation window is now open for Semester 1 2025/2026.','system',0,'evaluation_window',3,'2026-06-09 09:01:19'),(124,2,NULL,'Evaluation Window Closed','Evaluation window is now closed for Semester 1 2025/2026.','system',0,'evaluation_window',3,'2026-06-09 09:03:33'),(125,5,NULL,'Evaluation Window Closed','Evaluation window is now closed for Semester 1 2025/2026.','system',0,'evaluation_window',3,'2026-06-09 09:03:33'),(126,610,NULL,'Evaluation Window Closed','Evaluation window is now closed for Semester 1 2025/2026.','system',0,'evaluation_window',3,'2026-06-09 09:03:33'),(127,611,NULL,'Evaluation Window Closed','Evaluation window is now closed for Semester 1 2025/2026.','system',0,'evaluation_window',3,'2026-06-09 09:03:33'),(128,612,NULL,'Evaluation Window Closed','Evaluation window is now closed for Semester 1 2025/2026.','system',0,'evaluation_window',3,'2026-06-09 09:03:33'),(129,613,NULL,'Evaluation Window Closed','Evaluation window is now closed for Semester 1 2025/2026.','system',0,'evaluation_window',3,'2026-06-09 09:03:33'),(130,614,NULL,'Evaluation Window Closed','Evaluation window is now closed for Semester 1 2025/2026.','system',0,'evaluation_window',3,'2026-06-09 09:03:33'),(131,615,NULL,'Evaluation Window Closed','Evaluation window is now closed for Semester 1 2025/2026.','system',0,'evaluation_window',3,'2026-06-09 09:03:33'),(132,616,NULL,'Evaluation Window Closed','Evaluation window is now closed for Semester 1 2025/2026.','system',0,'evaluation_window',3,'2026-06-09 09:03:33'),(133,617,NULL,'Evaluation Window Closed','Evaluation window is now closed for Semester 1 2025/2026.','system',0,'evaluation_window',3,'2026-06-09 09:03:33'),(134,618,NULL,'Evaluation Window Closed','Evaluation window is now closed for Semester 1 2025/2026.','system',0,'evaluation_window',3,'2026-06-09 09:03:33'),(135,619,NULL,'Evaluation Window Closed','Evaluation window is now closed for Semester 1 2025/2026.','system',0,'evaluation_window',3,'2026-06-09 09:03:33'),(136,620,NULL,'Evaluation Window Closed','Evaluation window is now closed for Semester 1 2025/2026.','system',0,'evaluation_window',3,'2026-06-09 09:03:33'),(137,621,NULL,'Evaluation Window Closed','Evaluation window is now closed for Semester 1 2025/2026.','system',0,'evaluation_window',3,'2026-06-09 09:03:33'),(138,622,NULL,'Evaluation Window Closed','Evaluation window is now closed for Semester 1 2025/2026.','system',0,'evaluation_window',3,'2026-06-09 09:03:33'),(139,623,NULL,'Evaluation Window Closed','Evaluation window is now closed for Semester 1 2025/2026.','system',0,'evaluation_window',3,'2026-06-09 09:03:33'),(140,624,NULL,'Evaluation Window Closed','Evaluation window is now closed for Semester 1 2025/2026.','system',0,'evaluation_window',3,'2026-06-09 09:03:33'),(141,625,NULL,'Evaluation Window Closed','Evaluation window is now closed for Semester 1 2025/2026.','system',0,'evaluation_window',3,'2026-06-09 09:03:33'),(142,626,NULL,'Evaluation Window Closed','Evaluation window is now closed for Semester 1 2025/2026.','system',0,'evaluation_window',3,'2026-06-09 09:03:33'),(143,627,NULL,'Evaluation Window Closed','Evaluation window is now closed for Semester 1 2025/2026.','system',0,'evaluation_window',3,'2026-06-09 09:03:33'),(144,628,NULL,'Evaluation Window Closed','Evaluation window is now closed for Semester 1 2025/2026.','system',0,'evaluation_window',3,'2026-06-09 09:03:33'),(145,629,NULL,'Evaluation Window Closed','Evaluation window is now closed for Semester 1 2025/2026.','system',0,'evaluation_window',3,'2026-06-09 09:03:33'),(146,630,NULL,'Evaluation Window Closed','Evaluation window is now closed for Semester 1 2025/2026.','system',0,'evaluation_window',3,'2026-06-09 09:03:33'),(147,631,NULL,'Evaluation Window Closed','Evaluation window is now closed for Semester 1 2025/2026.','system',0,'evaluation_window',3,'2026-06-09 09:03:33'),(148,632,NULL,'Evaluation Window Closed','Evaluation window is now closed for Semester 1 2025/2026.','system',0,'evaluation_window',3,'2026-06-09 09:03:33'),(149,633,NULL,'Evaluation Window Closed','Evaluation window is now closed for Semester 1 2025/2026.','system',0,'evaluation_window',3,'2026-06-09 09:03:33'),(150,634,NULL,'Evaluation Window Closed','Evaluation window is now closed for Semester 1 2025/2026.','system',0,'evaluation_window',3,'2026-06-09 09:03:33'),(151,635,NULL,'Evaluation Window Closed','Evaluation window is now closed for Semester 1 2025/2026.','system',0,'evaluation_window',3,'2026-06-09 09:03:33'),(152,636,NULL,'Evaluation Window Closed','Evaluation window is now closed for Semester 1 2025/2026.','system',0,'evaluation_window',3,'2026-06-09 09:03:33'),(153,637,NULL,'Evaluation Window Closed','Evaluation window is now closed for Semester 1 2025/2026.','system',0,'evaluation_window',3,'2026-06-09 09:03:33'),(154,638,NULL,'Evaluation Window Closed','Evaluation window is now closed for Semester 1 2025/2026.','system',0,'evaluation_window',3,'2026-06-09 09:03:33'),(155,639,NULL,'Evaluation Window Closed','Evaluation window is now closed for Semester 1 2025/2026.','system',0,'evaluation_window',3,'2026-06-09 09:03:33'),(156,2,NULL,'Evaluation Window Reopened','Evaluation window has been reopened for 2025/2026.','system',0,'evaluation_window',3,'2026-06-09 09:27:15'),(157,5,NULL,'Evaluation Window Reopened','Evaluation window has been reopened for 2025/2026.','system',0,'evaluation_window',3,'2026-06-09 09:27:15'),(158,610,NULL,'Evaluation Window Reopened','Evaluation window has been reopened for 2025/2026.','system',0,'evaluation_window',3,'2026-06-09 09:27:15'),(159,611,NULL,'Evaluation Window Reopened','Evaluation window has been reopened for 2025/2026.','system',0,'evaluation_window',3,'2026-06-09 09:27:15'),(160,612,NULL,'Evaluation Window Reopened','Evaluation window has been reopened for 2025/2026.','system',0,'evaluation_window',3,'2026-06-09 09:27:15'),(161,613,NULL,'Evaluation Window Reopened','Evaluation window has been reopened for 2025/2026.','system',0,'evaluation_window',3,'2026-06-09 09:27:15'),(162,614,NULL,'Evaluation Window Reopened','Evaluation window has been reopened for 2025/2026.','system',0,'evaluation_window',3,'2026-06-09 09:27:15'),(163,615,NULL,'Evaluation Window Reopened','Evaluation window has been reopened for 2025/2026.','system',0,'evaluation_window',3,'2026-06-09 09:27:15'),(164,616,NULL,'Evaluation Window Reopened','Evaluation window has been reopened for 2025/2026.','system',0,'evaluation_window',3,'2026-06-09 09:27:15'),(165,617,NULL,'Evaluation Window Reopened','Evaluation window has been reopened for 2025/2026.','system',0,'evaluation_window',3,'2026-06-09 09:27:15'),(166,618,NULL,'Evaluation Window Reopened','Evaluation window has been reopened for 2025/2026.','system',0,'evaluation_window',3,'2026-06-09 09:27:15'),(167,619,NULL,'Evaluation Window Reopened','Evaluation window has been reopened for 2025/2026.','system',0,'evaluation_window',3,'2026-06-09 09:27:15'),(168,620,NULL,'Evaluation Window Reopened','Evaluation window has been reopened for 2025/2026.','system',0,'evaluation_window',3,'2026-06-09 09:27:15'),(169,621,NULL,'Evaluation Window Reopened','Evaluation window has been reopened for 2025/2026.','system',0,'evaluation_window',3,'2026-06-09 09:27:15'),(170,622,NULL,'Evaluation Window Reopened','Evaluation window has been reopened for 2025/2026.','system',0,'evaluation_window',3,'2026-06-09 09:27:15'),(171,623,NULL,'Evaluation Window Reopened','Evaluation window has been reopened for 2025/2026.','system',0,'evaluation_window',3,'2026-06-09 09:27:15'),(172,624,NULL,'Evaluation Window Reopened','Evaluation window has been reopened for 2025/2026.','system',0,'evaluation_window',3,'2026-06-09 09:27:15'),(173,625,NULL,'Evaluation Window Reopened','Evaluation window has been reopened for 2025/2026.','system',0,'evaluation_window',3,'2026-06-09 09:27:15'),(174,626,NULL,'Evaluation Window Reopened','Evaluation window has been reopened for 2025/2026.','system',0,'evaluation_window',3,'2026-06-09 09:27:15'),(175,627,NULL,'Evaluation Window Reopened','Evaluation window has been reopened for 2025/2026.','system',0,'evaluation_window',3,'2026-06-09 09:27:15'),(176,628,NULL,'Evaluation Window Reopened','Evaluation window has been reopened for 2025/2026.','system',0,'evaluation_window',3,'2026-06-09 09:27:15'),(177,629,NULL,'Evaluation Window Reopened','Evaluation window has been reopened for 2025/2026.','system',0,'evaluation_window',3,'2026-06-09 09:27:15'),(178,630,NULL,'Evaluation Window Reopened','Evaluation window has been reopened for 2025/2026.','system',0,'evaluation_window',3,'2026-06-09 09:27:15'),(179,631,NULL,'Evaluation Window Reopened','Evaluation window has been reopened for 2025/2026.','system',0,'evaluation_window',3,'2026-06-09 09:27:15'),(180,632,NULL,'Evaluation Window Reopened','Evaluation window has been reopened for 2025/2026.','system',0,'evaluation_window',3,'2026-06-09 09:27:15'),(181,633,NULL,'Evaluation Window Reopened','Evaluation window has been reopened for 2025/2026.','system',0,'evaluation_window',3,'2026-06-09 09:27:15'),(182,634,NULL,'Evaluation Window Reopened','Evaluation window has been reopened for 2025/2026.','system',0,'evaluation_window',3,'2026-06-09 09:27:15'),(183,635,NULL,'Evaluation Window Reopened','Evaluation window has been reopened for 2025/2026.','system',0,'evaluation_window',3,'2026-06-09 09:27:15'),(184,636,NULL,'Evaluation Window Reopened','Evaluation window has been reopened for 2025/2026.','system',0,'evaluation_window',3,'2026-06-09 09:27:15'),(185,637,NULL,'Evaluation Window Reopened','Evaluation window has been reopened for 2025/2026.','system',0,'evaluation_window',3,'2026-06-09 09:27:15'),(186,638,NULL,'Evaluation Window Reopened','Evaluation window has been reopened for 2025/2026.','system',0,'evaluation_window',3,'2026-06-09 09:27:15'),(187,639,NULL,'Evaluation Window Reopened','Evaluation window has been reopened for 2025/2026.','system',0,'evaluation_window',3,'2026-06-09 09:27:15'),(188,2,NULL,'Evaluation Window Closed','Evaluation window is now closed for Semester 1 2025/2026.','system',0,'evaluation_window',3,'2026-06-09 09:27:34'),(189,5,NULL,'Evaluation Window Closed','Evaluation window is now closed for Semester 1 2025/2026.','system',0,'evaluation_window',3,'2026-06-09 09:27:34'),(190,610,NULL,'Evaluation Window Closed','Evaluation window is now closed for Semester 1 2025/2026.','system',0,'evaluation_window',3,'2026-06-09 09:27:34'),(191,611,NULL,'Evaluation Window Closed','Evaluation window is now closed for Semester 1 2025/2026.','system',0,'evaluation_window',3,'2026-06-09 09:27:34'),(192,612,NULL,'Evaluation Window Closed','Evaluation window is now closed for Semester 1 2025/2026.','system',0,'evaluation_window',3,'2026-06-09 09:27:34'),(193,613,NULL,'Evaluation Window Closed','Evaluation window is now closed for Semester 1 2025/2026.','system',0,'evaluation_window',3,'2026-06-09 09:27:34'),(194,614,NULL,'Evaluation Window Closed','Evaluation window is now closed for Semester 1 2025/2026.','system',0,'evaluation_window',3,'2026-06-09 09:27:34'),(195,615,NULL,'Evaluation Window Closed','Evaluation window is now closed for Semester 1 2025/2026.','system',0,'evaluation_window',3,'2026-06-09 09:27:34'),(196,616,NULL,'Evaluation Window Closed','Evaluation window is now closed for Semester 1 2025/2026.','system',0,'evaluation_window',3,'2026-06-09 09:27:34'),(197,617,NULL,'Evaluation Window Closed','Evaluation window is now closed for Semester 1 2025/2026.','system',0,'evaluation_window',3,'2026-06-09 09:27:34'),(198,618,NULL,'Evaluation Window Closed','Evaluation window is now closed for Semester 1 2025/2026.','system',0,'evaluation_window',3,'2026-06-09 09:27:34'),(199,619,NULL,'Evaluation Window Closed','Evaluation window is now closed for Semester 1 2025/2026.','system',0,'evaluation_window',3,'2026-06-09 09:27:34'),(200,620,NULL,'Evaluation Window Closed','Evaluation window is now closed for Semester 1 2025/2026.','system',0,'evaluation_window',3,'2026-06-09 09:27:34'),(201,621,NULL,'Evaluation Window Closed','Evaluation window is now closed for Semester 1 2025/2026.','system',0,'evaluation_window',3,'2026-06-09 09:27:34'),(202,622,NULL,'Evaluation Window Closed','Evaluation window is now closed for Semester 1 2025/2026.','system',0,'evaluation_window',3,'2026-06-09 09:27:34'),(203,623,NULL,'Evaluation Window Closed','Evaluation window is now closed for Semester 1 2025/2026.','system',0,'evaluation_window',3,'2026-06-09 09:27:34'),(204,624,NULL,'Evaluation Window Closed','Evaluation window is now closed for Semester 1 2025/2026.','system',0,'evaluation_window',3,'2026-06-09 09:27:34'),(205,625,NULL,'Evaluation Window Closed','Evaluation window is now closed for Semester 1 2025/2026.','system',0,'evaluation_window',3,'2026-06-09 09:27:34'),(206,626,NULL,'Evaluation Window Closed','Evaluation window is now closed for Semester 1 2025/2026.','system',0,'evaluation_window',3,'2026-06-09 09:27:34'),(207,627,NULL,'Evaluation Window Closed','Evaluation window is now closed for Semester 1 2025/2026.','system',0,'evaluation_window',3,'2026-06-09 09:27:34'),(208,628,NULL,'Evaluation Window Closed','Evaluation window is now closed for Semester 1 2025/2026.','system',0,'evaluation_window',3,'2026-06-09 09:27:34'),(209,629,NULL,'Evaluation Window Closed','Evaluation window is now closed for Semester 1 2025/2026.','system',0,'evaluation_window',3,'2026-06-09 09:27:34'),(210,630,NULL,'Evaluation Window Closed','Evaluation window is now closed for Semester 1 2025/2026.','system',0,'evaluation_window',3,'2026-06-09 09:27:34'),(211,631,NULL,'Evaluation Window Closed','Evaluation window is now closed for Semester 1 2025/2026.','system',0,'evaluation_window',3,'2026-06-09 09:27:34'),(212,632,NULL,'Evaluation Window Closed','Evaluation window is now closed for Semester 1 2025/2026.','system',0,'evaluation_window',3,'2026-06-09 09:27:34'),(213,633,NULL,'Evaluation Window Closed','Evaluation window is now closed for Semester 1 2025/2026.','system',0,'evaluation_window',3,'2026-06-09 09:27:34'),(214,634,NULL,'Evaluation Window Closed','Evaluation window is now closed for Semester 1 2025/2026.','system',0,'evaluation_window',3,'2026-06-09 09:27:34'),(215,635,NULL,'Evaluation Window Closed','Evaluation window is now closed for Semester 1 2025/2026.','system',0,'evaluation_window',3,'2026-06-09 09:27:34'),(216,636,NULL,'Evaluation Window Closed','Evaluation window is now closed for Semester 1 2025/2026.','system',0,'evaluation_window',3,'2026-06-09 09:27:34'),(217,637,NULL,'Evaluation Window Closed','Evaluation window is now closed for Semester 1 2025/2026.','system',0,'evaluation_window',3,'2026-06-09 09:27:34'),(218,638,NULL,'Evaluation Window Closed','Evaluation window is now closed for Semester 1 2025/2026.','system',0,'evaluation_window',3,'2026-06-09 09:27:34'),(219,639,NULL,'Evaluation Window Closed','Evaluation window is now closed for Semester 1 2025/2026.','system',0,'evaluation_window',3,'2026-06-09 09:27:34'),(220,2,NULL,'Evaluation Window Open','Evaluation window is now open for Semester 1 2025/2026.','system',0,'evaluation_window',4,'2026-06-09 09:27:42'),(221,5,NULL,'Evaluation Window Open','Evaluation window is now open for Semester 1 2025/2026.','system',0,'evaluation_window',4,'2026-06-09 09:27:42'),(222,610,NULL,'Evaluation Window Open','Evaluation window is now open for Semester 1 2025/2026.','system',0,'evaluation_window',4,'2026-06-09 09:27:42'),(223,611,NULL,'Evaluation Window Open','Evaluation window is now open for Semester 1 2025/2026.','system',0,'evaluation_window',4,'2026-06-09 09:27:42'),(224,612,NULL,'Evaluation Window Open','Evaluation window is now open for Semester 1 2025/2026.','system',0,'evaluation_window',4,'2026-06-09 09:27:42'),(225,613,NULL,'Evaluation Window Open','Evaluation window is now open for Semester 1 2025/2026.','system',0,'evaluation_window',4,'2026-06-09 09:27:42'),(226,614,NULL,'Evaluation Window Open','Evaluation window is now open for Semester 1 2025/2026.','system',0,'evaluation_window',4,'2026-06-09 09:27:42'),(227,615,NULL,'Evaluation Window Open','Evaluation window is now open for Semester 1 2025/2026.','system',0,'evaluation_window',4,'2026-06-09 09:27:42'),(228,616,NULL,'Evaluation Window Open','Evaluation window is now open for Semester 1 2025/2026.','system',0,'evaluation_window',4,'2026-06-09 09:27:42'),(229,617,NULL,'Evaluation Window Open','Evaluation window is now open for Semester 1 2025/2026.','system',0,'evaluation_window',4,'2026-06-09 09:27:42'),(230,618,NULL,'Evaluation Window Open','Evaluation window is now open for Semester 1 2025/2026.','system',0,'evaluation_window',4,'2026-06-09 09:27:42'),(231,619,NULL,'Evaluation Window Open','Evaluation window is now open for Semester 1 2025/2026.','system',0,'evaluation_window',4,'2026-06-09 09:27:42'),(232,620,NULL,'Evaluation Window Open','Evaluation window is now open for Semester 1 2025/2026.','system',0,'evaluation_window',4,'2026-06-09 09:27:42'),(233,621,NULL,'Evaluation Window Open','Evaluation window is now open for Semester 1 2025/2026.','system',0,'evaluation_window',4,'2026-06-09 09:27:42'),(234,622,NULL,'Evaluation Window Open','Evaluation window is now open for Semester 1 2025/2026.','system',0,'evaluation_window',4,'2026-06-09 09:27:42'),(235,623,NULL,'Evaluation Window Open','Evaluation window is now open for Semester 1 2025/2026.','system',0,'evaluation_window',4,'2026-06-09 09:27:42'),(236,624,NULL,'Evaluation Window Open','Evaluation window is now open for Semester 1 2025/2026.','system',0,'evaluation_window',4,'2026-06-09 09:27:42'),(237,625,NULL,'Evaluation Window Open','Evaluation window is now open for Semester 1 2025/2026.','system',0,'evaluation_window',4,'2026-06-09 09:27:42'),(238,626,NULL,'Evaluation Window Open','Evaluation window is now open for Semester 1 2025/2026.','system',0,'evaluation_window',4,'2026-06-09 09:27:42'),(239,627,NULL,'Evaluation Window Open','Evaluation window is now open for Semester 1 2025/2026.','system',0,'evaluation_window',4,'2026-06-09 09:27:42'),(240,628,NULL,'Evaluation Window Open','Evaluation window is now open for Semester 1 2025/2026.','system',0,'evaluation_window',4,'2026-06-09 09:27:42'),(241,629,NULL,'Evaluation Window Open','Evaluation window is now open for Semester 1 2025/2026.','system',0,'evaluation_window',4,'2026-06-09 09:27:42'),(242,630,NULL,'Evaluation Window Open','Evaluation window is now open for Semester 1 2025/2026.','system',0,'evaluation_window',4,'2026-06-09 09:27:42'),(243,631,NULL,'Evaluation Window Open','Evaluation window is now open for Semester 1 2025/2026.','system',0,'evaluation_window',4,'2026-06-09 09:27:42'),(244,632,NULL,'Evaluation Window Open','Evaluation window is now open for Semester 1 2025/2026.','system',0,'evaluation_window',4,'2026-06-09 09:27:42'),(245,633,NULL,'Evaluation Window Open','Evaluation window is now open for Semester 1 2025/2026.','system',0,'evaluation_window',4,'2026-06-09 09:27:42'),(246,634,NULL,'Evaluation Window Open','Evaluation window is now open for Semester 1 2025/2026.','system',0,'evaluation_window',4,'2026-06-09 09:27:42'),(247,635,NULL,'Evaluation Window Open','Evaluation window is now open for Semester 1 2025/2026.','system',0,'evaluation_window',4,'2026-06-09 09:27:42'),(248,636,NULL,'Evaluation Window Open','Evaluation window is now open for Semester 1 2025/2026.','system',0,'evaluation_window',4,'2026-06-09 09:27:42'),(249,637,NULL,'Evaluation Window Open','Evaluation window is now open for Semester 1 2025/2026.','system',0,'evaluation_window',4,'2026-06-09 09:27:42'),(250,638,NULL,'Evaluation Window Open','Evaluation window is now open for Semester 1 2025/2026.','system',0,'evaluation_window',4,'2026-06-09 09:27:42'),(251,639,NULL,'Evaluation Window Open','Evaluation window is now open for Semester 1 2025/2026.','system',0,'evaluation_window',4,'2026-06-09 09:27:42'),(252,3,NULL,'Demo System Ready','The LES demo database has users, modules, evaluation data, and notifications for testing.','system',0,'demo_seed',NULL,'2026-06-09 14:05:26'),(253,5,NULL,'Evaluation Window Open','You can submit lecturer evaluations for Semester 1 - 2025/2026.','info',0,'demo_seed',NULL,'2026-06-09 14:05:26'),(254,10,NULL,'Module Assignment','You have demo module assignments and sample evaluation charts available.','info',0,'demo_seed',NULL,'2026-06-09 14:05:26'),(255,167,NULL,'Department Analytics Ready','Sample department evaluation data is available for dashboard testing.','info',0,'demo_seed',NULL,'2026-06-09 14:05:26'),(256,237,NULL,'Faculty Analytics Ready','Sample faculty-wide evaluation data is available for dashboard testing.','info',0,'demo_seed',NULL,'2026-06-09 14:05:26'),(257,2065,NULL,'mkm','knjn','success',1,NULL,NULL,'2026-06-09 14:12:29');
/*!40000 ALTER TABLE `notifications` ENABLE KEYS */;
UNLOCK TABLES;

--
-- Table structure for table `password_reset_requests`
--

DROP TABLE IF EXISTS `password_reset_requests`;
/*!40101 SET @saved_cs_client     = @@character_set_client */;
/*!50503 SET character_set_client = utf8mb4 */;
CREATE TABLE `password_reset_requests` (
  `id` int NOT NULL AUTO_INCREMENT,
  `user_id` int NOT NULL,
  `university_id` varchar(50) NOT NULL,
  `email` varchar(150) NOT NULL,
  `status` enum('pending','approved','rejected') NOT NULL DEFAULT 'pending',
  `requested_at` timestamp NULL DEFAULT CURRENT_TIMESTAMP,
  `reviewed_by` int DEFAULT NULL,
  `reviewed_at` timestamp NULL DEFAULT NULL,
  `admin_note` text,
  PRIMARY KEY (`id`),
  KEY `fk_password_reset_requests_reviewed_by` (`reviewed_by`),
  KEY `idx_password_reset_requests_user_status` (`user_id`,`status`),
  KEY `idx_password_reset_requests_status` (`status`),
  KEY `idx_password_reset_requests_requested_at` (`requested_at`),
  CONSTRAINT `fk_password_reset_requests_reviewed_by` FOREIGN KEY (`reviewed_by`) REFERENCES `users` (`id`) ON DELETE SET NULL ON UPDATE CASCADE,
  CONSTRAINT `fk_password_reset_requests_user` FOREIGN KEY (`user_id`) REFERENCES `users` (`id`) ON DELETE CASCADE ON UPDATE CASCADE
) ENGINE=InnoDB AUTO_INCREMENT=3 DEFAULT CHARSET=utf8mb4 COLLATE=utf8mb4_0900_ai_ci;
/*!40101 SET character_set_client = @saved_cs_client */;

--
-- Dumping data for table `password_reset_requests`
--

LOCK TABLES `password_reset_requests` WRITE;
/*!40000 ALTER TABLE `password_reset_requests` DISABLE KEYS */;
INSERT INTO `password_reset_requests` VALUES (1,2,'SCI2026902','mohamedsabri1717@gmail.com','approved','2026-06-09 08:11:57',3,'2026-06-09 08:12:31',NULL),(2,2,'SCI2026902','mohamedsabri1717@gmail.com','approved','2026-06-09 08:15:08',3,'2026-06-09 08:15:24',NULL);
/*!40000 ALTER TABLE `password_reset_requests` ENABLE KEYS */;
UNLOCK TABLES;

--
-- Table structure for table `questions`
--

DROP TABLE IF EXISTS `questions`;
/*!40101 SET @saved_cs_client     = @@character_set_client */;
/*!50503 SET character_set_client = utf8mb4 */;
CREATE TABLE `questions` (
  `id` int NOT NULL AUTO_INCREMENT,
  `type` enum('theory','practical') NOT NULL DEFAULT 'theory',
  `label` varchar(100) DEFAULT NULL,
  `question_text` text NOT NULL,
  `display_order` int NOT NULL DEFAULT '0',
  `is_active` tinyint(1) NOT NULL DEFAULT '1',
  `category` varchar(100) NOT NULL,
  `created_at` timestamp NULL DEFAULT CURRENT_TIMESTAMP,
  PRIMARY KEY (`id`),
  KEY `idx_questions_type_active_order` (`type`,`is_active`,`display_order`)
) ENGINE=InnoDB AUTO_INCREMENT=21 DEFAULT CHARSET=utf8mb4 COLLATE=utf8mb4_0900_ai_ci;
/*!40101 SET character_set_client = @saved_cs_client */;

--
-- Dumping data for table `questions`
--

LOCK TABLES `questions` WRITE;
/*!40000 ALTER TABLE `questions` DISABLE KEYS */;
INSERT INTO `questions` VALUES (1,'theory','T1','The lecturer explains lecture concepts clearly and at an appropriate level.',1,1,'theory','2026-06-08 07:27:03'),(2,'theory','T2','The lecturer demonstrates strong subject knowledge in the course content.',2,1,'theory','2026-06-08 07:27:03'),(3,'theory','T3','The lectures are well organized and follow a logical sequence.',3,1,'theory','2026-06-08 07:27:03'),(4,'theory','T4','The lecturer communicates effectively and is easy to understand.',4,1,'theory','2026-06-08 07:27:03'),(5,'theory','T5','The lecturer uses relevant examples to connect theory with scientific applications.',5,1,'theory','2026-06-08 07:27:03'),(6,'theory','T6','The lecturer encourages student participation and engagement during lectures.',6,1,'theory','2026-06-08 07:27:03'),(7,'theory','T7','The lecturer applies fair and transparent assessment expectations.',7,1,'theory','2026-06-08 07:27:03'),(8,'theory','T8','The lectures help students achieve the intended learning outcomes of the course.',8,1,'theory','2026-06-08 07:27:03'),(9,'theory','T9','The lecturer is punctual and uses scheduled lecture time effectively.',9,1,'theory','2026-06-08 07:27:03'),(10,'theory','T10','Overall, the lecturer provides high quality teaching for this theory course.',10,1,'theory','2026-06-08 07:27:03'),(11,'practical','P1','The practical sessions are well organized and prepared in advance.',1,1,'practical','2026-06-08 07:27:03'),(12,'practical','P2','The lecturer or demonstrator provides clear demonstrations before practical work begins.',2,1,'practical','2026-06-08 07:27:03'),(13,'practical','P3','Laboratory safety instructions are clearly explained and consistently reinforced.',3,1,'practical','2026-06-08 07:27:03'),(14,'practical','P4','The lecturer provides helpful guidance while students perform practical activities.',4,1,'practical','2026-06-08 07:27:03'),(15,'practical','P5','Required equipment, specimens, chemicals, or materials are available and suitable for the practical work.',5,1,'practical','2026-06-08 07:27:03'),(16,'practical','P6','The practical sessions help students develop relevant scientific and technical skills.',6,1,'practical','2026-06-08 07:27:03'),(17,'practical','P7','Experimental procedures are explained clearly before students begin the tasks.',7,1,'practical','2026-06-08 07:27:03'),(18,'practical','P8','The lecturer gives useful feedback on student performance and practical records.',8,1,'practical','2026-06-08 07:27:03'),(19,'practical','P9','Practical session time is managed effectively to complete the intended activities.',9,1,'practical','2026-06-08 07:27:03'),(20,'practical','P10','The practical sessions help students achieve the intended learning outcomes of the course.',10,1,'practical','2026-06-08 07:27:03');
/*!40000 ALTER TABLE `questions` ENABLE KEYS */;
UNLOCK TABLES;

--
-- Table structure for table `reports`
--

DROP TABLE IF EXISTS `reports`;
/*!40101 SET @saved_cs_client     = @@character_set_client */;
/*!50503 SET character_set_client = utf8mb4 */;
CREATE TABLE `reports` (
  `id` int NOT NULL AUTO_INCREMENT,
  `report_title` varchar(200) NOT NULL,
  `report_type` varchar(100) NOT NULL,
  `generated_by` int NOT NULL,
  `created_at` timestamp NULL DEFAULT CURRENT_TIMESTAMP,
  PRIMARY KEY (`id`),
  KEY `fk_reports_generated_by` (`generated_by`),
  CONSTRAINT `fk_reports_generated_by` FOREIGN KEY (`generated_by`) REFERENCES `users` (`id`) ON DELETE RESTRICT ON UPDATE CASCADE
) ENGINE=InnoDB DEFAULT CHARSET=utf8mb4 COLLATE=utf8mb4_0900_ai_ci;
/*!40101 SET character_set_client = @saved_cs_client */;

--
-- Dumping data for table `reports`
--

LOCK TABLES `reports` WRITE;
/*!40000 ALTER TABLE `reports` DISABLE KEYS */;
/*!40000 ALTER TABLE `reports` ENABLE KEYS */;
UNLOCK TABLES;

--
-- Table structure for table `semesters`
--

DROP TABLE IF EXISTS `semesters`;
/*!40101 SET @saved_cs_client     = @@character_set_client */;
/*!50503 SET character_set_client = utf8mb4 */;
CREATE TABLE `semesters` (
  `id` int NOT NULL AUTO_INCREMENT,
  `semester_name` varchar(100) NOT NULL,
  `academic_year` varchar(20) NOT NULL,
  `is_active` tinyint(1) NOT NULL DEFAULT '0',
  `created_at` timestamp NULL DEFAULT CURRENT_TIMESTAMP,
  PRIMARY KEY (`id`),
  KEY `idx_semesters_academic_year` (`academic_year`),
  KEY `uq_semesters_name_year` (`semester_name`,`academic_year`)
) ENGINE=InnoDB AUTO_INCREMENT=37 DEFAULT CHARSET=utf8mb4 COLLATE=utf8mb4_0900_ai_ci;
/*!40101 SET character_set_client = @saved_cs_client */;

--
-- Dumping data for table `semesters`
--

LOCK TABLES `semesters` WRITE;
/*!40000 ALTER TABLE `semesters` DISABLE KEYS */;
INSERT INTO `semesters` VALUES (3,'Semester 2','2025/2026',0,'2026-06-01 19:04:27'),(19,'Semester 1','2025/2026',1,'2026-06-01 19:37:28');
/*!40000 ALTER TABLE `semesters` ENABLE KEYS */;
UNLOCK TABLES;

--
-- Table structure for table `supervision_reports`
--

DROP TABLE IF EXISTS `supervision_reports`;
/*!40101 SET @saved_cs_client     = @@character_set_client */;
/*!50503 SET character_set_client = utf8mb4 */;
CREATE TABLE `supervision_reports` (
  `id` int NOT NULL AUTO_INCREMENT,
  `lecturer_id` int NOT NULL,
  `title` varchar(200) NOT NULL,
  `file_name` varchar(255) NOT NULL,
  `file_path` varchar(500) NOT NULL,
  `file_type` varchar(100) NOT NULL,
  `file_size` int unsigned NOT NULL,
  `status` enum('submitted','under_review','accepted','rejected') NOT NULL DEFAULT 'submitted',
  `admin_comment` text,
  `reviewed_by` int DEFAULT NULL,
  `reviewed_at` timestamp NULL DEFAULT NULL,
  `submitted_at` timestamp NULL DEFAULT CURRENT_TIMESTAMP,
  PRIMARY KEY (`id`),
  KEY `fk_supervision_reports_reviewed_by` (`reviewed_by`),
  KEY `idx_supervision_reports_lecturer_id` (`lecturer_id`),
  KEY `idx_supervision_reports_status` (`status`),
  KEY `idx_supervision_reports_submitted_at` (`submitted_at`),
  CONSTRAINT `fk_supervision_reports_lecturer` FOREIGN KEY (`lecturer_id`) REFERENCES `users` (`id`) ON DELETE CASCADE ON UPDATE CASCADE,
  CONSTRAINT `fk_supervision_reports_reviewed_by` FOREIGN KEY (`reviewed_by`) REFERENCES `users` (`id`) ON DELETE SET NULL ON UPDATE CASCADE
) ENGINE=InnoDB AUTO_INCREMENT=3 DEFAULT CHARSET=utf8mb4 COLLATE=utf8mb4_0900_ai_ci;
/*!40101 SET character_set_client = @saved_cs_client */;

--
-- Dumping data for table `supervision_reports`
--

LOCK TABLES `supervision_reports` WRITE;
/*!40000 ALTER TABLE `supervision_reports` DISABLE KEYS */;
INSERT INTO `supervision_reports` VALUES (1,10,'sab','LES_Project_Documentation (2).pdf','uploads\\supervision-reports\\supervision-10-1780907341935-54162116.pdf','application/pdf',202152,'submitted',NULL,NULL,NULL,'2026-06-08 08:29:01'),(2,7,'wefwe','IT22926180_SQA_final_report_2026.pdf','uploads\\supervision-reports\\supervision-7-1780911230448-495754986.pdf','application/pdf',257121,'under_review',NULL,3,'2026-06-08 15:23:19','2026-06-08 09:33:50');
/*!40000 ALTER TABLE `supervision_reports` ENABLE KEYS */;
UNLOCK TABLES;

--
-- Table structure for table `users`
--

DROP TABLE IF EXISTS `users`;
/*!40101 SET @saved_cs_client     = @@character_set_client */;
/*!50503 SET character_set_client = utf8mb4 */;
CREATE TABLE `users` (
  `id` int NOT NULL AUTO_INCREMENT,
  `university_id` varchar(50) DEFAULT NULL,
  `full_name` varchar(150) NOT NULL,
  `email` varchar(150) NOT NULL,
  `password` varchar(255) NOT NULL,
  `role` enum('student','lecturer','admin','hod','dean') NOT NULL,
  `status` enum('pending','approved','rejected') NOT NULL DEFAULT 'pending',
  `department_id` int DEFAULT NULL,
  `profile_photo` varchar(500) DEFAULT NULL,
  `phone` varchar(30) DEFAULT NULL,
  `first_login` tinyint(1) NOT NULL DEFAULT '1',
  `must_change_password` tinyint(1) NOT NULL DEFAULT '1',
  `created_by` int DEFAULT NULL,
  `last_login` datetime DEFAULT NULL,
  `deleted_at` datetime DEFAULT NULL,
  `created_at` timestamp NULL DEFAULT CURRENT_TIMESTAMP,
  `updated_at` timestamp NULL DEFAULT CURRENT_TIMESTAMP ON UPDATE CURRENT_TIMESTAMP,
  PRIMARY KEY (`id`),
  UNIQUE KEY `email` (`email`),
  UNIQUE KEY `university_id` (`university_id`),
  UNIQUE KEY `uq_users_university_id` (`university_id`),
  KEY `idx_users_department_id` (`department_id`),
  KEY `idx_users_role_status` (`role`,`status`),
  CONSTRAINT `fk_users_department` FOREIGN KEY (`department_id`) REFERENCES `departments` (`id`) ON DELETE SET NULL ON UPDATE CASCADE
) ENGINE=InnoDB AUTO_INCREMENT=4016 DEFAULT CHARSET=utf8mb4 COLLATE=utf8mb4_0900_ai_ci;
/*!40101 SET character_set_client = @saved_cs_client */;

--
-- Dumping data for table `users`
--

LOCK TABLES `users` WRITE;
/*!40000 ALTER TABLE `users` DISABLE KEYS */;
INSERT INTO `users` VALUES (1,'SCI2026901','Test User','testuser20260602003617@example.com','$2b$10$TNrflhxfLC4mo99cYJUQQu2Iqg97IlUTOx5kFGc45oYcUulpqo/8i','student','pending',1,NULL,NULL,1,1,NULL,NULL,NULL,'2026-06-01 19:06:17','2026-06-08 16:22:55'),(2,'SCI2026902','Sabri Mazahim','mohamedsabri1717@gmail.com','$2b$10$6ioXR8UUMO5PNnLWKbP90eNXekAs0le2M9Su2X3vM3/IcpmtzZ8X6','student','approved',9,NULL,NULL,0,0,NULL,'2026-06-09 13:46:08',NULL,'2026-06-01 19:06:55','2026-06-09 08:16:28'),(3,'ADM001','Hasna Faizar','admin@ruhuna.lk','$2b$10$edPFxNyX9F3gARQ5wNW8Bu6hBlihLbZmk./5PBxAhwzwaOB3JCbqe','admin','approved',1,'/uploads/profile-photos/profile-3-1780990869947-256593907.jpg',NULL,0,0,NULL,'2026-06-09 13:36:54',NULL,'2026-06-01 19:12:21','2026-06-09 14:39:34'),(4,'LEC901','mark','Mark@gmail.com','$2b$10$.60E/6Bu2pmuohrp/oi1Kex7OhrBw2aj/Tm7HBSq1BpP/STH43WOq','lecturer','approved',3,NULL,NULL,1,1,NULL,NULL,NULL,'2026-06-01 19:19:31','2026-06-08 16:22:55'),(5,'SCI2026001','Ayesha Perera','student@ruhuna.lk','$2b$10$NJKVdTAbOjFhkmTcJjUB2e9BIznJePy50EmyjSvoYsOl6khNMPl9.','student','approved',1,NULL,NULL,1,1,NULL,'2026-06-08 22:00:33',NULL,'2026-06-08 07:51:10','2026-06-09 14:39:34'),(6,'LEC001','Dr. Nimal Jayasinghe','nimal.jayasinghe@ruhuna.lk','$2b$10$NJKVdTAbOjFhkmTcJjUB2e9BIznJePy50EmyjSvoYsOl6khNMPl9.','lecturer','approved',1,'/uploads/profile-photos/profile-6-1780938813434-435962121.png',NULL,1,1,NULL,'2026-06-08 22:42:42',NULL,'2026-06-08 07:51:10','2026-06-09 14:39:34'),(7,'LEC002','Dr. Tharushi Fernando','tharushi.fernando@ruhuna.lk','$2b$10$NJKVdTAbOjFhkmTcJjUB2e9BIznJePy50EmyjSvoYsOl6khNMPl9.','lecturer','approved',3,NULL,NULL,1,1,NULL,NULL,NULL,'2026-06-08 07:51:10','2026-06-09 14:39:34'),(8,'LEC003','Dr. Kasun Silva','kasun.silva@ruhuna.lk','$2b$10$NJKVdTAbOjFhkmTcJjUB2e9BIznJePy50EmyjSvoYsOl6khNMPl9.','lecturer','approved',5,NULL,NULL,1,1,NULL,NULL,NULL,'2026-06-08 07:51:10','2026-06-09 14:39:34'),(9,'LEC004','Dr. Malsha Weerasinghe','malsha.weerasinghe@ruhuna.lk','$2b$10$NJKVdTAbOjFhkmTcJjUB2e9BIznJePy50EmyjSvoYsOl6khNMPl9.','lecturer','approved',7,NULL,NULL,1,1,NULL,NULL,NULL,'2026-06-08 07:51:10','2026-06-09 14:39:34'),(10,'LEC005','Dr. Sandeepani Dias','sandeepani.dias@ruhuna.lk','$2b$10$NJKVdTAbOjFhkmTcJjUB2e9BIznJePy50EmyjSvoYsOl6khNMPl9.','lecturer','approved',9,NULL,NULL,1,1,NULL,NULL,NULL,'2026-06-08 07:51:10','2026-06-09 14:39:34'),(11,'LEC006','Dr. Ruwan Bandara','ruwan.bandara@ruhuna.lk','$2b$10$NJKVdTAbOjFhkmTcJjUB2e9BIznJePy50EmyjSvoYsOl6khNMPl9.','lecturer','approved',11,NULL,NULL,1,1,NULL,NULL,NULL,'2026-06-08 07:51:10','2026-06-09 14:39:34'),(167,'HOD005','Dr. Chamari Gunawardena','hod.botany@ruhuna.lk','$2b$10$NJKVdTAbOjFhkmTcJjUB2e9BIznJePy50EmyjSvoYsOl6khNMPl9.','hod','approved',9,NULL,NULL,1,1,NULL,NULL,NULL,'2026-06-08 08:33:50','2026-06-09 14:39:34'),(168,'HOD002','Dr. Pradeep Wijesinghe','hod.mathematics@ruhuna.lk','$2b$10$NJKVdTAbOjFhkmTcJjUB2e9BIznJePy50EmyjSvoYsOl6khNMPl9.','hod','approved',3,NULL,NULL,1,1,NULL,NULL,NULL,'2026-06-08 08:33:50','2026-06-09 14:39:34'),(169,'HOD001','Dr. Shalini Rathnayake','hod.cs@ruhuna.lk','$2b$10$NJKVdTAbOjFhkmTcJjUB2e9BIznJePy50EmyjSvoYsOl6khNMPl9.','hod','approved',1,NULL,NULL,1,1,NULL,NULL,NULL,'2026-06-08 08:33:50','2026-06-09 14:39:34'),(237,'DEAN001','Prof. Anoma Senanayake','dean.science@ruhuna.lk','$2b$10$NJKVdTAbOjFhkmTcJjUB2e9BIznJePy50EmyjSvoYsOl6khNMPl9.','dean','approved',1,NULL,NULL,1,1,NULL,'2026-06-09 19:08:29',NULL,'2026-06-08 08:48:32','2026-06-09 14:39:34'),(610,'SCI2026002','Nethmi Fernando','sci2026002@student.ruhuna.lk','$2b$10$NJKVdTAbOjFhkmTcJjUB2e9BIznJePy50EmyjSvoYsOl6khNMPl9.','student','approved',1,NULL,NULL,1,1,NULL,NULL,NULL,'2026-06-08 16:22:18','2026-06-09 14:39:34'),(611,'SCI2026003','Kavindu Fernando','sci2026003@student.ruhuna.lk','$2b$10$NJKVdTAbOjFhkmTcJjUB2e9BIznJePy50EmyjSvoYsOl6khNMPl9.','student','approved',1,NULL,NULL,1,1,NULL,NULL,NULL,'2026-06-08 16:22:18','2026-06-09 14:39:34'),(612,'SCI2026004','Isuri Fernando','sci2026004@student.ruhuna.lk','$2b$10$NJKVdTAbOjFhkmTcJjUB2e9BIznJePy50EmyjSvoYsOl6khNMPl9.','student','approved',1,NULL,NULL,1,1,NULL,NULL,NULL,'2026-06-08 16:22:18','2026-06-09 14:39:34'),(613,'SCI2026005','Dinuka Fernando','sci2026005@student.ruhuna.lk','$2b$10$NJKVdTAbOjFhkmTcJjUB2e9BIznJePy50EmyjSvoYsOl6khNMPl9.','student','approved',1,NULL,NULL,1,1,NULL,NULL,NULL,'2026-06-08 16:22:18','2026-06-09 14:39:34'),(614,'SCI2026006','Thilini Fernando','sci2026006@student.ruhuna.lk','$2b$10$NJKVdTAbOjFhkmTcJjUB2e9BIznJePy50EmyjSvoYsOl6khNMPl9.','student','approved',1,NULL,NULL,1,1,NULL,NULL,NULL,'2026-06-08 16:22:18','2026-06-09 14:39:34'),(615,'SCI2026007','Nethmi Silva','sci2026007@student.ruhuna.lk','$2b$10$NJKVdTAbOjFhkmTcJjUB2e9BIznJePy50EmyjSvoYsOl6khNMPl9.','student','approved',3,NULL,NULL,1,1,NULL,NULL,NULL,'2026-06-08 16:22:18','2026-06-09 14:39:34'),(616,'SCI2026008','Kavindu Silva','sci2026008@student.ruhuna.lk','$2b$10$NJKVdTAbOjFhkmTcJjUB2e9BIznJePy50EmyjSvoYsOl6khNMPl9.','student','approved',3,NULL,NULL,1,1,NULL,NULL,NULL,'2026-06-08 16:22:18','2026-06-09 14:39:34'),(617,'SCI2026009','Isuri Silva','sci2026009@student.ruhuna.lk','$2b$10$NJKVdTAbOjFhkmTcJjUB2e9BIznJePy50EmyjSvoYsOl6khNMPl9.','student','approved',3,NULL,NULL,1,1,NULL,NULL,NULL,'2026-06-08 16:22:18','2026-06-09 14:39:34'),(618,'SCI2026010','Dinuka Silva','sci2026010@student.ruhuna.lk','$2b$10$NJKVdTAbOjFhkmTcJjUB2e9BIznJePy50EmyjSvoYsOl6khNMPl9.','student','approved',3,NULL,NULL,1,1,NULL,NULL,NULL,'2026-06-08 16:22:18','2026-06-09 14:39:34'),(619,'SCI2026011','Thilini Silva','sci2026011@student.ruhuna.lk','$2b$10$NJKVdTAbOjFhkmTcJjUB2e9BIznJePy50EmyjSvoYsOl6khNMPl9.','student','approved',3,NULL,NULL,1,1,NULL,NULL,NULL,'2026-06-08 16:22:18','2026-06-09 14:39:34'),(620,'SCI2026012','Nethmi Perera','sci2026012@student.ruhuna.lk','$2b$10$NJKVdTAbOjFhkmTcJjUB2e9BIznJePy50EmyjSvoYsOl6khNMPl9.','student','approved',5,NULL,NULL,1,1,NULL,NULL,NULL,'2026-06-08 16:22:18','2026-06-09 14:39:34'),(621,'SCI2026013','Kavindu Perera','sci2026013@student.ruhuna.lk','$2b$10$NJKVdTAbOjFhkmTcJjUB2e9BIznJePy50EmyjSvoYsOl6khNMPl9.','student','approved',5,NULL,NULL,1,1,NULL,NULL,NULL,'2026-06-08 16:22:18','2026-06-09 14:39:34'),(622,'SCI2026014','Isuri Perera','sci2026014@student.ruhuna.lk','$2b$10$NJKVdTAbOjFhkmTcJjUB2e9BIznJePy50EmyjSvoYsOl6khNMPl9.','student','approved',5,NULL,NULL,1,1,NULL,NULL,NULL,'2026-06-08 16:22:18','2026-06-09 14:39:34'),(623,'SCI2026015','Dinuka Perera','sci2026015@student.ruhuna.lk','$2b$10$NJKVdTAbOjFhkmTcJjUB2e9BIznJePy50EmyjSvoYsOl6khNMPl9.','student','approved',5,NULL,NULL,1,1,NULL,NULL,NULL,'2026-06-08 16:22:18','2026-06-09 14:39:34'),(624,'SCI2026016','Thilini Perera','sci2026016@student.ruhuna.lk','$2b$10$NJKVdTAbOjFhkmTcJjUB2e9BIznJePy50EmyjSvoYsOl6khNMPl9.','student','approved',5,NULL,NULL,1,1,NULL,NULL,NULL,'2026-06-08 16:22:18','2026-06-09 14:39:34'),(625,'SCI2026017','Nethmi Jayawardena','sci2026017@student.ruhuna.lk','$2b$10$NJKVdTAbOjFhkmTcJjUB2e9BIznJePy50EmyjSvoYsOl6khNMPl9.','student','approved',7,NULL,NULL,1,1,NULL,NULL,NULL,'2026-06-08 16:22:18','2026-06-09 14:39:34'),(626,'SCI2026018','Kavindu Jayawardena','sci2026018@student.ruhuna.lk','$2b$10$NJKVdTAbOjFhkmTcJjUB2e9BIznJePy50EmyjSvoYsOl6khNMPl9.','student','approved',7,NULL,NULL,1,1,NULL,NULL,NULL,'2026-06-08 16:22:18','2026-06-09 14:39:34'),(627,'SCI2026019','Isuri Jayawardena','sci2026019@student.ruhuna.lk','$2b$10$NJKVdTAbOjFhkmTcJjUB2e9BIznJePy50EmyjSvoYsOl6khNMPl9.','student','approved',7,NULL,NULL,1,1,NULL,NULL,NULL,'2026-06-08 16:22:18','2026-06-09 14:39:34'),(628,'SCI2026020','Dinuka Jayawardena','sci2026020@student.ruhuna.lk','$2b$10$NJKVdTAbOjFhkmTcJjUB2e9BIznJePy50EmyjSvoYsOl6khNMPl9.','student','approved',7,NULL,NULL,1,1,NULL,NULL,NULL,'2026-06-08 16:22:18','2026-06-09 14:39:34'),(629,'SCI2026021','Thilini Jayawardena','sci2026021@student.ruhuna.lk','$2b$10$NJKVdTAbOjFhkmTcJjUB2e9BIznJePy50EmyjSvoYsOl6khNMPl9.','student','approved',7,NULL,NULL,1,1,NULL,NULL,NULL,'2026-06-08 16:22:18','2026-06-09 14:39:34'),(630,'SCI2026022','Nethmi Bandara','sci2026022@student.ruhuna.lk','$2b$10$NJKVdTAbOjFhkmTcJjUB2e9BIznJePy50EmyjSvoYsOl6khNMPl9.','student','approved',9,NULL,NULL,1,1,NULL,NULL,NULL,'2026-06-08 16:22:18','2026-06-09 14:39:34'),(631,'SCI2026023','Kavindu Bandara','sci2026023@student.ruhuna.lk','$2b$10$NJKVdTAbOjFhkmTcJjUB2e9BIznJePy50EmyjSvoYsOl6khNMPl9.','student','approved',9,NULL,NULL,1,1,NULL,NULL,NULL,'2026-06-08 16:22:18','2026-06-09 14:39:34'),(632,'SCI2026024','Isuri Bandara','sci2026024@student.ruhuna.lk','$2b$10$NJKVdTAbOjFhkmTcJjUB2e9BIznJePy50EmyjSvoYsOl6khNMPl9.','student','approved',9,NULL,NULL,1,1,NULL,NULL,NULL,'2026-06-08 16:22:18','2026-06-09 14:39:34'),(633,'SCI2026025','Dinuka Bandara','sci2026025@student.ruhuna.lk','$2b$10$NJKVdTAbOjFhkmTcJjUB2e9BIznJePy50EmyjSvoYsOl6khNMPl9.','student','approved',9,NULL,NULL,1,1,NULL,NULL,NULL,'2026-06-08 16:22:18','2026-06-09 14:39:34'),(634,'SCI2026026','Thilini Bandara','sci2026026@student.ruhuna.lk','$2b$10$NJKVdTAbOjFhkmTcJjUB2e9BIznJePy50EmyjSvoYsOl6khNMPl9.','student','approved',9,NULL,NULL,1,1,NULL,NULL,NULL,'2026-06-08 16:22:18','2026-06-09 14:39:34'),(635,'SCI2026027','Nethmi Fernando','sci2026027@student.ruhuna.lk','$2b$10$NJKVdTAbOjFhkmTcJjUB2e9BIznJePy50EmyjSvoYsOl6khNMPl9.','student','approved',11,NULL,NULL,1,1,NULL,NULL,NULL,'2026-06-08 16:22:18','2026-06-09 14:39:34'),(636,'SCI2026028','Kavindu Fernando','sci2026028@student.ruhuna.lk','$2b$10$NJKVdTAbOjFhkmTcJjUB2e9BIznJePy50EmyjSvoYsOl6khNMPl9.','student','approved',11,NULL,NULL,1,1,NULL,NULL,NULL,'2026-06-08 16:22:18','2026-06-09 14:39:34'),(637,'SCI2026029','Isuri Fernando','sci2026029@student.ruhuna.lk','$2b$10$NJKVdTAbOjFhkmTcJjUB2e9BIznJePy50EmyjSvoYsOl6khNMPl9.','student','approved',11,NULL,NULL,1,1,NULL,NULL,NULL,'2026-06-08 16:22:18','2026-06-09 14:39:34'),(638,'SCI2026030','Dinuka Fernando','sci2026030@student.ruhuna.lk','$2b$10$NJKVdTAbOjFhkmTcJjUB2e9BIznJePy50EmyjSvoYsOl6khNMPl9.','student','approved',11,NULL,NULL,1,1,NULL,NULL,NULL,'2026-06-08 16:22:18','2026-06-09 14:39:34'),(639,'SCI2026031','Thilini Fernando','sci2026031@student.ruhuna.lk','$2b$10$NJKVdTAbOjFhkmTcJjUB2e9BIznJePy50EmyjSvoYsOl6khNMPl9.','student','approved',11,NULL,NULL,1,1,NULL,NULL,NULL,'2026-06-08 16:22:18','2026-06-09 14:39:34'),(640,'HOD003','Dr. Menaka Amarasinghe','hod.chemistry@ruhuna.lk','$2b$10$NJKVdTAbOjFhkmTcJjUB2e9BIznJePy50EmyjSvoYsOl6khNMPl9.','hod','approved',5,NULL,NULL,1,1,NULL,'2026-06-09 19:05:48',NULL,'2026-06-08 16:22:18','2026-06-09 14:39:34'),(641,'HOD004','Dr. Ranjith Ekanayake','hod.zoology@ruhuna.lk','$2b$10$NJKVdTAbOjFhkmTcJjUB2e9BIznJePy50EmyjSvoYsOl6khNMPl9.','hod','approved',7,NULL,NULL,1,1,NULL,NULL,NULL,'2026-06-08 16:22:18','2026-06-09 14:39:34'),(642,'HOD006','Dr. Lakmal Samarasinghe','hod.physics@ruhuna.lk','$2b$10$NJKVdTAbOjFhkmTcJjUB2e9BIznJePy50EmyjSvoYsOl6khNMPl9.','hod','approved',11,NULL,NULL,1,1,NULL,'2026-06-09 14:18:11',NULL,'2026-06-08 16:22:18','2026-06-09 14:39:34'),(643,'LEC007','Dr. Inoka Liyanage','inoka.liyanage@ruhuna.lk','$2b$10$NJKVdTAbOjFhkmTcJjUB2e9BIznJePy50EmyjSvoYsOl6khNMPl9.','lecturer','approved',1,NULL,NULL,1,1,NULL,NULL,NULL,'2026-06-08 16:22:18','2026-06-09 14:39:34'),(644,'LEC008','Dr. Dinesh Karunaratne','dinesh.karunaratne@ruhuna.lk','$2b$10$NJKVdTAbOjFhkmTcJjUB2e9BIznJePy50EmyjSvoYsOl6khNMPl9.','lecturer','approved',3,NULL,NULL,1,1,NULL,NULL,NULL,'2026-06-08 16:22:18','2026-06-09 14:39:34'),(645,'LEC009','Dr. Himashi Nanayakkara','himashi.nanayakkara@ruhuna.lk','$2b$10$NJKVdTAbOjFhkmTcJjUB2e9BIznJePy50EmyjSvoYsOl6khNMPl9.','lecturer','approved',5,NULL,NULL,1,1,NULL,NULL,NULL,'2026-06-08 16:22:18','2026-06-09 14:39:34'),(646,'LEC010','Dr. Pubudu Herath','pubudu.herath@ruhuna.lk','$2b$10$NJKVdTAbOjFhkmTcJjUB2e9BIznJePy50EmyjSvoYsOl6khNMPl9.','lecturer','approved',7,NULL,NULL,1,1,NULL,NULL,NULL,'2026-06-08 16:22:18','2026-06-09 14:39:34'),(647,'LEC011','Dr. Nadeesha Kulathunga','nadeesha.kulathunga@ruhuna.lk','$2b$10$NJKVdTAbOjFhkmTcJjUB2e9BIznJePy50EmyjSvoYsOl6khNMPl9.','lecturer','approved',9,NULL,NULL,1,1,NULL,NULL,NULL,'2026-06-08 16:22:18','2026-06-09 14:39:34'),(648,'LEC012','Dr. Viraj Abeysekara','viraj.abeysekara@ruhuna.lk','$2b$10$NJKVdTAbOjFhkmTcJjUB2e9BIznJePy50EmyjSvoYsOl6khNMPl9.','lecturer','approved',11,NULL,NULL,1,1,NULL,NULL,NULL,'2026-06-08 16:22:18','2026-06-09 14:39:34'),(1300,'DEL1300_LE789','de','deleted-1300-sabricolombo17@gmail.com','$2b$10$S/ZyVicKo1P96B.AKR.kOeSIRH3ylSYg9qMiLbEImfikLSH4EXYMa','lecturer','rejected',9,NULL,NULL,1,1,3,'2026-06-08 22:11:02','2026-06-09 12:52:25','2026-06-08 16:39:24','2026-06-09 07:22:25'),(1901,'TEST1780937986160','Test Lecturer','test1780937986160@ruhuna.lk','$2b$10$gUa0ThgQETzsoze5n9k3HOmrsOeZICq4HqOAHSTM3mwtxKy46x7Oi','lecturer','rejected',1,NULL,'0710000000',1,1,3,NULL,'2026-06-08 22:29:46','2026-06-08 16:59:46','2026-06-08 16:59:46'),(1906,'DEL1906_LE123','Dr. Denuri','deleted-1906-denuri177@gmail.com','$2b$10$GZNW.fXUnEU4F2nSpU7MR.SJpU2Vbfim9Tm5LkGj/LX7ee8YWbB/S','lecturer','rejected',5,NULL,'0777163225',1,1,3,'2026-06-08 22:44:00','2026-06-09 12:52:29','2026-06-08 17:09:14','2026-06-09 07:22:29'),(1957,'REUSE1780989201843','Reusable Lecturer','reuse1780989201843@ruhuna.lk','$2b$10$/9zPobGuo6tXF0cxk.vukuDIepHer5foHPevDtxr/nfGe2auADusC','lecturer','rejected',1,NULL,'0710000000',1,1,3,NULL,'2026-06-09 12:43:22','2026-06-09 07:13:21','2026-06-09 07:13:22'),(2008,'DEL2008_FREE1780989713761','Free Unique Lecturer','deleted-2008-free1780989713761@ruhuna.lk','$2b$10$W.kyAztiKY6FFFZLl.HqO.MFwhF1Q4xh6tNDa8eJK5WhLwv2jTNtm','lecturer','rejected',5,NULL,'0777163225',1,1,3,NULL,'2026-06-09 12:51:53','2026-06-09 07:21:53','2026-06-09 07:21:53'),(2009,'DELTEST2009','Free Unique Lecturer','deleted-test-2009@ruhuna.lk','$2b$10$H8pvs1HgUf/8EkRbdJs1eOko7WZvfimJwVNALdMMrArJM3QikcnEi','lecturer','rejected',5,NULL,'0777163225',1,1,3,NULL,'2026-06-09 12:51:53','2026-06-09 07:21:53','2026-06-09 07:21:53'),(2010,'DEL2010_LE123','denuri','deleted-2010-denuri177@gmail.com','$2b$10$8oLb49aR4.CuN/83ZhFIWOWvrk.oIWOFcRK66N50UbBf5DrKP8rqa','lecturer','rejected',9,NULL,'0777163225',1,1,3,NULL,'2026-06-09 13:04:12','2026-06-09 07:22:47','2026-06-09 07:34:12'),(2011,'DEL2011_RE89853378','Delete Recreate Lecturer','deleted-2011-redel89853378@ruhuna.lk','$2b$10$o1wbo3bECRU0K7uICsynQePV5xWqCxksTRpk6MsYPXLttgJ.u75n2','lecturer','rejected',5,NULL,'0777163225',1,1,3,NULL,'2026-06-09 12:54:13','2026-06-09 07:24:13','2026-06-09 07:24:13'),(2012,'CLEANDEL2012','Delete Recreate Lecturer','clean-2012@ruhuna.lk','$2b$10$0zGDS4dkehWBbAvxTuVtquRizbaDqzVFh5Bdi5WqCAgXAC98CBUWe','lecturer','rejected',5,NULL,'0777163225',1,1,3,NULL,'2026-06-09 12:54:13','2026-06-09 07:24:13','2026-06-09 07:24:13'),(2013,'DEL2013_LE123','denuri','deleted-2013-denuri177@gmail.com','$2b$10$5Gv07Cud5zrAerayNp8UBu4YKWJgQN1zAliSFgFehN9OmOwZzWV1.','student','rejected',9,NULL,'0777163225',1,1,3,NULL,'2026-06-09 13:05:58','2026-06-09 07:34:30','2026-06-09 07:35:58'),(2014,'DEL2014_LE789','sab','deleted-2014-sabricolombo17@gmail.com','$2b$10$8WEW2Gp5rWpjbLRSAb.jRulIvQKpSbF7I3/oLELuFr5vzzfLSQMXq','lecturer','rejected',1,NULL,'0777163225',1,1,3,NULL,'2026-06-09 13:09:51','2026-06-09 07:36:06','2026-06-09 07:39:51'),(2065,'LE123','Dr. Denuri','denuri177@gmail.com','$2b$10$XmSrNykJhcUyxk/FsXQcj.5XhttqJ3N24l1C88DLh9g5.3A9nIlYC','lecturer','approved',1,NULL,'0777163225',0,0,3,'2026-06-09 13:17:02',NULL,'2026-06-09 07:44:15','2026-06-09 08:35:14');
/*!40000 ALTER TABLE `users` ENABLE KEYS */;
UNLOCK TABLES;

--
-- Dumping routines for database 'lecturer_evaluation'
--
/*!40103 SET TIME_ZONE=@OLD_TIME_ZONE */;

/*!40101 SET SQL_MODE=@OLD_SQL_MODE */;
/*!40014 SET FOREIGN_KEY_CHECKS=@OLD_FOREIGN_KEY_CHECKS */;
/*!40014 SET UNIQUE_CHECKS=@OLD_UNIQUE_CHECKS */;
/*!40101 SET CHARACTER_SET_CLIENT=@OLD_CHARACTER_SET_CLIENT */;
/*!40101 SET CHARACTER_SET_RESULTS=@OLD_CHARACTER_SET_RESULTS */;
/*!40101 SET COLLATION_CONNECTION=@OLD_COLLATION_CONNECTION */;
/*!40111 SET SQL_NOTES=@OLD_SQL_NOTES */;

-- Dump completed on 2026-06-09 20:10:26
