-- MySQL dump 10.13  Distrib 8.0.45, for Win64 (x86_64)
--
-- Host: localhost    Database: lecturer_evaluation
-- ------------------------------------------------------
-- Server version	8.0.45

/*!40101 SET @OLD_CHARACTER_SET_CLIENT=@@CHARACTER_SET_CLIENT */;
/*!40101 SET @OLD_CHARACTER_SET_RESULTS=@@CHARACTER_SET_RESULTS */;
/*!40101 SET @OLD_COLLATION_CONNECTION=@@COLLATION_CONNECTION */;
/*!50503 SET NAMES utf8mb4 */;
/*!40103 SET @OLD_TIME_ZONE=@@TIME_ZONE */;
/*!40103 SET TIME_ZONE='+00:00' */;
/*!40014 SET @OLD_UNIQUE_CHECKS=@@UNIQUE_CHECKS, UNIQUE_CHECKS=0 */;
/*!40014 SET @OLD_FOREIGN_KEY_CHECKS=@@FOREIGN_KEY_CHECKS, FOREIGN_KEY_CHECKS=0 */;
/*!40101 SET @OLD_SQL_MODE=@@SQL_MODE, SQL_MODE='NO_AUTO_VALUE_ON_ZERO' */;
/*!40111 SET @OLD_SQL_NOTES=@@SQL_NOTES, SQL_NOTES=0 */;

--
-- Table structure for table `access_tokens`
--

DROP TABLE IF EXISTS `access_tokens`;
/*!40101 SET @saved_cs_client     = @@character_set_client */;
/*!50503 SET character_set_client = utf8mb4 */;
CREATE TABLE `access_tokens` (
  `id` int NOT NULL AUTO_INCREMENT,
  `token` varchar(255) NOT NULL,
  `department_id` int DEFAULT NULL,
  `semester_id` int NOT NULL,
  `academic_year` varchar(20) NOT NULL,
  `status` enum('active','revoked','expired') NOT NULL DEFAULT 'active',
  `expires_at` datetime NOT NULL,
  `created_by` int NOT NULL,
  `created_at` timestamp NULL DEFAULT CURRENT_TIMESTAMP,
  PRIMARY KEY (`id`),
  UNIQUE KEY `token` (`token`),
  KEY `fk_access_tokens_created_by` (`created_by`),
  KEY `idx_access_tokens_department_id` (`department_id`),
  KEY `idx_access_tokens_semester_id` (`semester_id`),
  KEY `idx_access_tokens_status` (`status`),
  CONSTRAINT `fk_access_tokens_created_by` FOREIGN KEY (`created_by`) REFERENCES `users` (`id`) ON DELETE RESTRICT ON UPDATE CASCADE,
  CONSTRAINT `fk_access_tokens_department` FOREIGN KEY (`department_id`) REFERENCES `departments` (`id`) ON DELETE SET NULL ON UPDATE CASCADE,
  CONSTRAINT `fk_access_tokens_semester` FOREIGN KEY (`semester_id`) REFERENCES `semesters` (`id`) ON DELETE CASCADE ON UPDATE CASCADE
) ENGINE=InnoDB AUTO_INCREMENT=5 DEFAULT CHARSET=utf8mb4 COLLATE=utf8mb4_0900_ai_ci;
/*!40101 SET character_set_client = @saved_cs_client */;

--
-- Dumping data for table `access_tokens`
--

LOCK TABLES `access_tokens` WRITE;
/*!40000 ALTER TABLE `access_tokens` DISABLE KEYS */;
INSERT INTO `access_tokens` VALUES (1,'40cdd6b8374ff1e82da50b76a0d11289',9,3,'2025/2026','active','2026-06-08 14:44:00',3,'2026-06-08 09:14:11'),(4,'testtoken9991',NULL,37,'2023/2024','active','2026-07-13 21:33:33',1,'2026-07-13 15:03:33');
/*!40000 ALTER TABLE `access_tokens` ENABLE KEYS */;
UNLOCK TABLES;

--
-- Table structure for table `announcements`
--

DROP TABLE IF EXISTS `announcements`;
/*!40101 SET @saved_cs_client     = @@character_set_client */;
/*!50503 SET character_set_client = utf8mb4 */;
CREATE TABLE `announcements` (
  `id` int NOT NULL AUTO_INCREMENT,
  `title` varchar(200) NOT NULL,
  `message` text NOT NULL,
  `target_role` enum('all','student','lecturer','admin','hod','dean') NOT NULL DEFAULT 'all',
  `department_id` int DEFAULT NULL,
  `created_by` int NOT NULL,
  `created_at` timestamp NULL DEFAULT CURRENT_TIMESTAMP,
  PRIMARY KEY (`id`),
  KEY `fk_announcements_created_by` (`created_by`),
  KEY `idx_announcements_department_id` (`department_id`),
  KEY `idx_announcements_target_role` (`target_role`),
  CONSTRAINT `fk_announcements_created_by` FOREIGN KEY (`created_by`) REFERENCES `users` (`id`) ON DELETE RESTRICT ON UPDATE CASCADE,
  CONSTRAINT `fk_announcements_department` FOREIGN KEY (`department_id`) REFERENCES `departments` (`id`) ON DELETE SET NULL ON UPDATE CASCADE
) ENGINE=InnoDB AUTO_INCREMENT=5 DEFAULT CHARSET=utf8mb4 COLLATE=utf8mb4_0900_ai_ci;
/*!40101 SET character_set_client = @saved_cs_client */;

--
-- Dumping data for table `announcements`
--

LOCK TABLES `announcements` WRITE;
/*!40000 ALTER TABLE `announcements` DISABLE KEYS */;
INSERT INTO `announcements` VALUES (4,'wsas','zsx','all',NULL,3,'2026-06-09 08:31:13');
/*!40000 ALTER TABLE `announcements` ENABLE KEYS */;
UNLOCK TABLES;

--
-- Table structure for table `audit_logs`
--

DROP TABLE IF EXISTS `audit_logs`;
/*!40101 SET @saved_cs_client     = @@character_set_client */;
/*!50503 SET character_set_client = utf8mb4 */;
CREATE TABLE `audit_logs` (
  `id` int NOT NULL AUTO_INCREMENT,
  `user_id` int DEFAULT NULL,
  `action` varchar(100) NOT NULL,
  `entity_type` varchar(100) NOT NULL,
  `entity_id` int DEFAULT NULL,
  `details` json DEFAULT NULL,
  `created_at` timestamp NULL DEFAULT CURRENT_TIMESTAMP,
  PRIMARY KEY (`id`),
  KEY `idx_audit_logs_user_id` (`user_id`),
  KEY `idx_audit_logs_entity` (`entity_type`,`entity_id`),
  CONSTRAINT `fk_audit_logs_user` FOREIGN KEY (`user_id`) REFERENCES `users` (`id`) ON DELETE SET NULL ON UPDATE CASCADE
) ENGINE=InnoDB AUTO_INCREMENT=144 DEFAULT CHARSET=utf8mb4 COLLATE=utf8mb4_0900_ai_ci;
/*!40101 SET character_set_client = @saved_cs_client */;

--
-- Dumping data for table `audit_logs`
--

LOCK TABLES `audit_logs` WRITE;
/*!40000 ALTER TABLE `audit_logs` DISABLE KEYS */;
INSERT INTO `audit_logs` VALUES (1,3,'module_assignment_created','lecturer_module',321,'{\"courseId\": 6, \"lecturerId\": 8, \"semesterId\": 19, \"academicYear\": \"2025/2026\"}','2026-06-08 09:12:52'),(2,3,'module_assignment_removed','lecturer_module',2,NULL,'2026-06-08 09:12:59'),(3,3,'evaluation_window_created','evaluation_window',1,'{\"openDate\": \"2026-06-08 14:43\", \"closeDate\": \"2026-06-25 14:43\", \"semesterId\": 19, \"academicYear\": \"2025/2026\"}','2026-06-08 09:13:52'),(4,3,'access_token_generated','access_token',1,'{\"semesterId\": 3, \"academicYear\": \"2025/2026\", \"departmentId\": 9}','2026-06-08 09:14:11'),(5,3,'evaluation_window_closed','evaluation_window',1,NULL,'2026-06-08 09:16:57'),(13,3,'evaluation_window_created','evaluation_window',2,'{\"openDate\": \"2026-06-08 14:56\", \"closeDate\": \"2026-06-25 14:56\", \"semesterId\": 19, \"academicYear\": \"2025/2026\"}','2026-06-08 09:26:09'),(14,3,'evaluation_record_viewed','evaluation_submission',5,'{\"studentId\": 2}','2026-06-08 14:57:11'),(15,3,'evaluation_record_viewed','evaluation_submission',5,'{\"studentId\": 2}','2026-06-08 15:02:21'),(16,3,'evaluation_record_viewed','evaluation_submission',4,'{\"studentId\": 2}','2026-06-08 15:02:41'),(17,3,'evaluation_record_viewed','evaluation_submission',2,'{\"studentId\": 2}','2026-06-08 15:02:48'),(18,3,'evaluation_window_closed','evaluation_window',1,NULL,'2026-06-08 15:06:17'),(19,3,'evaluation_window_closed','evaluation_window',1,NULL,'2026-06-08 15:06:17'),(20,3,'evaluation_record_viewed','evaluation_submission',5,'{\"studentId\": 2}','2026-06-08 15:10:21'),(21,3,'evaluation_record_viewed','evaluation_submission',5,'{\"studentId\": 2}','2026-06-08 15:12:38'),(22,3,'supervision_report_status_changed','supervision_report',2,'{\"status\": \"under_review\", \"adminComment\": null}','2026-06-08 15:23:09'),(23,3,'supervision_report_status_changed','supervision_report',2,'{\"status\": \"accepted\", \"adminComment\": null}','2026-06-08 15:23:11'),(24,3,'supervision_report_status_changed','supervision_report',2,'{\"status\": \"rejected\", \"adminComment\": null}','2026-06-08 15:23:15'),(25,3,'supervision_report_status_changed','supervision_report',2,'{\"status\": \"submitted\", \"adminComment\": null}','2026-06-08 15:23:17'),(26,3,'supervision_report_status_changed','supervision_report',2,'{\"status\": \"under_review\", \"adminComment\": null}','2026-06-08 15:23:19'),(27,3,'audit_log_deleted','audit_log',11,'{\"deletedAction\": \"evaluation_window_closed\", \"deletedEntityId\": 1, \"deletedEntityType\": \"evaluation_window\"}','2026-06-08 15:26:58'),(28,3,'audit_log_deleted','audit_log',10,'{\"deletedAction\": \"evaluation_window_closed\", \"deletedEntityId\": 1, \"deletedEntityType\": \"evaluation_window\"}','2026-06-08 15:27:02'),(29,3,'audit_log_deleted','audit_log',9,'{\"deletedAction\": \"evaluation_window_closed\", \"deletedEntityId\": 1, \"deletedEntityType\": \"evaluation_window\"}','2026-06-08 15:27:04'),(30,3,'audit_log_deleted','audit_log',7,'{\"deletedAction\": \"evaluation_window_closed\", \"deletedEntityId\": 1, \"deletedEntityType\": \"evaluation_window\"}','2026-06-08 15:27:07'),(31,3,'audit_log_deleted','audit_log',6,'{\"deletedAction\": \"evaluation_window_closed\", \"deletedEntityId\": 1, \"deletedEntityType\": \"evaluation_window\"}','2026-06-08 15:27:10'),(32,3,'audit_log_deleted','audit_log',8,'{\"deletedAction\": \"evaluation_window_closed\", \"deletedEntityId\": 1, \"deletedEntityType\": \"evaluation_window\"}','2026-06-08 15:27:13'),(33,3,'audit_log_deleted','audit_log',12,'{\"deletedAction\": \"evaluation_window_closed\", \"deletedEntityId\": 1, \"deletedEntityType\": \"evaluation_window\"}','2026-06-08 15:27:18'),(34,3,'lecturer_award_score_updated','lecturer_award_score',1,'{\"lecturerId\": 10, \"semesterId\": 19, \"academicYear\": \"2025/2026\", \"adminComment\": null, \"supervisionScore\": 20}','2026-06-08 15:28:33'),(35,3,'lecturer_award_score_updated','lecturer_award_score',10,'{\"lecturerId\": 10, \"semesterId\": 19, \"academicYear\": \"2025/2026\", \"adminComment\": null, \"supervisionScore\": 20}','2026-06-08 15:28:34'),(36,3,'lecturer_award_score_updated','lecturer_award_score',10,'{\"lecturerId\": 10, \"semesterId\": 19, \"academicYear\": \"2025/2026\", \"adminComment\": null, \"supervisionScore\": 20}','2026-06-08 15:28:34'),(37,3,'lecturer_award_score_updated','lecturer_award_score',4,'{\"lecturerId\": 7, \"semesterId\": 19, \"academicYear\": \"2025/2026\", \"adminComment\": null, \"supervisionScore\": 50}','2026-06-08 15:29:32'),(38,3,'user_created','user',1300,'{\"role\": \"lecturer\", \"departmentId\": 1, \"universityId\": \"LE123\"}','2026-06-08 16:39:24'),(39,3,'user_created','user',1901,'{\"role\": \"lecturer\", \"departmentId\": 1, \"universityId\": \"TEST1780937986160\"}','2026-06-08 16:59:46'),(40,3,'user_password_reset','user',1901,NULL,'2026-06-08 16:59:46'),(41,3,'user_deleted','user',1300,NULL,'2026-06-08 17:06:09'),(42,3,'user_created','user',1906,'{\"role\": \"lecturer\", \"departmentId\": 1, \"universityId\": \"LE456\"}','2026-06-08 17:09:14'),(43,3,'user_password_reset','user',1906,NULL,'2026-06-08 17:10:34'),(44,3,'user_password_reset','user',1906,NULL,'2026-06-08 17:10:36'),(45,3,'user_password_reset','user',1906,NULL,'2026-06-08 17:10:41'),(46,3,'user_created','user',1957,'{\"role\": \"lecturer\", \"departmentId\": 1, \"universityId\": \"REUSE1780989201843\"}','2026-06-09 07:13:21'),(47,3,'user_deleted','user',1957,NULL,'2026-06-09 07:13:21'),(48,3,'user_restored','user',1957,'{\"role\": \"lecturer\", \"departmentId\": 1, \"universityId\": \"REUSE1780989201843\"}','2026-06-09 07:13:22'),(49,3,'user_deleted','user',1906,NULL,'2026-06-09 07:15:42'),(50,3,'user_restored','user',1300,'{\"role\": \"lecturer\", \"departmentId\": 9, \"universityId\": \"LE789\"}','2026-06-09 07:19:16'),(51,3,'user_restored','user',1906,'{\"role\": \"lecturer\", \"departmentId\": 5, \"universityId\": \"LE123\"}','2026-06-09 07:20:40'),(52,3,'user_created','user',2008,'{\"role\": \"lecturer\", \"departmentId\": 5, \"universityId\": \"FREE1780989713761\"}','2026-06-09 07:21:53'),(53,3,'user_deleted','user',2008,'{\"releasedEmail\": \"free1780989713761@ruhuna.lk\", \"releasedUniversityId\": \"FREE1780989713761\"}','2026-06-09 07:21:53'),(54,3,'user_created','user',2009,'{\"role\": \"lecturer\", \"departmentId\": 5, \"universityId\": \"FREE1780989713761\"}','2026-06-09 07:21:53'),(55,3,'user_deleted','user',1300,'{\"releasedEmail\": \"sabricolombo17@gmail.com\", \"releasedUniversityId\": \"LE789\"}','2026-06-09 07:22:25'),(56,3,'user_deleted','user',1906,'{\"releasedEmail\": \"denuri177@gmail.com\", \"releasedUniversityId\": \"LE123\"}','2026-06-09 07:22:29'),(57,3,'user_created','user',2010,'{\"role\": \"lecturer\", \"departmentId\": 9, \"universityId\": \"LE123\"}','2026-06-09 07:22:47'),(58,3,'user_created','user',2011,'{\"role\": \"lecturer\", \"departmentId\": 5, \"universityId\": \"RE89853378\"}','2026-06-09 07:24:13'),(59,3,'user_deleted','user',2011,'{\"releasedEmail\": \"redel89853378@ruhuna.lk\", \"releasedUniversityId\": \"RE89853378\"}','2026-06-09 07:24:13'),(60,3,'user_created','user',2012,'{\"role\": \"lecturer\", \"departmentId\": 5, \"universityId\": \"RE89853378\"}','2026-06-09 07:24:13'),(61,3,'user_deleted','user',2010,'{\"releasedEmail\": \"denuri177@gmail.com\", \"releasedUniversityId\": \"LE123\"}','2026-06-09 07:34:12'),(62,3,'user_created','user',2013,'{\"role\": \"student\", \"departmentId\": 9, \"universityId\": \"LE123\"}','2026-06-09 07:34:30'),(63,3,'user_deleted','user',2013,'{\"releasedEmail\": \"denuri177@gmail.com\", \"releasedUniversityId\": \"LE123\"}','2026-06-09 07:35:58'),(64,3,'user_created','user',2014,'{\"role\": \"lecturer\", \"departmentId\": 1, \"universityId\": \"LE789\"}','2026-06-09 07:36:06'),(65,3,'user_deleted','user',2014,'{\"releasedEmail\": \"sabricolombo17@gmail.com\", \"releasedUniversityId\": \"LE789\"}','2026-06-09 07:39:51'),(66,3,'user_created','user',2065,'{\"role\": \"lecturer\", \"departmentId\": 1, \"universityId\": \"LE123\"}','2026-06-09 07:44:19'),(67,3,'password_reset_request_approved','password_reset_request',1,'{\"userId\": 2, \"universityId\": \"SCI2026902\"}','2026-06-09 08:12:43'),(68,3,'password_reset_request_approved','password_reset_request',2,'{\"userId\": 2, \"universityId\": \"SCI2026902\"}','2026-06-09 08:15:28'),(69,3,'module_assignment_created','lecturer_module',1154,'{\"courseId\": 547, \"lecturerId\": 2065, \"semesterId\": 19, \"academicYear\": \"2025/2026\"}','2026-06-09 08:21:08'),(70,3,'module_assignment_removed','lecturer_module',1154,NULL,'2026-06-09 08:31:46'),(71,3,'module_assignment_created','lecturer_module',1169,'{\"courseId\": 546, \"lecturerId\": 2065, \"semesterId\": 19, \"academicYear\": \"2025/2026\"}','2026-06-09 08:32:08'),(72,3,'user_deactivated','user',2065,NULL,'2026-06-09 08:34:54'),(73,3,'user_deactivated','user',2065,NULL,'2026-06-09 08:34:58'),(74,3,'user_deactivated','user',2065,NULL,'2026-06-09 08:35:00'),(75,3,'user_updated','user',2065,'{\"role\": \"lecturer\", \"status\": \"rejected\", \"universityId\": \"LE123\"}','2026-06-09 08:35:06'),(76,3,'user_updated','user',2065,'{\"role\": \"lecturer\", \"status\": \"approved\", \"universityId\": \"LE123\"}','2026-06-09 08:35:14'),(77,3,'evaluation_window_closed','evaluation_window',2,NULL,'2026-06-09 09:00:09'),(78,3,'evaluation_window_created','evaluation_window',3,'{\"openDate\": \"2026-06-09 14:31\", \"closeDate\": \"2026-06-29 14:31\", \"semesterId\": 19, \"academicYear\": \"2025/2026\"}','2026-06-09 09:01:19'),(79,3,'evaluation_window_closed','evaluation_window',3,NULL,'2026-06-09 09:03:33'),(80,3,'evaluation_window_reopened','evaluation_window',3,'{\"openDate\": \"2026-06-09 14:57\", \"closeDate\": \"2026-06-16 14:57\"}','2026-06-09 09:27:15'),(81,3,'evaluation_window_closed','evaluation_window',3,NULL,'2026-06-09 09:27:34'),(82,3,'evaluation_window_created','evaluation_window',4,'{\"openDate\": \"2026-06-09 14:57\", \"closeDate\": \"2026-06-26 14:57\", \"semesterId\": 19, \"academicYear\": \"2025/2026\"}','2026-06-09 09:27:42'),(83,3,'evaluation_window_deleted','evaluation_window',3,NULL,'2026-06-09 09:27:54'),(84,3,'evaluation_window_deleted','evaluation_window',2,NULL,'2026-06-09 09:27:57'),(85,3,'evaluation_window_deleted','evaluation_window',1,NULL,'2026-06-09 09:28:00'),(86,3,'notification_sent','notification',NULL,'{\"role\": null, \"userId\": 2065, \"targetType\": \"user\", \"deliveredCount\": 1}','2026-06-09 14:12:29'),(87,3,'user_created','user',5216,'{\"role\": \"lecturer\", \"departmentId\": 1, \"universityId\": \"LEC420\"}','2026-06-27 14:31:58'),(88,3,'user_deactivated','user',5216,NULL,'2026-06-27 14:37:16'),(89,3,'user_activated','user',5216,NULL,'2026-06-27 14:37:30'),(90,3,'user_updated','user',5216,'{\"role\": \"lecturer\", \"status\": \"approved\", \"universityId\": \"LEC420\"}','2026-06-27 14:37:42'),(91,3,'user_deactivated','user',5216,NULL,'2026-06-27 14:39:17'),(92,3,'user_created','user',5357,'{\"role\": \"lecturer\", \"departmentId\": 1, \"universityId\": \"LE123s5556\"}','2026-06-27 14:40:29'),(93,3,'password_reset_request_approved','password_reset_request',3,'{\"userId\": 5357, \"universityId\": \"LE123s5556\"}','2026-06-27 14:57:29'),(94,3,'password_reset_request_approved','password_reset_request',4,'{\"userId\": 5357, \"universityId\": \"LE123s5556\"}','2026-06-27 15:39:01'),(95,3,'user_password_reset','user',5216,NULL,'2026-07-02 09:28:01'),(96,3,'user_password_reset','user',5216,NULL,'2026-07-02 09:28:08'),(97,3,'user_password_reset','user',5216,NULL,'2026-07-02 09:28:09'),(98,3,'evaluation_window_updated','evaluation_window',4,'{\"openDate\": \"2026-06-08 14:57\", \"closeDate\": \"2026-07-31 14:57\", \"excludeId\": 4, \"semesterId\": 19, \"academicYear\": \"2025/2026\"}','2026-07-12 15:13:20'),(99,3,'user_password_reset','user',10,NULL,'2026-07-12 16:35:31'),(100,3,'user_password_reset','user',10,NULL,'2026-07-12 16:35:32'),(101,3,'user_password_reset','user',10,NULL,'2026-07-12 16:35:35'),(102,3,'user_password_reset','user',10,NULL,'2026-07-12 16:35:35'),(103,3,'user_password_reset','user',10,NULL,'2026-07-12 16:37:55'),(104,3,'module_assignment_created','lecturer_module',3396,'{\"courseId\": 4, \"lecturerId\": 10, \"semesterId\": 19, \"academicYear\": \"2025/2026\"}','2026-07-12 16:51:25'),(105,3,'module_assignment_removed','lecturer_module',1,NULL,'2026-07-12 16:51:29'),(106,3,'module_assignment_created','lecturer_module',3397,'{\"courseId\": 546, \"lecturerId\": 645, \"semesterId\": 19, \"academicYear\": \"2025/2026\"}','2026-07-12 16:51:37'),(107,3,'evaluation_window_deleted','evaluation_window',5,NULL,'2026-07-12 17:10:36'),(108,3,'course_created','course',3534,'{\"assignments\": [{\"lecturerId\": 646, \"typeTheory\": true, \"typePractical\": false}, {\"lecturerId\": 9, \"typeTheory\": false, \"typePractical\": true}], \"course_code\": \"789\", \"course_name\": \"kijniu\", \"semester_id\": 19, \"department_id\": 7}','2026-07-12 18:01:43'),(109,3,'evaluation_window_closed','evaluation_window',7,NULL,'2026-07-12 18:24:35'),(110,3,'evaluation_window_closed','evaluation_window',4,NULL,'2026-07-12 18:24:36'),(111,3,'evaluation_window_reopened','evaluation_window',4,'{\"openDate\": \"2026-07-12 23:54\", \"closeDate\": \"2026-07-19 23:54\"}','2026-07-12 18:24:47'),(112,3,'evaluation_window_created','evaluation_window',8,'{\"openDate\": \"2026-07-11 23:59\", \"closeDate\": \"2026-07-30 23:59\", \"semesterId\": 37, \"academicYear\": \"2023/2024\"}','2026-07-12 18:30:02'),(113,3,'evaluation_window_created','evaluation_window',9,'{\"openDate\": \"2026-07-11 00:05\", \"closeDate\": \"2026-07-29 00:05\", \"semesterId\": 19, \"academicYear\": \"2025/2026\"}','2026-07-12 18:35:33'),(114,3,'course_updated','course',4875,'{\"assignments\": [], \"course_code\": \"ZOO1121\", \"course_name\": \"General Zoology Practical I\", \"semester_id\": 37, \"department_id\": 7}','2026-07-13 15:29:27'),(115,3,'course_updated','course',4875,'{\"assignments\": [], \"course_code\": \"ZOO1121\", \"course_name\": \"General Zoology Practical I\", \"semester_id\": 37, \"department_id\": 7}','2026-07-13 15:29:52'),(116,3,'password_reset_request_approved','password_reset_request',6,'{\"userId\": 2065, \"universityId\": \"LE123\"}','2026-07-13 16:16:57'),(117,3,'password_reset_request_approved','password_reset_request',7,'{\"userId\": 167, \"universityId\": \"HOD005\"}','2026-07-14 04:30:55'),(118,3,'course_updated','course',4176,'{\"assignments\": [{\"lecturerId\": 644, \"typeTheory\": true, \"typePractical\": false}], \"course_code\": \"AMT121β\", \"course_name\": \"Classical Mechanics-II\", \"semester_id\": 3, \"department_id\": 3}','2026-07-14 05:13:03'),(119,3,'user_created','user',19828,'{\"role\": \"lecturer\", \"departmentId\": 3, \"universityId\": \"LE78969\"}','2026-07-14 05:15:06'),(120,3,'course_updated','course',4176,'{\"assignments\": [{\"lecturerId\": 19828, \"typeTheory\": true, \"typePractical\": false}], \"course_code\": \"AMT121β\", \"course_name\": \"Classical Mechanics-II\", \"semester_id\": 3, \"department_id\": 3}','2026-07-14 05:16:24'),(121,1,'course_updated','course',4081,'{\"assignments\": [{\"lecturerId\": 2, \"typeTheory\": true, \"typePractical\": false}, {\"lecturerId\": 3, \"typeTheory\": true, \"typePractical\": false}], \"course_code\": \"CSC1153\", \"course_name\": \"Laboratory Assignments\", \"semester_id\": 37, \"department_id\": 1}','2026-07-14 14:31:20'),(122,3,'course_updated','course',4883,'{\"assignments\": [{\"lecturerId\": 647, \"typeTheory\": true, \"typePractical\": false}, {\"lecturerId\": 10, \"typeTheory\": true, \"typePractical\": true}], \"course_code\": \"BOT1121\", \"course_name\": \"Scientific Approach and Biometrics\", \"semester_id\": 37, \"department_id\": 9}','2026-07-14 14:32:50'),(123,3,'supervision_report_status_changed','supervision_report',1,'{\"status\": \"rejected\", \"adminComment\": \"not good\"}','2026-07-14 16:09:33'),(124,3,'supervision_report_status_changed','supervision_report',3,'{\"status\": \"rejected\", \"adminComment\": \"not good\"}','2026-07-14 16:42:51'),(125,3,'supervision_report_status_changed','supervision_report',3,'{\"status\": \"rejected\", \"adminComment\": \"not good\"}','2026-07-14 16:43:05'),(126,3,'lecturer_award_score_updated','lecturer_award_score',5,'{\"lecturerId\": 10, \"otherScore\": 0, \"semesterId\": 37, \"academicYear\": \"2023/2024\", \"adminComment\": null, \"mentoringScore\": 0, \"supervisionScore\": 0}','2026-07-14 17:26:25'),(127,3,'lecturer_award_score_updated','lecturer_award_score',10,'{\"lecturerId\": 10, \"otherScore\": \"0.00\", \"semesterId\": 37, \"academicYear\": \"2023/2024\", \"adminComment\": null, \"mentoringScore\": \"0.00\", \"supervisionScore\": \"0.00\"}','2026-07-14 17:26:31'),(128,3,'lecturer_award_score_updated','lecturer_award_score',10,'{\"lecturerId\": 10, \"otherScore\": \"0.00\", \"semesterId\": 37, \"academicYear\": \"2023/2024\", \"adminComment\": null, \"mentoringScore\": \"0.00\", \"supervisionScore\": \"0.00\"}','2026-07-14 17:28:46'),(129,3,'course_updated','course',4082,'{\"assignments\": [{\"lecturerId\": 2065, \"typeTheory\": true, \"typePractical\": true}], \"course_code\": \"CSC1142\", \"course_name\": \"System Analysis and Design\", \"semester_id\": 37, \"department_id\": 1}','2026-07-14 18:33:45'),(130,3,'course_updated','course',4882,'{\"assignments\": [{\"lecturerId\": 10, \"typeTheory\": true, \"typePractical\": false}], \"course_code\": \"BOT1131\", \"course_name\": \"Plant Anatomy\", \"semester_id\": 37, \"department_id\": 9}','2026-07-16 10:52:58'),(131,3,'course_updated','course',4882,'{\"assignments\": [{\"lecturerId\": 10, \"typeTheory\": true, \"typePractical\": false}, {\"lecturerId\": 647, \"typeTheory\": true, \"typePractical\": true}], \"course_code\": \"BOT1131\", \"course_name\": \"Plant Anatomy\", \"semester_id\": 37, \"department_id\": 9}','2026-07-16 10:53:19'),(132,3,'supervision_report_status_changed','supervision_report',11,'{\"status\": \"accepted\", \"adminComment\": \"good\"}','2026-07-16 16:44:01'),(133,3,'lecturer_award_score_updated','lecturer_award_score',5,'{\"lecturerId\": 10, \"otherScore\": \"0.00\", \"semesterId\": 37, \"academicYear\": \"2023/2024\", \"adminComment\": \"good\", \"mentoringScore\": 85, \"supervisionScore\": \"0.00\"}','2026-07-16 16:44:01'),(134,3,'supervision_report_status_changed','supervision_report',12,'{\"status\": \"accepted\", \"adminComment\": \"good\"}','2026-07-16 16:44:27'),(135,3,'lecturer_award_score_updated','lecturer_award_score',5,'{\"lecturerId\": 10, \"otherScore\": 90, \"semesterId\": 37, \"academicYear\": \"2023/2024\", \"adminComment\": \"good\", \"mentoringScore\": \"85.00\", \"supervisionScore\": \"0.00\"}','2026-07-16 16:44:27'),(136,3,'supervision_report_status_changed','supervision_report',8,'{\"status\": \"accepted\", \"adminComment\": \"good\"}','2026-07-16 16:44:47'),(137,3,'lecturer_award_score_updated','lecturer_award_score',5,'{\"lecturerId\": 10, \"otherScore\": \"90.00\", \"semesterId\": 37, \"academicYear\": \"2023/2024\", \"adminComment\": \"good\", \"mentoringScore\": \"85.00\", \"supervisionScore\": 75}','2026-07-16 16:44:47'),(138,3,'supervision_report_status_changed','supervision_report',13,'{\"status\": \"accepted\", \"adminComment\": \"good\"}','2026-07-16 17:34:05'),(139,3,'lecturer_award_score_updated','lecturer_award_score',11,'{\"lecturerId\": 9, \"otherScore\": 0, \"semesterId\": 37, \"academicYear\": \"2023/2024\", \"adminComment\": \"good\", \"mentoringScore\": 0, \"supervisionScore\": 80}','2026-07-16 17:34:06'),(140,3,'supervision_report_status_changed','supervision_report',14,'{\"status\": \"accepted\", \"adminComment\": \"good\"}','2026-07-16 17:34:22'),(141,3,'lecturer_award_score_updated','lecturer_award_score',11,'{\"lecturerId\": 9, \"otherScore\": \"0.00\", \"semesterId\": 37, \"academicYear\": \"2023/2024\", \"adminComment\": \"good\", \"mentoringScore\": 85, \"supervisionScore\": \"80.00\"}','2026-07-16 17:34:22'),(142,3,'supervision_report_status_changed','supervision_report',15,'{\"status\": \"accepted\", \"adminComment\": null}','2026-07-16 17:34:50'),(143,3,'lecturer_award_score_updated','lecturer_award_score',11,'{\"lecturerId\": 9, \"otherScore\": 90, \"semesterId\": 37, \"academicYear\": \"2023/2024\", \"adminComment\": null, \"mentoringScore\": \"85.00\", \"supervisionScore\": \"80.00\"}','2026-07-16 17:34:50');
/*!40000 ALTER TABLE `audit_logs` ENABLE KEYS */;
UNLOCK TABLES;

--
-- Table structure for table `comments`
--

DROP TABLE IF EXISTS `comments`;
/*!40101 SET @saved_cs_client     = @@character_set_client */;
/*!50503 SET character_set_client = utf8mb4 */;
CREATE TABLE `comments` (
  `id` int NOT NULL AUTO_INCREMENT,
  `evaluation_id` int NOT NULL,
  `comment_text` text NOT NULL,
  `created_at` timestamp NULL DEFAULT CURRENT_TIMESTAMP,
  PRIMARY KEY (`id`),
  KEY `fk_comments_evaluation` (`evaluation_id`),
  CONSTRAINT `fk_comments_evaluation` FOREIGN KEY (`evaluation_id`) REFERENCES `evaluations` (`id`) ON DELETE CASCADE ON UPDATE CASCADE
) ENGINE=InnoDB DEFAULT CHARSET=utf8mb4 COLLATE=utf8mb4_0900_ai_ci;
/*!40101 SET character_set_client = @saved_cs_client */;

--
-- Dumping data for table `comments`
--

LOCK TABLES `comments` WRITE;
/*!40000 ALTER TABLE `comments` DISABLE KEYS */;
/*!40000 ALTER TABLE `comments` ENABLE KEYS */;
UNLOCK TABLES;

--
-- Table structure for table `courses`
--

DROP TABLE IF EXISTS `courses`;
/*!40101 SET @saved_cs_client     = @@character_set_client */;
/*!50503 SET character_set_client = utf8mb4 */;
CREATE TABLE `courses` (
  `id` int NOT NULL AUTO_INCREMENT,
  `course_code` varchar(50) NOT NULL,
  `course_name` varchar(150) NOT NULL,
  `department_id` int NOT NULL,
  `lecturer_id` int DEFAULT NULL,
  `semester_id` int NOT NULL,
  `created_at` timestamp NULL DEFAULT CURRENT_TIMESTAMP,
  `is_core` tinyint(1) DEFAULT '1',
  PRIMARY KEY (`id`),
  UNIQUE KEY `course_code` (`course_code`),
  KEY `idx_courses_department_id` (`department_id`),
  KEY `idx_courses_lecturer_id` (`lecturer_id`),
  KEY `idx_courses_semester_id` (`semester_id`),
  CONSTRAINT `fk_courses_department` FOREIGN KEY (`department_id`) REFERENCES `departments` (`id`) ON DELETE RESTRICT ON UPDATE CASCADE,
  CONSTRAINT `fk_courses_lecturer` FOREIGN KEY (`lecturer_id`) REFERENCES `users` (`id`) ON DELETE SET NULL ON UPDATE CASCADE,
  CONSTRAINT `fk_courses_semester` FOREIGN KEY (`semester_id`) REFERENCES `semesters` (`id`) ON DELETE RESTRICT ON UPDATE CASCADE
) ENGINE=InnoDB AUTO_INCREMENT=6919 DEFAULT CHARSET=utf8mb4 COLLATE=utf8mb4_0900_ai_ci;
/*!40101 SET character_set_client = @saved_cs_client */;

--
-- Dumping data for table `courses`
--

LOCK TABLES `courses` WRITE;
/*!40000 ALTER TABLE `courses` DISABLE KEYS */;
INSERT INTO `courses` VALUES (4081,'CSC1153','Laboratory Assignments',1,NULL,37,'2026-07-13 14:22:10',1),(4082,'CSC1142','System Analysis and Design',1,NULL,37,'2026-07-13 14:22:10',1),(4083,'CSC113α','Internet Services and Web Development',1,NULL,37,'2026-07-13 14:22:10',1),(4084,'CSC1113','Programming Techniques',1,NULL,37,'2026-07-13 14:22:10',1),(4085,'CSC1122','Programming Fundamentals',1,6,19,'2026-07-13 14:22:10',1),(4086,'CSC1251','Computer Laboratory',1,NULL,3,'2026-07-13 14:22:10',1),(4087,'CSC1242','Object Oriented System Development',1,NULL,3,'2026-07-13 14:22:10',1),(4088,'CSC1233','Software Engineering',1,NULL,3,'2026-07-13 14:22:10',1),(4089,'CSC1213','Database Management Systems',1,NULL,3,'2026-07-13 14:22:10',1),(4090,'CSC1223','Data Structures and Algorithms',1,NULL,3,'2026-07-13 14:22:10',1),(4091,'COM1123','Programming Techniques',1,NULL,37,'2026-07-13 14:22:10',1),(4092,'COM1112','Basic Concepts of Computer Science',1,NULL,37,'2026-07-13 14:22:10',1),(4093,'COM1213','Internet Programming and Web Technologies',1,NULL,3,'2026-07-13 14:22:10',1),(4094,'COM1223','File Organization & DBMS',1,NULL,3,'2026-07-13 14:22:10',1),(4095,'CSC2143','Computer Graphics and Image Processing',1,NULL,37,'2026-07-13 14:22:10',1),(4096,'CSC2133','Operating Systems',1,NULL,37,'2026-07-13 14:22:10',1),(4097,'CSC2123','Object Oriented Programming (2025)',1,NULL,37,'2026-07-13 14:22:10',1),(4098,'CSC2113','Data Communication and Computer Network (2025)',1,NULL,37,'2026-07-13 14:22:10',1),(4099,'CSC2213','Rapid Application Development',1,NULL,3,'2026-07-13 14:22:10',1),(4100,'CSC2272','Data and Network Security',1,NULL,3,'2026-07-13 14:22:10',1),(4101,'CSC2222','Computer System II',1,NULL,3,'2026-07-13 14:22:10',1),(4102,'CSC2263','Multimedia and Video Production',1,NULL,3,'2026-07-13 14:22:10',1),(4103,'CSC2252','Project Management',1,NULL,3,'2026-07-13 14:22:10',1),(4104,'CSC2242','Advanced Database Management',1,NULL,3,'2026-07-13 14:22:10',1),(4105,'CSC2233','Internet Programming',1,NULL,3,'2026-07-13 14:22:10',1),(4106,'CSC3172','Distributed Systems',1,NULL,37,'2026-07-13 14:22:10',1),(4107,'CSC3162','Research Methods',1,NULL,37,'2026-07-13 14:22:10',1),(4108,'CSC3152','Geographic Information Systems',1,NULL,37,'2026-07-13 14:22:10',1),(4109,'CSC3142','Internet Services and Protocols',1,NULL,37,'2026-07-13 14:22:10',1),(4110,'CSC3133','Network and System Administration',1,NULL,37,'2026-07-13 14:22:10',1),(4111,'CSC3132','Data Warehousing and Data mining',1,NULL,37,'2026-07-13 14:22:10',1),(4112,'CSC3122','e-Commerce and Professional Practice',1,NULL,37,'2026-07-13 14:22:10',1),(4113,'CSC3113','Group Projects',1,NULL,37,'2026-07-13 14:22:10',1),(4114,'CSC3216','Industrial Training',1,NULL,3,'2026-07-13 14:22:10',1),(4115,'COM2122','Software Engineering',1,NULL,37,'2026-07-13 14:22:10',1),(4116,'COM2113','Object Oriented System Development',1,NULL,37,'2026-07-13 14:22:10',1),(4117,'COM2223','Data Structures and Algorithms',1,NULL,3,'2026-07-13 14:22:10',1),(4118,'COM2213','Data Communications and Computer Networks',1,NULL,3,'2026-07-13 14:22:10',1),(4119,'COM3122','Data Mining',1,NULL,37,'2026-07-13 14:22:10',1),(4120,'COM3142','Internet Services and Protocol',1,NULL,37,'2026-07-13 14:22:10',1),(4121,'COM3113','Operating Systems',1,NULL,37,'2026-07-13 14:22:10',1),(4122,'COM3b33','Computer Projects',1,NULL,37,'2026-07-13 14:22:10',1),(4123,'COM326β','Internet Services and Protocols',1,NULL,3,'2026-07-13 14:22:10',1),(4124,'COM3232','Visual Programming',1,NULL,3,'2026-07-13 14:22:10',1),(4125,'COM3212','Advanced Software Engineering Concepts',1,NULL,3,'2026-07-13 14:22:10',1),(4126,'COM3252','E-Commerce and Professional Practices in IT',1,NULL,3,'2026-07-13 14:22:10',1),(4127,'CSC4122','Research Methodology',1,NULL,37,'2026-07-13 14:22:10',1),(4128,'CSC4152','Enterprise Modelling',1,NULL,37,'2026-07-13 14:22:10',1),(4129,'CSC4112','Research Seminar',1,NULL,37,'2026-07-13 14:22:10',1),(4130,'CSC4182','Bioinformatics',1,NULL,37,'2026-07-13 14:22:10',1),(4131,'CSC4172','High Performance Computing',1,NULL,37,'2026-07-13 14:22:10',1),(4132,'CSC4162','Data Mining for Business Intelligence',1,NULL,37,'2026-07-13 14:22:10',1),(4133,'CSC4282','Reconfigurable Computing',1,NULL,3,'2026-07-13 14:22:10',1),(4134,'CSC4212','Compiler Design',1,NULL,3,'2026-07-13 14:22:10',1),(4135,'CSC4222','Service Oriented Computing',1,NULL,3,'2026-07-13 14:22:10',1),(4136,'CSC4262','Selected Topics',1,NULL,3,'2026-07-13 14:22:10',1),(4137,'CSC4242','Artificial Intelligence',1,NULL,3,'2026-07-13 14:22:10',1),(4138,'CSC4232','Formal Methods and Software Verification',1,NULL,3,'2026-07-13 14:22:10',1),(4139,'CSS3192','Internet Services and Protocols',1,NULL,37,'2026-07-13 14:22:10',1),(4140,'CSS3182','ECommerce',1,NULL,37,'2026-07-13 14:22:10',1),(4141,'CSS3172','Data Mining',1,NULL,37,'2026-07-13 14:22:10',1),(4142,'CSS3162','Parallel and Distributed Systems',1,NULL,37,'2026-07-13 14:22:10',1),(4143,'CSS3152','Human Computer Interaction',1,NULL,37,'2026-07-13 14:22:10',1),(4144,'CSS3142','Advanced Software Engineering',1,NULL,37,'2026-07-13 14:22:10',1),(4145,'CSS3132','Professional Practices and Issues in IT',1,NULL,37,'2026-07-13 14:22:10',1),(4146,'CSS3123','Computer Graphics',1,NULL,37,'2026-07-13 14:22:10',1),(4147,'CSS3113','Operating Systems',1,NULL,37,'2026-07-13 14:22:10',1),(4148,'CSS3272','Emerging Software Technologies',1,NULL,3,'2026-07-13 14:22:10',1),(4149,'CSS3252','Advanced Data Structures and Algorithms',1,NULL,3,'2026-07-13 14:22:10',1),(4150,'CSS3242','Advanced Database Management',1,NULL,3,'2026-07-13 14:22:10',1),(4151,'CSS3232','Data and Network Security',1,NULL,3,'2026-07-13 14:22:10',1),(4152,'CSS3223','Software Development Project',1,NULL,3,'2026-07-13 14:22:10',1),(4153,'CSS3212','Software Project Management',1,NULL,3,'2026-07-13 14:22:10',1),(4154,'CSS3262','Image Processing',1,NULL,3,'2026-07-13 14:22:10',1),(4155,'CSS4132','High Performance Computing',1,NULL,37,'2026-07-13 14:22:10',1),(4156,'CSS4152','Enterprise Modelling',1,NULL,37,'2026-07-13 14:22:10',1),(4157,'CSS4112','Research Methodology',1,NULL,37,'2026-07-13 14:22:10',1),(4158,'CSS4143','Machine Learning',1,NULL,37,'2026-07-13 14:22:10',1),(4159,'CSS4282','BIO Informatics',1,NULL,3,'2026-07-13 14:22:10',1),(4160,'CSS4222','Compiler Design',1,NULL,3,'2026-07-13 14:22:10',1),(4161,'CSS4242','Service Oriented Computing (CSS4242/CSC4222)',1,NULL,3,'2026-07-13 14:22:10',1),(4162,'CSS4232','Artificial Intelligence (CSS4232/CSC4242)',1,NULL,3,'2026-07-13 14:22:10',1),(4163,'MAT1142','Mathematics for Biology',3,NULL,37,'2026-07-13 14:22:10',1),(4164,'MAT113δ','Introductory Statistics',3,NULL,37,'2026-07-13 14:22:10',1),(4165,'MAT112δ','Differential Equations',3,NULL,37,'2026-07-13 14:22:10',1),(4166,'MAT111β','Vector Analysis',3,NULL,37,'2026-07-13 14:22:10',1),(4167,'MAT122β','Calculus',3,NULL,3,'2026-07-13 14:22:10',1),(4168,'MAT121β','Algebra',3,NULL,3,'2026-07-13 14:22:10',1),(4169,'IMT1b2β','Mathematical Computing',3,NULL,37,'2026-07-13 14:22:10',1),(4170,'IMT111β','Classical Mechanics I',3,NULL,37,'2026-07-13 14:22:10',1),(4171,'IMT122β','Mathematical Modelling-I',3,NULL,3,'2026-07-13 14:22:10',1),(4172,'IMT121β','Classical Mechanics II',3,NULL,3,'2026-07-13 14:22:10',1),(4173,'AMT112β','Mathematical Foundation of Computer Science',3,NULL,37,'2026-07-13 14:22:10',1),(4174,'AMT111β','Classical Mechanics I',3,NULL,37,'2026-07-13 14:22:10',1),(4175,'AMT122β','Mathematical Modelling-I',3,NULL,3,'2026-07-13 14:22:10',1),(4176,'AMT121β','Classical Mechanics-II',3,NULL,3,'2026-07-13 14:22:10',1),(4177,'MAT212β','Real Analysis I',3,NULL,37,'2026-07-13 14:22:10',1),(4178,'MAT211β','Linear Algebra',3,NULL,37,'2026-07-13 14:22:10',1),(4179,'MAT225β','Mathematical Statistics-I',3,NULL,3,'2026-07-13 14:22:10',1),(4180,'MAT224δ','Geometry',3,NULL,3,'2026-07-13 14:22:10',1),(4181,'MAT222δ','Real Analysis II',3,NULL,3,'2026-07-13 14:22:10',1),(4182,'MAT221β','Number Theory',3,NULL,3,'2026-07-13 14:22:10',1),(4183,'MAT313β','Mathematical Statistics II',3,NULL,37,'2026-07-13 14:22:10',1),(4184,'MAT312β','Real Analysis III',3,NULL,37,'2026-07-13 14:22:10',1),(4185,'MAT311β','Group Theory',3,NULL,37,'2026-07-13 14:22:10',1),(4186,'IMT324b','Statistics with Computer Applications',3,NULL,3,'2026-07-13 14:22:10',1),(4187,'MAT327β','Introduction to Financial Mathematics',3,NULL,3,'2026-07-13 14:22:10',1),(4188,'MAT326β','Mathematical Function of Computer Science',3,NULL,3,'2026-07-13 14:22:10',1),(4189,'MAT325β','Introductory Econometrics',3,NULL,3,'2026-07-13 14:22:10',1),(4190,'MAT324β','Mathematical Methods in Ecology',3,NULL,3,'2026-07-13 14:22:10',1),(4191,'MAT323β','Differential Geometry and Tensor Analysis',3,NULL,3,'2026-07-13 14:22:10',1),(4192,'MAT322β','Complex Variables',3,NULL,3,'2026-07-13 14:22:10',1),(4193,'MAT321β','Functional analysis',3,NULL,3,'2026-07-13 14:22:10',1),(4194,'IMT2b2β','Mathematical Computing',3,NULL,37,'2026-07-13 14:22:10',1),(4195,'IMT211β','Classical Mechanics III',3,NULL,37,'2026-07-13 14:22:10',1),(4196,'IMT224β','Applied Statistics-I',3,NULL,3,'2026-07-13 14:22:10',1),(4197,'IMT223β','Information Theory',3,NULL,3,'2026-07-13 14:22:10',1),(4198,'IMT221β','Mathematical Modelling-II',3,NULL,3,'2026-07-13 14:22:10',1),(4199,'IMT314β','Mathematical Methods in Physics and Engineering I',3,NULL,37,'2026-07-13 14:22:10',1),(4200,'IMT3b1β','Industrial Mathematics Project',3,NULL,37,'2026-07-13 14:22:10',1),(4201,'IMT313β','Applied Statistics II',3,NULL,37,'2026-07-13 14:22:10',1),(4202,'IMT324β','Statistics with Computer Applications',3,NULL,3,'2026-07-13 14:22:10',1),(4203,'IMT323β','Theory and Applications of Neural Networks',3,NULL,3,'2026-07-13 14:22:10',1),(4204,'IMT322β','Computational Fluid Dynamics',3,NULL,3,'2026-07-13 14:22:10',1),(4205,'IMT321β','Applied Algebra',3,NULL,3,'2026-07-13 14:22:10',1),(4206,'AMT212β','Computational Mathematics',3,NULL,37,'2026-07-13 14:22:10',1),(4207,'AMT211β','Classical Mechanics III',3,NULL,37,'2026-07-13 14:22:10',1),(4208,'AMT224β','Applied Statistics-I',3,NULL,3,'2026-07-13 14:22:10',1),(4209,'AMT223β','Information Theory',3,NULL,3,'2026-07-13 14:22:10',1),(4210,'AMT221β','Mathematical Modelling-II',3,NULL,3,'2026-07-13 14:22:10',1),(4211,'AMT314β/IMT313β','Applied Statistics II',3,NULL,37,'2026-07-13 14:22:10',1),(4212,'AMT313β','Mathematical Methods in Physics and Engineering I',3,NULL,37,'2026-07-13 14:22:10',1),(4213,'AMT312β/IMT312β','Mathematical Modelling III',3,NULL,37,'2026-07-13 14:22:10',1),(4214,'AMT311β','Numerical Analysis',3,NULL,37,'2026-07-13 14:22:10',1),(4215,'AMT324β','Basic Statistics and Data Analysis',3,NULL,3,'2026-07-13 14:22:10',1),(4216,'AMT323β','Mathematical Quantum Mechanics',3,NULL,3,'2026-07-13 14:22:10',1),(4217,'AMT322β','Theory of Special Relativity',3,NULL,3,'2026-07-13 14:22:10',1),(4218,'AMT321β','Electro-magnetic Theory',3,NULL,3,'2026-07-13 14:22:10',1),(4219,'MSP3b9β','Mathematical Computing',3,NULL,37,'2026-07-13 14:22:10',1),(4220,'MSP3193','Bayesian Inference and Decision Theory',3,NULL,37,'2026-07-13 14:22:10',1),(4221,'MSP3184','Measure Theory with Applications',3,NULL,37,'2026-07-13 14:22:10',1),(4222,'MSP3174','Topology',3,NULL,37,'2026-07-13 14:22:10',1),(4223,'MSP316β','Applied Statistics-II',3,NULL,37,'2026-07-13 14:22:10',1),(4224,'MSP3144','Mathematical Methods in Physics and Engineering-II',3,NULL,37,'2026-07-13 14:22:10',1),(4225,'MSP313β','Mathematical Statistics-II',3,NULL,37,'2026-07-13 14:22:10',1),(4226,'MSP312β','Real Analysis-III',3,NULL,37,'2026-07-13 14:22:10',1),(4227,'MSP311β','Group Theory',3,NULL,37,'2026-07-13 14:22:10',1),(4228,'MSP3292','Applied Statistics III',3,NULL,3,'2026-07-13 14:22:10',1),(4229,'MSP3283','Special Topics in Statistics',3,NULL,3,'2026-07-13 14:22:10',1),(4230,'MSP3274','Differential Geometry and Tensor Analysis',3,NULL,3,'2026-07-13 14:22:10',1),(4231,'MSP3263','Regression Analysis',3,NULL,3,'2026-07-13 14:22:10',1),(4232,'MSP3254','Numerical Methods with Applications',3,NULL,3,'2026-07-13 14:22:10',1),(4233,'MSP324a','Complex Analysis',3,NULL,3,'2026-07-13 14:22:10',1),(4234,'MSP323B','Complex Variables',3,NULL,3,'2026-07-13 14:22:10',1),(4235,'MSP322α','Real Analysis-IV',3,NULL,3,'2026-07-13 14:22:10',1),(4236,'MSP321α','Advanced Group Theory',3,NULL,3,'2026-07-13 14:22:10',1),(4237,'MSP4164','Analytical and Numerical Methods for PDEs',3,NULL,37,'2026-07-13 14:22:10',1),(4238,'MSP4153','Special topics in Statistics',3,NULL,37,'2026-07-13 14:22:10',1),(4239,'MSP4144','Time Series Analysis',3,NULL,37,'2026-07-13 14:22:10',1),(4240,'MSP4134','Functional Analysis',3,NULL,37,'2026-07-13 14:22:10',1),(4241,'MSP4b26','Seminars and Research/Study Project-Mathematics/Statistics',3,NULL,37,'2026-07-13 14:22:10',1),(4242,'MSP4114','Ring and Field Theory',3,NULL,37,'2026-07-13 14:22:10',1),(4243,'MSP4293','Medical Statistics',3,NULL,3,'2026-07-13 14:22:10',1),(4244,'MSP4283','Introduction to Stochastic Processes',3,NULL,3,'2026-07-13 14:22:10',1),(4245,'MSP4273','Sampling Theory and Categorical Data Analysis',3,NULL,3,'2026-07-13 14:22:10',1),(4246,'MSP4263','Design and Analysis of Experiments/Operations Research',3,NULL,3,'2026-07-13 14:22:10',1),(4247,'MSP4254','Special Topics in Applied Mathematics',3,NULL,3,'2026-07-13 14:22:10',1),(4248,'MSP4244','Topics in Applied Mathematics II',3,NULL,3,'2026-07-13 14:22:10',1),(4249,'MSP4234','Topics in Applied Mathematics',3,NULL,3,'2026-07-13 14:22:10',1),(4250,'MSP4224','Introduction to Stochastic Analysis',3,NULL,3,'2026-07-13 14:22:10',1),(4251,'MSP4214','Mathematical Foundations of Quantum Mechanics',3,NULL,3,'2026-07-13 14:22:10',1),(4252,'MSF1123','Programming Techniques',3,NULL,37,'2026-07-13 14:22:10',1),(4253,'MFM1132','Financial Management',3,NULL,37,'2026-07-13 14:22:10',1),(4254,'MFM1122','Operational Research I',3,NULL,37,'2026-07-13 14:22:10',1),(4255,'MSF1113','Calculus I',3,NULL,37,'2026-07-13 14:22:10',1),(4256,'MFM1112','Computing for Finance I',3,NULL,37,'2026-07-13 14:22:10',1),(4257,'MIS1122','Introduction to Probability and Distributions',3,NULL,37,'2026-07-13 14:22:10',1),(4258,'MIS1112','Basic Statistics in Industry',3,NULL,37,'2026-07-13 14:22:10',1),(4259,'MSF1233','File Organization and DBMS',3,NULL,3,'2026-07-13 14:22:10',1),(4260,'MSF1222','Operational Research II',3,NULL,3,'2026-07-13 14:22:10',1),(4261,'MSF1212','Numerical Analysis I',3,NULL,3,'2026-07-13 14:22:10',1),(4262,'MFM1222','Introduction to Economics',3,NULL,3,'2026-07-13 14:22:10',1),(4263,'MFM1213','Financial Mathematics I',3,NULL,3,'2026-07-13 14:22:10',1),(4264,'MIS1222','Statistical Computing R & Python Software',3,NULL,3,'2026-07-13 14:22:10',1),(4265,'MIS1213','Mathematical Statistics',3,NULL,3,'2026-07-13 14:22:10',1),(4266,'MFM2123','Financial Mathematics II',3,NULL,37,'2026-07-13 14:22:10',1),(4267,'MSF2132','Linear Algebra',3,NULL,37,'2026-07-13 14:22:10',1),(4268,'MSF2122','Research Methodology',3,NULL,37,'2026-07-13 14:22:10',1),(4269,'MFM2112','Mathematical Economics',3,NULL,37,'2026-07-13 14:22:10',1),(4270,'MSF2112','Calculus II',3,NULL,37,'2026-07-13 14:22:10',1),(4271,'MIS2122','Sampling Techniques and survey designs',3,NULL,37,'2026-07-13 14:22:10',1),(4272,'MIS2113','Inferential Statistics',3,NULL,37,'2026-07-13 14:22:10',1),(4273,'MIS2231','Case Study I',3,NULL,3,'2026-07-13 14:22:10',1),(4274,'MSF2223','Numerical Analysis II',3,NULL,3,'2026-07-13 14:22:10',1),(4275,'MSF2212','Calculus III',3,NULL,3,'2026-07-13 14:22:10',1),(4276,'MFM2213','Financial Mathematics III',3,NULL,3,'2026-07-13 14:22:10',1),(4277,'MIS2223','Survival Analysis',3,NULL,3,'2026-07-13 14:22:10',1),(4278,'MIS2213','Regression Analysis',3,NULL,3,'2026-07-13 14:22:10',1),(4279,'MFM2222','Computing for Finance II',3,NULL,3,'2026-07-13 14:22:10',1),(4280,'MFM3151','Case Study II',3,NULL,37,'2026-07-13 14:22:10',1),(4281,'MFM3133','Financial Mathematics IV (Market Models Risk Management in Continuous Time)',3,NULL,37,'2026-07-13 14:22:10',1),(4282,'MFM3142','Operational research III',3,NULL,37,'2026-07-13 14:22:10',1),(4283,'MFM3123','Life Insurance',3,NULL,37,'2026-07-13 14:22:10',1),(4284,'MSF3112','Decision Theory',3,NULL,37,'2026-07-13 14:22:10',1),(4285,'MIS3113','Design and Analysis of Experiment',3,NULL,37,'2026-07-13 14:22:10',1),(4286,'MIS3122','Non-Parametric Statistics',3,NULL,37,'2026-07-13 14:22:10',1),(4287,'MFM3113','Financial Time Series',3,NULL,37,'2026-07-13 14:22:10',1),(4288,'MFM3232','Business Proposals and Report Writing',3,NULL,3,'2026-07-13 14:22:10',1),(4289,'MSF3212','Fundamentals of Management',3,NULL,3,'2026-07-13 14:22:10',1),(4290,'MSF3222','Scientific Writing',3,NULL,3,'2026-07-13 14:22:10',1),(4291,'MIS3213','Non-life Insurance',3,NULL,3,'2026-07-13 14:22:10',1),(4292,'MIS3232','Stochastic Processes',3,NULL,3,'2026-07-13 14:22:10',1),(4293,'MIS3222','Multivariate Data Analysis',3,NULL,3,'2026-07-13 14:22:10',1),(4294,'MFM3222','Computing for Finance III',3,NULL,3,'2026-07-13 14:22:10',1),(4295,'MIS3212','Bayesian Inference',3,NULL,3,'2026-07-13 14:22:10',1),(4296,'MIS4112','Statistical Quality Control',3,NULL,37,'2026-07-13 14:22:10',1),(4297,'MFM4242','MFM4242',3,NULL,3,'2026-07-13 14:22:10',1),(4298,'MFM4122','Computing for Finance',3,NULL,37,'2026-07-13 14:22:10',1),(4299,'MFM4232','MFM4232',3,NULL,3,'2026-07-13 14:22:10',1),(4300,'MIS4132','Categorical Data Analysis',3,NULL,37,'2026-07-13 14:22:10',1),(4301,'MIS4141','Statistical Consulting',3,NULL,37,'2026-07-13 14:22:10',1),(4302,'MFM4112','Credibility',3,NULL,37,'2026-07-13 14:22:10',1),(4303,'CHE1131','Practical Inorganic Chemistry',5,NULL,37,'2026-07-13 14:22:10',1),(4304,'CHE1122','General and Inorganic Chemistry',5,8,19,'2026-07-13 14:22:10',1),(4305,'CHE1112','General Chemistry and Basic Concepts in Analytical Chemistry',5,NULL,37,'2026-07-13 14:22:10',1),(4306,'CHE1231','Practical Organic Chemistry-I',5,NULL,3,'2026-07-13 14:22:10',1),(4307,'CHE1222','Physical Chemistry I',5,NULL,3,'2026-07-13 14:22:10',1),(4308,'CHE1212','Descriptive Inorganic Chemistry I',5,NULL,3,'2026-07-13 14:22:10',1),(4309,'CHE2131','Practical Inorganic and Organic Chemistry II',5,NULL,37,'2026-07-13 14:22:10',1),(4310,'CHE2122','Organic Reaction Mechanisms',5,645,19,'2026-07-13 14:22:10',1),(4311,'CHE2112','Descriptive Organic Chemistry and Spectroscopy',5,NULL,37,'2026-07-13 14:22:10',1),(4312,'CHE2212','Descriptive Inorganic Chemistry II',5,NULL,3,'2026-07-13 14:22:10',1),(4313,'CHE2231','Practical Physical Chemistry and Spectroscopy',5,NULL,3,'2026-07-13 14:22:10',1),(4314,'CHE2222','Physical and Analytical Chemistry',5,NULL,3,'2026-07-13 14:22:10',1),(4316,'CHE3132','Biochemistry',5,NULL,37,'2026-07-13 14:22:10',1),(4317,'CHE3122','Analytical Chemistry',5,NULL,37,'2026-07-13 14:22:10',1),(4318,'CHE3112','Industrial Chemistry I',5,NULL,37,'2026-07-13 14:22:10',1),(4319,'CHE3232','Pharmaceutical Chemistry',5,NULL,3,'2026-07-13 14:22:10',1),(4320,'CHE3222','Industrial Polymer Chemistry',5,NULL,3,'2026-07-13 14:22:10',1),(4321,'CHE3212','Environmental Chemistry',5,NULL,3,'2026-07-13 14:22:10',1),(4322,'CHE4162','Laboratory Physical Chemistry',5,NULL,37,'2026-07-13 14:22:10',1),(4323,'CHE4152','Laboratory Inorganic Chemistry',5,NULL,37,'2026-07-13 14:22:10',1),(4324,'CHE4142','Laboratory and Quality Management',5,NULL,37,'2026-07-13 14:22:10',1),(4325,'CHE4132','Quantum Chemistry and Molecular Spectroscopy',5,NULL,37,'2026-07-13 14:22:10',1),(4326,'CHE4123','Reactive Intermediates & Advanced Organic Reaction Mechanisms',5,NULL,37,'2026-07-13 14:22:10',1),(4327,'CHE4114','Advanced Inorganic Chemistry-I',5,NULL,37,'2026-07-13 14:22:10',1),(4328,'CHE4272','Laboratory Analytical Chemistry',5,NULL,3,'2026-07-13 14:22:10',1),(4329,'CHE4262','Laboratory Organic Chemistry',5,NULL,3,'2026-07-13 14:22:10',1),(4330,'CHE4252','Environmental Chemistry',5,NULL,3,'2026-07-13 14:22:10',1),(4331,'CHE4242','Advanced Analytical Chemistry-II',5,NULL,3,'2026-07-13 14:22:10',1),(4332,'CHE4233','Advanced Analytical Chemistry-I',5,NULL,3,'2026-07-13 14:22:10',1),(4333,'CHE4223','Topics in Advanced Physical Chemistry I',5,NULL,3,'2026-07-13 14:22:10',1),(4334,'CHE4213','Advanced Organic Chemistry I',5,NULL,3,'2026-07-13 14:22:10',1),(4335,'CHE4371','Laboratory Biochemistry',5,NULL,37,'2026-07-13 14:22:10',1),(4336,'CHE4362','Industrial Chemistry & Technology',5,NULL,37,'2026-07-13 14:22:10',1),(4337,'CHE4352','Computational Chemistry',5,NULL,37,'2026-07-13 14:22:10',1),(4338,'CHE4342','Advanced Biochemistry',5,NULL,37,'2026-07-13 14:22:10',1),(4339,'CHE4333','Solid State and Surface Chemistry',5,NULL,37,'2026-07-13 14:22:10',1),(4340,'CHE4323','Advanced Organic Chemistry-II',5,NULL,37,'2026-07-13 14:22:10',1),(4341,'CHE4314','Advanced Inorganic Chemistry-II',5,NULL,37,'2026-07-13 14:22:10',1),(4342,'CHE4482','Selected Topics in Industrial Chemistry',5,NULL,37,'2026-07-13 14:22:10',1),(4343,'CHE4472','Biological Chemistry',5,NULL,37,'2026-07-13 14:22:10',1),(4344,'CHE4462','Medicinal Chemistry and Drug Development',5,NULL,37,'2026-07-13 14:22:10',1),(4345,'CHE4452','Biomolecular NMR',5,NULL,37,'2026-07-13 14:22:10',1),(4346,'CHE4442','Forest Products and Textile Industry',5,NULL,37,'2026-07-13 14:22:10',1),(4347,'CHE4436','Research Project',5,NULL,37,'2026-07-13 14:22:10',1),(4348,'CHE4422','Essay & Seminar',5,NULL,37,'2026-07-13 14:22:10',1),(4349,'CHE4411','General Chemistry & Current Topics',5,NULL,37,'2026-07-13 14:22:10',1),(4350,'PHY1b22','Elementary Physics Practical I (2024, SC2023)',11,NULL,3,'2026-07-13 14:22:10',1),(4352,'PHY1150','Mathematics for Bio Science Students',11,NULL,37,'2026-07-13 14:22:10',1),(4354,'PHY1114','General Physics I',11,NULL,37,'2026-07-13 14:22:10',1),(4355,'PHY1214','General Physics II',11,NULL,3,'2026-07-13 14:22:10',1),(4356,'PHY2112','Electronics (2025)',11,NULL,37,'2026-07-13 14:22:10',1),(4357,'PHY2b22','General Physics Practical I',11,NULL,3,'2026-07-13 14:22:10',1),(4358,'PHY2114','General Physics III',11,NULL,37,'2026-07-13 14:22:10',1),(4359,'PHY2222','Electronics Practical',11,NULL,3,'2026-07-13 14:22:10',1),(4360,'PHY3121','General Physics Practical III',11,NULL,37,'2026-07-13 14:22:10',1),(4361,'PHY3114','General Physics V',11,NULL,37,'2026-07-13 14:22:10',1),(4362,'PHY3282','Microcontrollers and Applications',11,NULL,3,'2026-07-13 14:22:10',1),(4363,'PHY3272','Computational Physics II',11,NULL,3,'2026-07-13 14:22:10',1),(4364,'PHY3262','Physics for Bioscience Students',11,NULL,3,'2026-07-13 14:22:10',1),(4365,'PHY3252','Special Topics in Physics',11,NULL,3,'2026-07-13 14:22:10',1),(4366,'PHY3242','Computational Physics I',11,NULL,3,'2026-07-13 14:22:10',1),(4367,'PHY3232','Astronomy',11,NULL,3,'2026-07-13 14:22:10',1),(4368,'BOT2131','Molecular Biology',9,NULL,37,'2026-07-13 14:22:10',1),(4369,'BOT2141','Botany Practicals III',9,NULL,37,'2026-07-13 14:22:10',1),(4370,'BOT2121','Plant Pathology',9,NULL,37,'2026-07-13 14:22:10',1),(4371,'BOT2112','Basic Microbiology',9,NULL,37,'2026-07-13 14:22:10',1),(4372,'BOT2241','Botany Practicals IV',9,NULL,3,'2026-07-13 14:22:10',1),(4373,'BOT2231','Soil-Plant Relationships',9,NULL,3,'2026-07-13 14:22:10',1),(4374,'BOT2221','Environmental Science',9,NULL,3,'2026-07-13 14:22:10',1),(4375,'BOT2212','Plant Physiology and Biochemistry',9,NULL,3,'2026-07-13 14:22:10',1),(4376,'BOT3191','Weed Biology',9,NULL,37,'2026-07-13 14:22:10',1),(4377,'BOT3182','Advanced Molecular Biology',9,NULL,37,'2026-07-13 14:22:10',1),(4378,'BOT3172','Food Technology',9,NULL,37,'2026-07-13 14:22:10',1),(4379,'BOT3162','Forestry',9,NULL,37,'2026-07-13 14:22:10',1),(4380,'BOT3142','Advanced Plant Pathology',9,NULL,37,'2026-07-13 14:22:10',1),(4381,'BOT3132','Advanced Microbiology',9,NULL,37,'2026-07-13 14:22:10',1),(4382,'BOT3122','Horticulture, Floriculture and Landscaping',9,NULL,37,'2026-07-13 14:22:10',1),(4383,'BOT3112','Advanced Plant Ecology',9,NULL,37,'2026-07-13 14:22:10',1),(4384,'BOT3292','Plant Ecophysiology',9,NULL,3,'2026-07-13 14:22:10',1),(4385,'BOT3282','Plant Breeding',9,NULL,3,'2026-07-13 14:22:10',1),(4386,'BOT3271','Genetic Engineering and Biotechnology',9,NULL,3,'2026-07-13 14:22:10',1),(4387,'BOT3261','Economic Botany',9,NULL,3,'2026-07-13 14:22:10',1),(4388,'BOT3251','Plant Virology',9,NULL,3,'2026-07-13 14:22:10',1),(4389,'BOT3242','Advanced Environmental Science',9,NULL,3,'2026-07-13 14:22:10',1),(4390,'BOT3232','Advanced Plant Physiology',9,NULL,3,'2026-07-13 14:22:10',1),(4391,'BOT3222','Plant Tissue Culture',9,NULL,3,'2026-07-13 14:22:10',1),(4392,'BOT3212','Wood Science',9,NULL,3,'2026-07-13 14:22:10',1),(4393,'ZOO2152','Evolution and Zoogeography',7,NULL,37,'2026-07-13 14:22:10',1),(4394,'ZOO2142','Conservation and Management of Biological Resources',7,NULL,37,'2026-07-13 14:22:10',1),(4395,'ZOO2121','General Zoology Practical III',7,NULL,37,'2026-07-13 14:22:10',1),(4396,'ZOO2112','Comparative Animal Physiology',7,NULL,37,'2026-07-13 14:22:10',1),(4397,'ZOO2102','Mammalian Organization and Diversity',7,NULL,37,'2026-07-13 14:22:10',1),(4398,'ZOO2262','Molecular Genetics & Biotechnology',7,NULL,3,'2026-07-13 14:22:10',1),(4399,'ZOO2232','Research Methodology',7,NULL,3,'2026-07-13 14:22:10',1),(4400,'ZOO2221','General Zoology Practical IV',7,NULL,3,'2026-07-13 14:22:10',1),(4401,'ZOO2212','Animal Ecology',7,NULL,3,'2026-07-13 14:22:10',1),(4402,'ZOO2202','Human Biology & Genetics',7,NULL,3,'2026-07-13 14:22:10',1),(4403,'ZOO3192','Biological Psychology I',7,NULL,37,'2026-07-13 14:22:10',1),(4404,'ZOO3182','Animal Behaviour',7,NULL,37,'2026-07-13 14:22:10',1),(4405,'ZOO3172','Ornithology',7,NULL,37,'2026-07-13 14:22:10',1),(4406,'ZOO3162','Immunology',7,NULL,37,'2026-07-13 14:22:10',1),(4407,'ZOO3152','Parasitology',7,NULL,37,'2026-07-13 14:22:10',1),(4408,'ZOO3133','Wetlands & Aquatic Ecosystems',7,NULL,37,'2026-07-13 14:22:10',1),(4409,'ZOO3122','Applied Entomology',7,NULL,37,'2026-07-13 14:22:10',1),(4410,'ZOO3112','Basic Entomology',7,NULL,37,'2026-07-13 14:22:10',1),(4411,'ZOO3292','Human Health',7,NULL,3,'2026-07-13 14:22:10',1),(4412,'ZOO3272','Environmental Pollution and Toxicology',7,NULL,3,'2026-07-13 14:22:10',1),(4413,'ZOO3252','Environmental Impact Assessment',7,NULL,3,'2026-07-13 14:22:10',1),(4414,'ZOO3232','Principles of Pest Management',7,NULL,3,'2026-07-13 14:22:10',1),(4415,'ZOO3222','Fisheries & Aquaculture',7,NULL,3,'2026-07-13 14:22:10',1),(4416,'ZOO3211','Bioethics',7,NULL,3,'2026-07-13 14:22:10',1),(4417,'ZOO3202','Biological Psychology II',7,NULL,3,'2026-07-13 14:22:10',1),(4418,'ZOO4183','Basic Biostatistics and Applications',7,NULL,37,'2026-07-13 14:22:10',1),(4419,'ZOO4242','Assessment of Key Skills',7,NULL,3,'2026-07-13 14:22:10',1),(4420,'ZOO4236','Research Project',7,NULL,3,'2026-07-13 14:22:10',1),(4421,'ZOO4221','Laboratory Techniques in Biology II',7,NULL,3,'2026-07-13 14:22:10',1),(4422,'ZOO4213','Principles of Pest Management',7,NULL,3,'2026-07-13 14:22:10',1),(4423,'ZOO4203','Fisheries Biology and Aquaculture',7,NULL,3,'2026-07-13 14:22:10',1),(4424,'ZOO4192','Animal Rearing',7,NULL,37,'2026-07-13 14:22:10',1),(4425,'ZOO4184','Statistics and Computation',7,NULL,37,'2026-07-13 14:22:10',1),(4426,'ZOO4172','Selected Topics in Biology',7,NULL,37,'2026-07-13 14:22:10',1),(4427,'ZOO4164','Conservation and Management of Environment',7,NULL,37,'2026-07-13 14:22:10',1),(4428,'ZOO4152','Evolutionary Biogeography',7,NULL,37,'2026-07-13 14:22:10',1),(4429,'ZOO4144','Molecular Biology and Genetics',7,NULL,37,'2026-07-13 14:22:10',1),(4430,'ZOO4133','Subject Specialization',7,NULL,37,'2026-07-13 14:22:10',1),(4431,'ZOO4121','Practical Course in Vertebrate Biology',7,NULL,37,'2026-07-13 14:22:10',1),(4432,'ZOO4103','Animal Pathology/Immunology',7,NULL,37,'2026-07-13 14:22:10',1),(4433,'ZOO4092','Conservation and Management of Biological Resources',7,NULL,37,'2026-07-13 14:22:10',1),(4434,'ZOO4083','Ornithology',7,NULL,37,'2026-07-13 14:22:10',1),(4435,'ZOO4073','Animal Behaviour',7,NULL,37,'2026-07-13 14:22:10',1),(4436,'ZOO4161','Laboratory Techniques in Biology I',7,NULL,37,'2026-07-13 14:22:10',1),(4437,'ZOO4051','Practical Course in Invertebrate Biology',7,NULL,37,'2026-07-13 14:22:10',1),(4438,'ZOO4034','Ecosystem Structure and Function',7,NULL,37,'2026-07-13 14:22:10',1),(4439,'ZOO4023','Parasitology',7,NULL,37,'2026-07-13 14:22:10',1),(4440,'ZOO4013','Entomology',7,NULL,37,'2026-07-13 14:22:10',1),(4441,'BOT1122','Plant Diversity and Evolution',9,10,19,'2026-07-13 14:27:35',1),(4444,'MAT1122','Calculus and Linear Algebra',3,7,19,'2026-07-13 14:27:35',1),(4445,'PHY1122','Mechanics and Waves',11,11,19,'2026-07-13 14:27:35',1),(4446,'ZOO1122','Animal Form and Function',7,9,19,'2026-07-13 14:27:35',1),(4447,'CSC1222','Data Structures and Algorithms',1,6,3,'2026-07-13 14:27:35',1),(4448,'MAT1222','Probability and Statistics',3,7,3,'2026-07-13 14:27:35',1),(4449,'CSC2122','Database Systems',1,643,19,'2026-07-13 14:27:35',1),(4450,'MAT2122','Real Analysis',3,644,19,'2026-07-13 14:27:35',1),(4452,'ZOO2122','Ecology and Conservation',7,646,19,'2026-07-13 14:27:35',1),(4453,'BOT2122','Plant Biotechnology',9,647,19,'2026-07-13 14:27:35',1),(4454,'PHY2122','Electronics and Instrumentation',11,648,19,'2026-07-13 14:27:35',1),(4875,'ZOO1121','General Zoology Practical I',7,NULL,37,'2026-07-13 15:10:20',0),(4876,'ZOO1112','Invertebrate Diversity I',7,NULL,37,'2026-07-13 15:10:20',1),(4877,'ZOO1102','Core Zoology',7,NULL,37,'2026-07-13 15:10:20',1),(4878,'ZOO1221','General Zoology Practical II',7,NULL,3,'2026-07-13 15:10:20',1),(4879,'ZOO1212','Chordate Organization and Diversity',7,NULL,3,'2026-07-13 15:10:20',1),(4880,'ZOO1202','Invertebrate Diversity II',7,NULL,3,'2026-07-13 15:10:20',1),(4881,'BOT1141','Botany Practicals I',9,NULL,37,'2026-07-13 15:10:20',0),(4882,'BOT1131','Plant Anatomy',9,NULL,37,'2026-07-13 15:10:20',0),(4883,'BOT1121','Scientific Approach and Biometrics',9,NULL,37,'2026-07-13 15:10:20',0),(4884,'BOT1112','Plant Diversity,Unity and Evolution',9,NULL,37,'2026-07-13 15:10:20',1),(4885,'BOT1241','Botany Practicals II',9,NULL,3,'2026-07-13 15:10:20',1),(4886,'BOT1231','Plant Ecology',9,NULL,3,'2026-07-13 15:10:20',1),(4887,'BOT1221','Plant Systematics',9,NULL,3,'2026-07-13 15:10:20',1),(4888,'BOT1212','Genetics',9,NULL,3,'2026-07-13 15:10:20',1);
/*!40000 ALTER TABLE `courses` ENABLE KEYS */;
UNLOCK TABLES;

--
-- Table structure for table `departments`
--

DROP TABLE IF EXISTS `departments`;
/*!40101 SET @saved_cs_client     = @@character_set_client */;
/*!50503 SET character_set_client = utf8mb4 */;
CREATE TABLE `departments` (
  `id` int NOT NULL AUTO_INCREMENT,
  `department_name` varchar(150) NOT NULL,
  `faculty_name` varchar(150) NOT NULL,
  `created_at` timestamp NULL DEFAULT CURRENT_TIMESTAMP,
  PRIMARY KEY (`id`),
  UNIQUE KEY `department_name` (`department_name`)
) ENGINE=InnoDB AUTO_INCREMENT=3097 DEFAULT CHARSET=utf8mb4 COLLATE=utf8mb4_0900_ai_ci;
/*!40101 SET character_set_client = @saved_cs_client */;

--
-- Dumping data for table `departments`
--

LOCK TABLES `departments` WRITE;
/*!40000 ALTER TABLE `departments` DISABLE KEYS */;
INSERT INTO `departments` VALUES (1,'Department of Computer Science','Faculty of Science','2026-06-01 19:04:27'),(3,'Department of Mathematics','Faculty of Science','2026-06-01 19:04:27'),(5,'Department of Chemistry','Faculty of Science','2026-06-01 19:04:27'),(7,'Department of Zoology','Faculty of Science','2026-06-01 19:04:27'),(9,'Department of Botany','Faculty of Science','2026-06-01 19:04:27'),(11,'Department of Physics','Faculty of Science','2026-06-01 19:04:27');
/*!40000 ALTER TABLE `departments` ENABLE KEYS */;
UNLOCK TABLES;

--
-- Table structure for table `evaluation_responses`
--

DROP TABLE IF EXISTS `evaluation_responses`;
/*!40101 SET @saved_cs_client     = @@character_set_client */;
/*!50503 SET character_set_client = utf8mb4 */;
CREATE TABLE `evaluation_responses` (
  `id` int NOT NULL AUTO_INCREMENT,
  `submission_id` int NOT NULL,
  `question_id` int NOT NULL,
  `score` tinyint NOT NULL,
  `created_at` timestamp NULL DEFAULT CURRENT_TIMESTAMP,
  PRIMARY KEY (`id`),
  KEY `idx_eval_responses_submission_id` (`submission_id`),
  KEY `idx_eval_responses_question_id` (`question_id`),
  CONSTRAINT `fk_evaluation_responses_question` FOREIGN KEY (`question_id`) REFERENCES `questions` (`id`) ON DELETE RESTRICT ON UPDATE CASCADE,
  CONSTRAINT `fk_evaluation_responses_submission` FOREIGN KEY (`submission_id`) REFERENCES `evaluation_submissions` (`id`) ON DELETE CASCADE ON UPDATE CASCADE
) ENGINE=InnoDB AUTO_INCREMENT=5431 DEFAULT CHARSET=utf8mb4 COLLATE=utf8mb4_0900_ai_ci;
/*!40101 SET character_set_client = @saved_cs_client */;

--
-- Dumping data for table `evaluation_responses`
--

LOCK TABLES `evaluation_responses` WRITE;
/*!40000 ALTER TABLE `evaluation_responses` DISABLE KEYS */;
INSERT INTO `evaluation_responses` VALUES (4231,428,1,8,'2026-07-13 14:27:35'),(4232,428,2,8,'2026-07-13 14:27:35'),(4233,428,3,7,'2026-07-13 14:27:35'),(4234,428,4,8,'2026-07-13 14:27:35'),(4235,428,5,8,'2026-07-13 14:27:35'),(4236,428,6,7,'2026-07-13 14:27:35'),(4237,428,7,8,'2026-07-13 14:27:35'),(4238,428,8,8,'2026-07-13 14:27:35'),(4239,428,9,7,'2026-07-13 14:27:35'),(4240,428,10,8,'2026-07-13 14:27:35'),(4241,429,11,10,'2026-07-13 14:27:35'),(4242,429,12,10,'2026-07-13 14:27:35'),(4243,429,13,9,'2026-07-13 14:27:35'),(4244,429,14,10,'2026-07-13 14:27:35'),(4245,429,15,10,'2026-07-13 14:27:35'),(4246,429,16,9,'2026-07-13 14:27:35'),(4247,429,17,10,'2026-07-13 14:27:35'),(4248,429,18,10,'2026-07-13 14:27:35'),(4249,429,19,9,'2026-07-13 14:27:35'),(4250,429,20,10,'2026-07-13 14:27:35'),(4251,430,1,6,'2026-07-13 14:27:35'),(4252,430,2,5,'2026-07-13 14:27:35'),(4253,430,3,6,'2026-07-13 14:27:35'),(4254,430,4,6,'2026-07-13 14:27:35'),(4255,430,5,5,'2026-07-13 14:27:35'),(4256,430,6,6,'2026-07-13 14:27:35'),(4257,430,7,6,'2026-07-13 14:27:35'),(4258,430,8,5,'2026-07-13 14:27:35'),(4259,430,9,6,'2026-07-13 14:27:35'),(4260,430,10,6,'2026-07-13 14:27:35'),(4261,431,11,8,'2026-07-13 14:27:35'),(4262,431,12,7,'2026-07-13 14:27:35'),(4263,431,13,8,'2026-07-13 14:27:35'),(4264,431,14,8,'2026-07-13 14:27:35'),(4265,431,15,7,'2026-07-13 14:27:35'),(4266,431,16,8,'2026-07-13 14:27:35'),(4267,431,17,8,'2026-07-13 14:27:35'),(4268,431,18,7,'2026-07-13 14:27:35'),(4269,431,19,8,'2026-07-13 14:27:35'),(4270,431,20,8,'2026-07-13 14:27:35'),(4271,432,1,9,'2026-07-13 14:27:35'),(4272,432,2,10,'2026-07-13 14:27:35'),(4273,432,3,10,'2026-07-13 14:27:35'),(4274,432,4,9,'2026-07-13 14:27:35'),(4275,432,5,10,'2026-07-13 14:27:35'),(4276,432,6,10,'2026-07-13 14:27:35'),(4277,432,7,9,'2026-07-13 14:27:35'),(4278,432,8,10,'2026-07-13 14:27:35'),(4279,432,9,10,'2026-07-13 14:27:35'),(4280,432,10,9,'2026-07-13 14:27:35'),(4281,433,11,5,'2026-07-13 14:27:35'),(4282,433,12,6,'2026-07-13 14:27:35'),(4283,433,13,6,'2026-07-13 14:27:35'),(4284,433,14,5,'2026-07-13 14:27:35'),(4285,433,15,6,'2026-07-13 14:27:35'),(4286,433,16,6,'2026-07-13 14:27:35'),(4287,433,17,5,'2026-07-13 14:27:35'),(4288,433,18,6,'2026-07-13 14:27:35'),(4289,433,19,6,'2026-07-13 14:27:35'),(4290,433,20,5,'2026-07-13 14:27:35'),(4291,434,1,8,'2026-07-13 14:27:35'),(4292,434,2,8,'2026-07-13 14:27:35'),(4293,434,3,7,'2026-07-13 14:27:35'),(4294,434,4,8,'2026-07-13 14:27:35'),(4295,434,5,8,'2026-07-13 14:27:35'),(4296,434,6,7,'2026-07-13 14:27:35'),(4297,434,7,8,'2026-07-13 14:27:35'),(4298,434,8,8,'2026-07-13 14:27:35'),(4299,434,9,7,'2026-07-13 14:27:35'),(4300,434,10,8,'2026-07-13 14:27:35'),(4301,435,11,10,'2026-07-13 14:27:35'),(4302,435,12,10,'2026-07-13 14:27:35'),(4303,435,13,9,'2026-07-13 14:27:35'),(4304,435,14,10,'2026-07-13 14:27:35'),(4305,435,15,10,'2026-07-13 14:27:35'),(4306,435,16,9,'2026-07-13 14:27:35'),(4307,435,17,10,'2026-07-13 14:27:35'),(4308,435,18,10,'2026-07-13 14:27:35'),(4309,435,19,9,'2026-07-13 14:27:35'),(4310,435,20,10,'2026-07-13 14:27:35'),(4311,436,1,8,'2026-07-13 14:27:35'),(4312,436,2,8,'2026-07-13 14:27:35'),(4313,436,3,7,'2026-07-13 14:27:35'),(4314,436,4,8,'2026-07-13 14:27:35'),(4315,436,5,8,'2026-07-13 14:27:35'),(4316,436,6,7,'2026-07-13 14:27:35'),(4317,436,7,8,'2026-07-13 14:27:35'),(4318,436,8,8,'2026-07-13 14:27:35'),(4319,436,9,7,'2026-07-13 14:27:35'),(4320,436,10,8,'2026-07-13 14:27:35'),(4321,437,11,10,'2026-07-13 14:27:35'),(4322,437,12,10,'2026-07-13 14:27:35'),(4323,437,13,9,'2026-07-13 14:27:35'),(4324,437,14,10,'2026-07-13 14:27:35'),(4325,437,15,10,'2026-07-13 14:27:35'),(4326,437,16,9,'2026-07-13 14:27:35'),(4327,437,17,10,'2026-07-13 14:27:35'),(4328,437,18,10,'2026-07-13 14:27:35'),(4329,437,19,9,'2026-07-13 14:27:35'),(4330,437,20,10,'2026-07-13 14:27:35'),(4331,438,1,6,'2026-07-13 14:27:35'),(4332,438,2,5,'2026-07-13 14:27:35'),(4333,438,3,6,'2026-07-13 14:27:35'),(4334,438,4,6,'2026-07-13 14:27:35'),(4335,438,5,5,'2026-07-13 14:27:35'),(4336,438,6,6,'2026-07-13 14:27:35'),(4337,438,7,6,'2026-07-13 14:27:35'),(4338,438,8,5,'2026-07-13 14:27:35'),(4339,438,9,6,'2026-07-13 14:27:35'),(4340,438,10,6,'2026-07-13 14:27:35'),(4341,439,11,8,'2026-07-13 14:27:35'),(4342,439,12,7,'2026-07-13 14:27:35'),(4343,439,13,8,'2026-07-13 14:27:35'),(4344,439,14,8,'2026-07-13 14:27:35'),(4345,439,15,7,'2026-07-13 14:27:35'),(4346,439,16,8,'2026-07-13 14:27:35'),(4347,439,17,8,'2026-07-13 14:27:35'),(4348,439,18,7,'2026-07-13 14:27:35'),(4349,439,19,8,'2026-07-13 14:27:35'),(4350,439,20,8,'2026-07-13 14:27:35'),(4351,440,1,9,'2026-07-13 14:27:35'),(4352,440,2,10,'2026-07-13 14:27:35'),(4353,440,3,10,'2026-07-13 14:27:35'),(4354,440,4,9,'2026-07-13 14:27:35'),(4355,440,5,10,'2026-07-13 14:27:35'),(4356,440,6,10,'2026-07-13 14:27:35'),(4357,440,7,9,'2026-07-13 14:27:35'),(4358,440,8,10,'2026-07-13 14:27:35'),(4359,440,9,10,'2026-07-13 14:27:35'),(4360,440,10,9,'2026-07-13 14:27:35'),(4361,441,11,5,'2026-07-13 14:27:35'),(4362,441,12,6,'2026-07-13 14:27:35'),(4363,441,13,6,'2026-07-13 14:27:35'),(4364,441,14,5,'2026-07-13 14:27:35'),(4365,441,15,6,'2026-07-13 14:27:35'),(4366,441,16,6,'2026-07-13 14:27:35'),(4367,441,17,5,'2026-07-13 14:27:35'),(4368,441,18,6,'2026-07-13 14:27:35'),(4369,441,19,6,'2026-07-13 14:27:35'),(4370,441,20,5,'2026-07-13 14:27:35'),(4371,442,1,8,'2026-07-13 14:27:35'),(4372,442,2,8,'2026-07-13 14:27:35'),(4373,442,3,7,'2026-07-13 14:27:35'),(4374,442,4,8,'2026-07-13 14:27:35'),(4375,442,5,8,'2026-07-13 14:27:35'),(4376,442,6,7,'2026-07-13 14:27:35'),(4377,442,7,8,'2026-07-13 14:27:35'),(4378,442,8,8,'2026-07-13 14:27:35'),(4379,442,9,7,'2026-07-13 14:27:35'),(4380,442,10,8,'2026-07-13 14:27:35'),(4381,443,11,10,'2026-07-13 14:27:35'),(4382,443,12,10,'2026-07-13 14:27:35'),(4383,443,13,9,'2026-07-13 14:27:35'),(4384,443,14,10,'2026-07-13 14:27:35'),(4385,443,15,10,'2026-07-13 14:27:35'),(4386,443,16,9,'2026-07-13 14:27:35'),(4387,443,17,10,'2026-07-13 14:27:35'),(4388,443,18,10,'2026-07-13 14:27:35'),(4389,443,19,9,'2026-07-13 14:27:35'),(4390,443,20,10,'2026-07-13 14:27:35'),(4391,444,1,8,'2026-07-13 14:27:35'),(4392,444,2,8,'2026-07-13 14:27:35'),(4393,444,3,7,'2026-07-13 14:27:35'),(4394,444,4,8,'2026-07-13 14:27:35'),(4395,444,5,8,'2026-07-13 14:27:35'),(4396,444,6,7,'2026-07-13 14:27:35'),(4397,444,7,8,'2026-07-13 14:27:35'),(4398,444,8,8,'2026-07-13 14:27:35'),(4399,444,9,7,'2026-07-13 14:27:35'),(4400,444,10,8,'2026-07-13 14:27:35'),(4401,445,11,10,'2026-07-13 14:27:35'),(4402,445,12,10,'2026-07-13 14:27:35'),(4403,445,13,9,'2026-07-13 14:27:35'),(4404,445,14,10,'2026-07-13 14:27:35'),(4405,445,15,10,'2026-07-13 14:27:35'),(4406,445,16,9,'2026-07-13 14:27:35'),(4407,445,17,10,'2026-07-13 14:27:35'),(4408,445,18,10,'2026-07-13 14:27:35'),(4409,445,19,9,'2026-07-13 14:27:35'),(4410,445,20,10,'2026-07-13 14:27:35'),(4411,446,1,6,'2026-07-13 14:27:35'),(4412,446,2,5,'2026-07-13 14:27:35'),(4413,446,3,6,'2026-07-13 14:27:35'),(4414,446,4,6,'2026-07-13 14:27:35'),(4415,446,5,5,'2026-07-13 14:27:35'),(4416,446,6,6,'2026-07-13 14:27:35'),(4417,446,7,6,'2026-07-13 14:27:35'),(4418,446,8,5,'2026-07-13 14:27:35'),(4419,446,9,6,'2026-07-13 14:27:35'),(4420,446,10,6,'2026-07-13 14:27:35'),(4421,447,11,8,'2026-07-13 14:27:35'),(4422,447,12,7,'2026-07-13 14:27:35'),(4423,447,13,8,'2026-07-13 14:27:35'),(4424,447,14,8,'2026-07-13 14:27:35'),(4425,447,15,7,'2026-07-13 14:27:35'),(4426,447,16,8,'2026-07-13 14:27:35'),(4427,447,17,8,'2026-07-13 14:27:35'),(4428,447,18,7,'2026-07-13 14:27:35'),(4429,447,19,8,'2026-07-13 14:27:35'),(4430,447,20,8,'2026-07-13 14:27:35'),(4431,448,1,9,'2026-07-13 14:27:35'),(4432,448,2,10,'2026-07-13 14:27:35'),(4433,448,3,10,'2026-07-13 14:27:35'),(4434,448,4,9,'2026-07-13 14:27:35'),(4435,448,5,10,'2026-07-13 14:27:35'),(4436,448,6,10,'2026-07-13 14:27:35'),(4437,448,7,9,'2026-07-13 14:27:35'),(4438,448,8,10,'2026-07-13 14:27:35'),(4439,448,9,10,'2026-07-13 14:27:35'),(4440,448,10,9,'2026-07-13 14:27:35'),(4441,449,11,5,'2026-07-13 14:27:35'),(4442,449,12,6,'2026-07-13 14:27:35'),(4443,449,13,6,'2026-07-13 14:27:35'),(4444,449,14,5,'2026-07-13 14:27:35'),(4445,449,15,6,'2026-07-13 14:27:35'),(4446,449,16,6,'2026-07-13 14:27:35'),(4447,449,17,5,'2026-07-13 14:27:35'),(4448,449,18,6,'2026-07-13 14:27:35'),(4449,449,19,6,'2026-07-13 14:27:35'),(4450,449,20,5,'2026-07-13 14:27:35'),(4451,450,1,8,'2026-07-13 14:27:35'),(4452,450,2,8,'2026-07-13 14:27:35'),(4453,450,3,7,'2026-07-13 14:27:35'),(4454,450,4,8,'2026-07-13 14:27:35'),(4455,450,5,8,'2026-07-13 14:27:35'),(4456,450,6,7,'2026-07-13 14:27:35'),(4457,450,7,8,'2026-07-13 14:27:35'),(4458,450,8,8,'2026-07-13 14:27:35'),(4459,450,9,7,'2026-07-13 14:27:35'),(4460,450,10,8,'2026-07-13 14:27:35'),(4461,451,11,10,'2026-07-13 14:27:35'),(4462,451,12,10,'2026-07-13 14:27:35'),(4463,451,13,9,'2026-07-13 14:27:35'),(4464,451,14,10,'2026-07-13 14:27:35'),(4465,451,15,10,'2026-07-13 14:27:35'),(4466,451,16,9,'2026-07-13 14:27:35'),(4467,451,17,10,'2026-07-13 14:27:35'),(4468,451,18,10,'2026-07-13 14:27:35'),(4469,451,19,9,'2026-07-13 14:27:35'),(4470,451,20,10,'2026-07-13 14:27:35'),(4471,452,1,8,'2026-07-13 14:27:35'),(4472,452,2,8,'2026-07-13 14:27:35'),(4473,452,3,7,'2026-07-13 14:27:35'),(4474,452,4,8,'2026-07-13 14:27:35'),(4475,452,5,8,'2026-07-13 14:27:35'),(4476,452,6,7,'2026-07-13 14:27:35'),(4477,452,7,8,'2026-07-13 14:27:35'),(4478,452,8,8,'2026-07-13 14:27:35'),(4479,452,9,7,'2026-07-13 14:27:35'),(4480,452,10,8,'2026-07-13 14:27:35'),(4481,453,11,10,'2026-07-13 14:27:35'),(4482,453,12,10,'2026-07-13 14:27:35'),(4483,453,13,9,'2026-07-13 14:27:35'),(4484,453,14,10,'2026-07-13 14:27:35'),(4485,453,15,10,'2026-07-13 14:27:35'),(4486,453,16,9,'2026-07-13 14:27:35'),(4487,453,17,10,'2026-07-13 14:27:35'),(4488,453,18,10,'2026-07-13 14:27:35'),(4489,453,19,9,'2026-07-13 14:27:35'),(4490,453,20,10,'2026-07-13 14:27:35'),(4491,454,1,6,'2026-07-13 14:27:35'),(4492,454,2,5,'2026-07-13 14:27:35'),(4493,454,3,6,'2026-07-13 14:27:35'),(4494,454,4,6,'2026-07-13 14:27:35'),(4495,454,5,5,'2026-07-13 14:27:35'),(4496,454,6,6,'2026-07-13 14:27:35'),(4497,454,7,6,'2026-07-13 14:27:35'),(4498,454,8,5,'2026-07-13 14:27:35'),(4499,454,9,6,'2026-07-13 14:27:35'),(4500,454,10,6,'2026-07-13 14:27:35'),(4501,455,11,8,'2026-07-13 14:27:35'),(4502,455,12,7,'2026-07-13 14:27:35'),(4503,455,13,8,'2026-07-13 14:27:35'),(4504,455,14,8,'2026-07-13 14:27:35'),(4505,455,15,7,'2026-07-13 14:27:35'),(4506,455,16,8,'2026-07-13 14:27:35'),(4507,455,17,8,'2026-07-13 14:27:35'),(4508,455,18,7,'2026-07-13 14:27:35'),(4509,455,19,8,'2026-07-13 14:27:35'),(4510,455,20,8,'2026-07-13 14:27:35'),(4511,456,1,9,'2026-07-13 14:27:35'),(4512,456,2,10,'2026-07-13 14:27:35'),(4513,456,3,10,'2026-07-13 14:27:35'),(4514,456,4,9,'2026-07-13 14:27:35'),(4515,456,5,10,'2026-07-13 14:27:35'),(4516,456,6,10,'2026-07-13 14:27:35'),(4517,456,7,9,'2026-07-13 14:27:35'),(4518,456,8,10,'2026-07-13 14:27:35'),(4519,456,9,10,'2026-07-13 14:27:35'),(4520,456,10,9,'2026-07-13 14:27:35'),(4521,457,11,5,'2026-07-13 14:27:35'),(4522,457,12,6,'2026-07-13 14:27:35'),(4523,457,13,6,'2026-07-13 14:27:35'),(4524,457,14,5,'2026-07-13 14:27:35'),(4525,457,15,6,'2026-07-13 14:27:35'),(4526,457,16,6,'2026-07-13 14:27:35'),(4527,457,17,5,'2026-07-13 14:27:35'),(4528,457,18,6,'2026-07-13 14:27:35'),(4529,457,19,6,'2026-07-13 14:27:35'),(4530,457,20,5,'2026-07-13 14:27:35'),(4531,458,1,8,'2026-07-13 14:27:35'),(4532,458,2,8,'2026-07-13 14:27:35'),(4533,458,3,7,'2026-07-13 14:27:35'),(4534,458,4,8,'2026-07-13 14:27:35'),(4535,458,5,8,'2026-07-13 14:27:35'),(4536,458,6,7,'2026-07-13 14:27:35'),(4537,458,7,8,'2026-07-13 14:27:35'),(4538,458,8,8,'2026-07-13 14:27:35'),(4539,458,9,7,'2026-07-13 14:27:35'),(4540,458,10,8,'2026-07-13 14:27:35'),(4541,459,11,10,'2026-07-13 14:27:35'),(4542,459,12,10,'2026-07-13 14:27:35'),(4543,459,13,9,'2026-07-13 14:27:35'),(4544,459,14,10,'2026-07-13 14:27:35'),(4545,459,15,10,'2026-07-13 14:27:35'),(4546,459,16,9,'2026-07-13 14:27:35'),(4547,459,17,10,'2026-07-13 14:27:35'),(4548,459,18,10,'2026-07-13 14:27:35'),(4549,459,19,9,'2026-07-13 14:27:35'),(4550,459,20,10,'2026-07-13 14:27:35'),(4551,460,1,8,'2026-07-13 14:27:35'),(4552,460,2,8,'2026-07-13 14:27:35'),(4553,460,3,7,'2026-07-13 14:27:35'),(4554,460,4,8,'2026-07-13 14:27:35'),(4555,460,5,8,'2026-07-13 14:27:35'),(4556,460,6,7,'2026-07-13 14:27:35'),(4557,460,7,8,'2026-07-13 14:27:35'),(4558,460,8,8,'2026-07-13 14:27:35'),(4559,460,9,7,'2026-07-13 14:27:35'),(4560,460,10,8,'2026-07-13 14:27:35'),(4561,461,11,10,'2026-07-13 14:27:35'),(4562,461,12,10,'2026-07-13 14:27:35'),(4563,461,13,9,'2026-07-13 14:27:35'),(4564,461,14,10,'2026-07-13 14:27:35'),(4565,461,15,10,'2026-07-13 14:27:35'),(4566,461,16,9,'2026-07-13 14:27:35'),(4567,461,17,10,'2026-07-13 14:27:35'),(4568,461,18,10,'2026-07-13 14:27:35'),(4569,461,19,9,'2026-07-13 14:27:35'),(4570,461,20,10,'2026-07-13 14:27:35'),(4571,462,1,6,'2026-07-13 14:27:35'),(4572,462,2,5,'2026-07-13 14:27:35'),(4573,462,3,6,'2026-07-13 14:27:35'),(4574,462,4,6,'2026-07-13 14:27:35'),(4575,462,5,5,'2026-07-13 14:27:35'),(4576,462,6,6,'2026-07-13 14:27:35'),(4577,462,7,6,'2026-07-13 14:27:35'),(4578,462,8,5,'2026-07-13 14:27:35'),(4579,462,9,6,'2026-07-13 14:27:35'),(4580,462,10,6,'2026-07-13 14:27:35'),(4581,463,11,8,'2026-07-13 14:27:35'),(4582,463,12,7,'2026-07-13 14:27:35'),(4583,463,13,8,'2026-07-13 14:27:35'),(4584,463,14,8,'2026-07-13 14:27:35'),(4585,463,15,7,'2026-07-13 14:27:35'),(4586,463,16,8,'2026-07-13 14:27:35'),(4587,463,17,8,'2026-07-13 14:27:35'),(4588,463,18,7,'2026-07-13 14:27:35'),(4589,463,19,8,'2026-07-13 14:27:35'),(4590,463,20,8,'2026-07-13 14:27:35'),(4591,464,1,9,'2026-07-13 14:27:35'),(4592,464,2,10,'2026-07-13 14:27:35'),(4593,464,3,10,'2026-07-13 14:27:35'),(4594,464,4,9,'2026-07-13 14:27:35'),(4595,464,5,10,'2026-07-13 14:27:35'),(4596,464,6,10,'2026-07-13 14:27:35'),(4597,464,7,9,'2026-07-13 14:27:35'),(4598,464,8,10,'2026-07-13 14:27:35'),(4599,464,9,10,'2026-07-13 14:27:35'),(4600,464,10,9,'2026-07-13 14:27:35'),(4601,465,11,5,'2026-07-13 14:27:35'),(4602,465,12,6,'2026-07-13 14:27:35'),(4603,465,13,6,'2026-07-13 14:27:35'),(4604,465,14,5,'2026-07-13 14:27:35'),(4605,465,15,6,'2026-07-13 14:27:35'),(4606,465,16,6,'2026-07-13 14:27:35'),(4607,465,17,5,'2026-07-13 14:27:35'),(4608,465,18,6,'2026-07-13 14:27:35'),(4609,465,19,6,'2026-07-13 14:27:35'),(4610,465,20,5,'2026-07-13 14:27:35'),(4611,466,1,8,'2026-07-13 14:27:35'),(4612,466,2,8,'2026-07-13 14:27:35'),(4613,466,3,7,'2026-07-13 14:27:35'),(4614,466,4,8,'2026-07-13 14:27:35'),(4615,466,5,8,'2026-07-13 14:27:35'),(4616,466,6,7,'2026-07-13 14:27:35'),(4617,466,7,8,'2026-07-13 14:27:35'),(4618,466,8,8,'2026-07-13 14:27:35'),(4619,466,9,7,'2026-07-13 14:27:35'),(4620,466,10,8,'2026-07-13 14:27:35'),(4621,467,11,10,'2026-07-13 14:27:35'),(4622,467,12,10,'2026-07-13 14:27:35'),(4623,467,13,9,'2026-07-13 14:27:35'),(4624,467,14,10,'2026-07-13 14:27:35'),(4625,467,15,10,'2026-07-13 14:27:35'),(4626,467,16,9,'2026-07-13 14:27:35'),(4627,467,17,10,'2026-07-13 14:27:35'),(4628,467,18,10,'2026-07-13 14:27:35'),(4629,467,19,9,'2026-07-13 14:27:35'),(4630,467,20,10,'2026-07-13 14:27:35'),(4631,468,1,8,'2026-07-13 14:27:35'),(4632,468,2,8,'2026-07-13 14:27:36'),(4633,468,3,7,'2026-07-13 14:27:36'),(4634,468,4,8,'2026-07-13 14:27:36'),(4635,468,5,8,'2026-07-13 14:27:36'),(4636,468,6,7,'2026-07-13 14:27:36'),(4637,468,7,8,'2026-07-13 14:27:36'),(4638,468,8,8,'2026-07-13 14:27:36'),(4639,468,9,7,'2026-07-13 14:27:36'),(4640,468,10,8,'2026-07-13 14:27:36'),(4641,469,11,10,'2026-07-13 14:27:36'),(4642,469,12,10,'2026-07-13 14:27:36'),(4643,469,13,9,'2026-07-13 14:27:36'),(4644,469,14,10,'2026-07-13 14:27:36'),(4645,469,15,10,'2026-07-13 14:27:36'),(4646,469,16,9,'2026-07-13 14:27:36'),(4647,469,17,10,'2026-07-13 14:27:36'),(4648,469,18,10,'2026-07-13 14:27:36'),(4649,469,19,9,'2026-07-13 14:27:36'),(4650,469,20,10,'2026-07-13 14:27:36'),(4651,470,1,6,'2026-07-13 14:27:36'),(4652,470,2,5,'2026-07-13 14:27:36'),(4653,470,3,6,'2026-07-13 14:27:36'),(4654,470,4,6,'2026-07-13 14:27:36'),(4655,470,5,5,'2026-07-13 14:27:36'),(4656,470,6,6,'2026-07-13 14:27:36'),(4657,470,7,6,'2026-07-13 14:27:36'),(4658,470,8,5,'2026-07-13 14:27:36'),(4659,470,9,6,'2026-07-13 14:27:36'),(4660,470,10,6,'2026-07-13 14:27:36'),(4661,471,11,8,'2026-07-13 14:27:36'),(4662,471,12,7,'2026-07-13 14:27:36'),(4663,471,13,8,'2026-07-13 14:27:36'),(4664,471,14,8,'2026-07-13 14:27:36'),(4665,471,15,7,'2026-07-13 14:27:36'),(4666,471,16,8,'2026-07-13 14:27:36'),(4667,471,17,8,'2026-07-13 14:27:36'),(4668,471,18,7,'2026-07-13 14:27:36'),(4669,471,19,8,'2026-07-13 14:27:36'),(4670,471,20,8,'2026-07-13 14:27:36'),(4671,472,1,9,'2026-07-13 14:27:36'),(4672,472,2,10,'2026-07-13 14:27:36'),(4673,472,3,10,'2026-07-13 14:27:36'),(4674,472,4,9,'2026-07-13 14:27:36'),(4675,472,5,10,'2026-07-13 14:27:36'),(4676,472,6,10,'2026-07-13 14:27:36'),(4677,472,7,9,'2026-07-13 14:27:36'),(4678,472,8,10,'2026-07-13 14:27:36'),(4679,472,9,10,'2026-07-13 14:27:36'),(4680,472,10,9,'2026-07-13 14:27:36'),(4681,473,11,5,'2026-07-13 14:27:36'),(4682,473,12,6,'2026-07-13 14:27:36'),(4683,473,13,6,'2026-07-13 14:27:36'),(4684,473,14,5,'2026-07-13 14:27:36'),(4685,473,15,6,'2026-07-13 14:27:36'),(4686,473,16,6,'2026-07-13 14:27:36'),(4687,473,17,5,'2026-07-13 14:27:36'),(4688,473,18,6,'2026-07-13 14:27:36'),(4689,473,19,6,'2026-07-13 14:27:36'),(4690,473,20,5,'2026-07-13 14:27:36'),(4691,474,1,8,'2026-07-13 14:27:36'),(4692,474,2,8,'2026-07-13 14:27:36'),(4693,474,3,7,'2026-07-13 14:27:36'),(4694,474,4,8,'2026-07-13 14:27:36'),(4695,474,5,8,'2026-07-13 14:27:36'),(4696,474,6,7,'2026-07-13 14:27:36'),(4697,474,7,8,'2026-07-13 14:27:36'),(4698,474,8,8,'2026-07-13 14:27:36'),(4699,474,9,7,'2026-07-13 14:27:36'),(4700,474,10,8,'2026-07-13 14:27:36'),(4701,475,11,10,'2026-07-13 14:27:36'),(4702,475,12,10,'2026-07-13 14:27:36'),(4703,475,13,9,'2026-07-13 14:27:36'),(4704,475,14,10,'2026-07-13 14:27:36'),(4705,475,15,10,'2026-07-13 14:27:36'),(4706,475,16,9,'2026-07-13 14:27:36'),(4707,475,17,10,'2026-07-13 14:27:36'),(4708,475,18,10,'2026-07-13 14:27:36'),(4709,475,19,9,'2026-07-13 14:27:36'),(4710,475,20,10,'2026-07-13 14:27:36'),(4711,476,1,8,'2026-07-13 14:27:36'),(4712,476,2,8,'2026-07-13 14:27:36'),(4713,476,3,7,'2026-07-13 14:27:36'),(4714,476,4,8,'2026-07-13 14:27:36'),(4715,476,5,8,'2026-07-13 14:27:36'),(4716,476,6,7,'2026-07-13 14:27:36'),(4717,476,7,8,'2026-07-13 14:27:36'),(4718,476,8,8,'2026-07-13 14:27:36'),(4719,476,9,7,'2026-07-13 14:27:36'),(4720,476,10,8,'2026-07-13 14:27:36'),(4721,477,11,10,'2026-07-13 14:27:36'),(4722,477,12,10,'2026-07-13 14:27:36'),(4723,477,13,9,'2026-07-13 14:27:36'),(4724,477,14,10,'2026-07-13 14:27:36'),(4725,477,15,10,'2026-07-13 14:27:36'),(4726,477,16,9,'2026-07-13 14:27:36'),(4727,477,17,10,'2026-07-13 14:27:36'),(4728,477,18,10,'2026-07-13 14:27:36'),(4729,477,19,9,'2026-07-13 14:27:36'),(4730,477,20,10,'2026-07-13 14:27:36'),(4731,478,1,6,'2026-07-13 14:27:36'),(4732,478,2,5,'2026-07-13 14:27:36'),(4733,478,3,6,'2026-07-13 14:27:36'),(4734,478,4,6,'2026-07-13 14:27:36'),(4735,478,5,5,'2026-07-13 14:27:36'),(4736,478,6,6,'2026-07-13 14:27:36'),(4737,478,7,6,'2026-07-13 14:27:36'),(4738,478,8,5,'2026-07-13 14:27:36'),(4739,478,9,6,'2026-07-13 14:27:36'),(4740,478,10,6,'2026-07-13 14:27:36'),(4741,479,11,8,'2026-07-13 14:27:36'),(4742,479,12,7,'2026-07-13 14:27:36'),(4743,479,13,8,'2026-07-13 14:27:36'),(4744,479,14,8,'2026-07-13 14:27:36'),(4745,479,15,7,'2026-07-13 14:27:36'),(4746,479,16,8,'2026-07-13 14:27:36'),(4747,479,17,8,'2026-07-13 14:27:36'),(4748,479,18,7,'2026-07-13 14:27:36'),(4749,479,19,8,'2026-07-13 14:27:36'),(4750,479,20,8,'2026-07-13 14:27:36'),(4751,480,1,9,'2026-07-13 14:27:36'),(4752,480,2,10,'2026-07-13 14:27:36'),(4753,480,3,10,'2026-07-13 14:27:36'),(4754,480,4,9,'2026-07-13 14:27:36'),(4755,480,5,10,'2026-07-13 14:27:36'),(4756,480,6,10,'2026-07-13 14:27:36'),(4757,480,7,9,'2026-07-13 14:27:36'),(4758,480,8,10,'2026-07-13 14:27:36'),(4759,480,9,10,'2026-07-13 14:27:36'),(4760,480,10,9,'2026-07-13 14:27:36'),(4761,481,11,5,'2026-07-13 14:27:36'),(4762,481,12,6,'2026-07-13 14:27:36'),(4763,481,13,6,'2026-07-13 14:27:36'),(4764,481,14,5,'2026-07-13 14:27:36'),(4765,481,15,6,'2026-07-13 14:27:36'),(4766,481,16,6,'2026-07-13 14:27:36'),(4767,481,17,5,'2026-07-13 14:27:36'),(4768,481,18,6,'2026-07-13 14:27:36'),(4769,481,19,6,'2026-07-13 14:27:36'),(4770,481,20,5,'2026-07-13 14:27:36'),(4771,482,1,8,'2026-07-13 14:27:36'),(4772,482,2,8,'2026-07-13 14:27:36'),(4773,482,3,7,'2026-07-13 14:27:36'),(4774,482,4,8,'2026-07-13 14:27:36'),(4775,482,5,8,'2026-07-13 14:27:36'),(4776,482,6,7,'2026-07-13 14:27:36'),(4777,482,7,8,'2026-07-13 14:27:36'),(4778,482,8,8,'2026-07-13 14:27:36'),(4779,482,9,7,'2026-07-13 14:27:36'),(4780,482,10,8,'2026-07-13 14:27:36'),(4781,483,11,10,'2026-07-13 14:27:36'),(4782,483,12,10,'2026-07-13 14:27:36'),(4783,483,13,9,'2026-07-13 14:27:36'),(4784,483,14,10,'2026-07-13 14:27:36'),(4785,483,15,10,'2026-07-13 14:27:36'),(4786,483,16,9,'2026-07-13 14:27:36'),(4787,483,17,10,'2026-07-13 14:27:36'),(4788,483,18,10,'2026-07-13 14:27:36'),(4789,483,19,9,'2026-07-13 14:27:36'),(4790,483,20,10,'2026-07-13 14:27:36'),(4791,484,1,8,'2026-07-13 14:27:36'),(4792,484,2,8,'2026-07-13 14:27:36'),(4793,484,3,7,'2026-07-13 14:27:36'),(4794,484,4,8,'2026-07-13 14:27:36'),(4795,484,5,8,'2026-07-13 14:27:36'),(4796,484,6,7,'2026-07-13 14:27:36'),(4797,484,7,8,'2026-07-13 14:27:36'),(4798,484,8,8,'2026-07-13 14:27:36'),(4799,484,9,7,'2026-07-13 14:27:36'),(4800,484,10,8,'2026-07-13 14:27:36'),(4801,485,11,10,'2026-07-13 14:27:36'),(4802,485,12,10,'2026-07-13 14:27:36'),(4803,485,13,9,'2026-07-13 14:27:36'),(4804,485,14,10,'2026-07-13 14:27:36'),(4805,485,15,10,'2026-07-13 14:27:36'),(4806,485,16,9,'2026-07-13 14:27:36'),(4807,485,17,10,'2026-07-13 14:27:36'),(4808,485,18,10,'2026-07-13 14:27:36'),(4809,485,19,9,'2026-07-13 14:27:36'),(4810,485,20,10,'2026-07-13 14:27:36'),(4811,486,1,6,'2026-07-13 14:27:36'),(4812,486,2,5,'2026-07-13 14:27:36'),(4813,486,3,6,'2026-07-13 14:27:36'),(4814,486,4,6,'2026-07-13 14:27:36'),(4815,486,5,5,'2026-07-13 14:27:36'),(4816,486,6,6,'2026-07-13 14:27:36'),(4817,486,7,6,'2026-07-13 14:27:36'),(4818,486,8,5,'2026-07-13 14:27:36'),(4819,486,9,6,'2026-07-13 14:27:36'),(4820,486,10,6,'2026-07-13 14:27:36'),(4821,487,11,8,'2026-07-13 14:27:36'),(4822,487,12,7,'2026-07-13 14:27:36'),(4823,487,13,8,'2026-07-13 14:27:36'),(4824,487,14,8,'2026-07-13 14:27:36'),(4825,487,15,7,'2026-07-13 14:27:36'),(4826,487,16,8,'2026-07-13 14:27:36'),(4827,487,17,8,'2026-07-13 14:27:36'),(4828,487,18,7,'2026-07-13 14:27:36'),(4829,487,19,8,'2026-07-13 14:27:36'),(4830,487,20,8,'2026-07-13 14:27:36'),(4831,488,1,9,'2026-07-13 14:27:36'),(4832,488,2,10,'2026-07-13 14:27:36'),(4833,488,3,10,'2026-07-13 14:27:36'),(4834,488,4,9,'2026-07-13 14:27:36'),(4835,488,5,10,'2026-07-13 14:27:36'),(4836,488,6,10,'2026-07-13 14:27:36'),(4837,488,7,9,'2026-07-13 14:27:36'),(4838,488,8,10,'2026-07-13 14:27:36'),(4839,488,9,10,'2026-07-13 14:27:36'),(4840,488,10,9,'2026-07-13 14:27:36'),(4841,489,11,5,'2026-07-13 14:27:36'),(4842,489,12,6,'2026-07-13 14:27:36'),(4843,489,13,6,'2026-07-13 14:27:36'),(4844,489,14,5,'2026-07-13 14:27:36'),(4845,489,15,6,'2026-07-13 14:27:36'),(4846,489,16,6,'2026-07-13 14:27:36'),(4847,489,17,5,'2026-07-13 14:27:36'),(4848,489,18,6,'2026-07-13 14:27:36'),(4849,489,19,6,'2026-07-13 14:27:36'),(4850,489,20,5,'2026-07-13 14:27:36'),(4851,490,1,8,'2026-07-13 14:27:36'),(4852,490,2,8,'2026-07-13 14:27:36'),(4853,490,3,7,'2026-07-13 14:27:36'),(4854,490,4,8,'2026-07-13 14:27:36'),(4855,490,5,8,'2026-07-13 14:27:36'),(4856,490,6,7,'2026-07-13 14:27:36'),(4857,490,7,8,'2026-07-13 14:27:36'),(4858,490,8,8,'2026-07-13 14:27:36'),(4859,490,9,7,'2026-07-13 14:27:36'),(4860,490,10,8,'2026-07-13 14:27:36'),(4861,491,11,10,'2026-07-13 14:27:36'),(4862,491,12,10,'2026-07-13 14:27:36'),(4863,491,13,9,'2026-07-13 14:27:36'),(4864,491,14,10,'2026-07-13 14:27:36'),(4865,491,15,10,'2026-07-13 14:27:36'),(4866,491,16,9,'2026-07-13 14:27:36'),(4867,491,17,10,'2026-07-13 14:27:36'),(4868,491,18,10,'2026-07-13 14:27:36'),(4869,491,19,9,'2026-07-13 14:27:36'),(4870,491,20,10,'2026-07-13 14:27:36'),(4871,492,1,8,'2026-07-13 14:27:36'),(4872,492,2,8,'2026-07-13 14:27:36'),(4873,492,3,7,'2026-07-13 14:27:36'),(4874,492,4,8,'2026-07-13 14:27:36'),(4875,492,5,8,'2026-07-13 14:27:36'),(4876,492,6,7,'2026-07-13 14:27:36'),(4877,492,7,8,'2026-07-13 14:27:36'),(4878,492,8,8,'2026-07-13 14:27:36'),(4879,492,9,7,'2026-07-13 14:27:36'),(4880,492,10,8,'2026-07-13 14:27:36'),(4881,493,11,10,'2026-07-13 14:27:36'),(4882,493,12,10,'2026-07-13 14:27:36'),(4883,493,13,9,'2026-07-13 14:27:36'),(4884,493,14,10,'2026-07-13 14:27:36'),(4885,493,15,10,'2026-07-13 14:27:36'),(4886,493,16,9,'2026-07-13 14:27:36'),(4887,493,17,10,'2026-07-13 14:27:36'),(4888,493,18,10,'2026-07-13 14:27:36'),(4889,493,19,9,'2026-07-13 14:27:36'),(4890,493,20,10,'2026-07-13 14:27:36'),(4891,494,1,6,'2026-07-13 14:27:36'),(4892,494,2,5,'2026-07-13 14:27:36'),(4893,494,3,6,'2026-07-13 14:27:36'),(4894,494,4,6,'2026-07-13 14:27:36'),(4895,494,5,5,'2026-07-13 14:27:36'),(4896,494,6,6,'2026-07-13 14:27:36'),(4897,494,7,6,'2026-07-13 14:27:36'),(4898,494,8,5,'2026-07-13 14:27:36'),(4899,494,9,6,'2026-07-13 14:27:36'),(4900,494,10,6,'2026-07-13 14:27:36'),(4901,495,11,8,'2026-07-13 14:27:36'),(4902,495,12,7,'2026-07-13 14:27:36'),(4903,495,13,8,'2026-07-13 14:27:36'),(4904,495,14,8,'2026-07-13 14:27:36'),(4905,495,15,7,'2026-07-13 14:27:36'),(4906,495,16,8,'2026-07-13 14:27:36'),(4907,495,17,8,'2026-07-13 14:27:36'),(4908,495,18,7,'2026-07-13 14:27:36'),(4909,495,19,8,'2026-07-13 14:27:36'),(4910,495,20,8,'2026-07-13 14:27:36'),(4911,496,1,9,'2026-07-13 14:27:36'),(4912,496,2,10,'2026-07-13 14:27:36'),(4913,496,3,10,'2026-07-13 14:27:36'),(4914,496,4,9,'2026-07-13 14:27:36'),(4915,496,5,10,'2026-07-13 14:27:36'),(4916,496,6,10,'2026-07-13 14:27:36'),(4917,496,7,9,'2026-07-13 14:27:36'),(4918,496,8,10,'2026-07-13 14:27:36'),(4919,496,9,10,'2026-07-13 14:27:36'),(4920,496,10,9,'2026-07-13 14:27:36'),(4921,497,11,5,'2026-07-13 14:27:36'),(4922,497,12,6,'2026-07-13 14:27:36'),(4923,497,13,6,'2026-07-13 14:27:36'),(4924,497,14,5,'2026-07-13 14:27:36'),(4925,497,15,6,'2026-07-13 14:27:36'),(4926,497,16,6,'2026-07-13 14:27:36'),(4927,497,17,5,'2026-07-13 14:27:36'),(4928,497,18,6,'2026-07-13 14:27:36'),(4929,497,19,6,'2026-07-13 14:27:36'),(4930,497,20,5,'2026-07-13 14:27:36'),(4931,498,1,8,'2026-07-13 14:27:36'),(4932,498,2,8,'2026-07-13 14:27:36'),(4933,498,3,7,'2026-07-13 14:27:36'),(4934,498,4,8,'2026-07-13 14:27:36'),(4935,498,5,8,'2026-07-13 14:27:36'),(4936,498,6,7,'2026-07-13 14:27:36'),(4937,498,7,8,'2026-07-13 14:27:36'),(4938,498,8,8,'2026-07-13 14:27:36'),(4939,498,9,7,'2026-07-13 14:27:36'),(4940,498,10,8,'2026-07-13 14:27:36'),(4941,499,11,10,'2026-07-13 14:27:36'),(4942,499,12,10,'2026-07-13 14:27:36'),(4943,499,13,9,'2026-07-13 14:27:36'),(4944,499,14,10,'2026-07-13 14:27:36'),(4945,499,15,10,'2026-07-13 14:27:36'),(4946,499,16,9,'2026-07-13 14:27:36'),(4947,499,17,10,'2026-07-13 14:27:36'),(4948,499,18,10,'2026-07-13 14:27:36'),(4949,499,19,9,'2026-07-13 14:27:36'),(4950,499,20,10,'2026-07-13 14:27:36'),(4951,500,1,8,'2026-07-13 14:27:36'),(4952,500,2,8,'2026-07-13 14:27:36'),(4953,500,3,7,'2026-07-13 14:27:36'),(4954,500,4,8,'2026-07-13 14:27:36'),(4955,500,5,8,'2026-07-13 14:27:36'),(4956,500,6,7,'2026-07-13 14:27:36'),(4957,500,7,8,'2026-07-13 14:27:36'),(4958,500,8,8,'2026-07-13 14:27:36'),(4959,500,9,7,'2026-07-13 14:27:36'),(4960,500,10,8,'2026-07-13 14:27:36'),(4961,501,11,10,'2026-07-13 14:27:36'),(4962,501,12,10,'2026-07-13 14:27:36'),(4963,501,13,9,'2026-07-13 14:27:36'),(4964,501,14,10,'2026-07-13 14:27:36'),(4965,501,15,10,'2026-07-13 14:27:36'),(4966,501,16,9,'2026-07-13 14:27:36'),(4967,501,17,10,'2026-07-13 14:27:36'),(4968,501,18,10,'2026-07-13 14:27:36'),(4969,501,19,9,'2026-07-13 14:27:36'),(4970,501,20,10,'2026-07-13 14:27:36'),(4971,502,1,6,'2026-07-13 14:27:36'),(4972,502,2,5,'2026-07-13 14:27:36'),(4973,502,3,6,'2026-07-13 14:27:36'),(4974,502,4,6,'2026-07-13 14:27:36'),(4975,502,5,5,'2026-07-13 14:27:36'),(4976,502,6,6,'2026-07-13 14:27:36'),(4977,502,7,6,'2026-07-13 14:27:36'),(4978,502,8,5,'2026-07-13 14:27:36'),(4979,502,9,6,'2026-07-13 14:27:36'),(4980,502,10,6,'2026-07-13 14:27:36'),(4981,503,11,8,'2026-07-13 14:27:36'),(4982,503,12,7,'2026-07-13 14:27:36'),(4983,503,13,8,'2026-07-13 14:27:36'),(4984,503,14,8,'2026-07-13 14:27:36'),(4985,503,15,7,'2026-07-13 14:27:36'),(4986,503,16,8,'2026-07-13 14:27:36'),(4987,503,17,8,'2026-07-13 14:27:36'),(4988,503,18,7,'2026-07-13 14:27:36'),(4989,503,19,8,'2026-07-13 14:27:36'),(4990,503,20,8,'2026-07-13 14:27:36'),(4991,504,1,9,'2026-07-13 14:27:36'),(4992,504,2,10,'2026-07-13 14:27:36'),(4993,504,3,10,'2026-07-13 14:27:36'),(4994,504,4,9,'2026-07-13 14:27:36'),(4995,504,5,10,'2026-07-13 14:27:36'),(4996,504,6,10,'2026-07-13 14:27:36'),(4997,504,7,9,'2026-07-13 14:27:36'),(4998,504,8,10,'2026-07-13 14:27:36'),(4999,504,9,10,'2026-07-13 14:27:36'),(5000,504,10,9,'2026-07-13 14:27:36'),(5001,505,11,5,'2026-07-13 14:27:36'),(5002,505,12,6,'2026-07-13 14:27:36'),(5003,505,13,6,'2026-07-13 14:27:36'),(5004,505,14,5,'2026-07-13 14:27:36'),(5005,505,15,6,'2026-07-13 14:27:36'),(5006,505,16,6,'2026-07-13 14:27:36'),(5007,505,17,5,'2026-07-13 14:27:36'),(5008,505,18,6,'2026-07-13 14:27:36'),(5009,505,19,6,'2026-07-13 14:27:36'),(5010,505,20,5,'2026-07-13 14:27:36'),(5011,506,1,8,'2026-07-13 14:27:36'),(5012,506,2,8,'2026-07-13 14:27:36'),(5013,506,3,7,'2026-07-13 14:27:36'),(5014,506,4,8,'2026-07-13 14:27:36'),(5015,506,5,8,'2026-07-13 14:27:36'),(5016,506,6,7,'2026-07-13 14:27:36'),(5017,506,7,8,'2026-07-13 14:27:36'),(5018,506,8,8,'2026-07-13 14:27:36'),(5019,506,9,7,'2026-07-13 14:27:36'),(5020,506,10,8,'2026-07-13 14:27:36'),(5021,507,11,10,'2026-07-13 14:27:36'),(5022,507,12,10,'2026-07-13 14:27:36'),(5023,507,13,9,'2026-07-13 14:27:36'),(5024,507,14,10,'2026-07-13 14:27:36'),(5025,507,15,10,'2026-07-13 14:27:36'),(5026,507,16,9,'2026-07-13 14:27:36'),(5027,507,17,10,'2026-07-13 14:27:36'),(5028,507,18,10,'2026-07-13 14:27:36'),(5029,507,19,9,'2026-07-13 14:27:36'),(5030,507,20,10,'2026-07-13 14:27:36'),(5031,508,1,8,'2026-07-13 14:27:36'),(5032,508,2,8,'2026-07-13 14:27:36'),(5033,508,3,7,'2026-07-13 14:27:36'),(5034,508,4,8,'2026-07-13 14:27:36'),(5035,508,5,8,'2026-07-13 14:27:36'),(5036,508,6,7,'2026-07-13 14:27:36'),(5037,508,7,8,'2026-07-13 14:27:36'),(5038,508,8,8,'2026-07-13 14:27:36'),(5039,508,9,7,'2026-07-13 14:27:36'),(5040,508,10,8,'2026-07-13 14:27:36'),(5041,509,11,10,'2026-07-13 14:27:36'),(5042,509,12,10,'2026-07-13 14:27:36'),(5043,509,13,9,'2026-07-13 14:27:36'),(5044,509,14,10,'2026-07-13 14:27:36'),(5045,509,15,10,'2026-07-13 14:27:36'),(5046,509,16,9,'2026-07-13 14:27:36'),(5047,509,17,10,'2026-07-13 14:27:36'),(5048,509,18,10,'2026-07-13 14:27:36'),(5049,509,19,9,'2026-07-13 14:27:36'),(5050,509,20,10,'2026-07-13 14:27:36'),(5051,510,1,6,'2026-07-13 14:27:36'),(5052,510,2,5,'2026-07-13 14:27:36'),(5053,510,3,6,'2026-07-13 14:27:36'),(5054,510,4,6,'2026-07-13 14:27:36'),(5055,510,5,5,'2026-07-13 14:27:36'),(5056,510,6,6,'2026-07-13 14:27:36'),(5057,510,7,6,'2026-07-13 14:27:36'),(5058,510,8,5,'2026-07-13 14:27:36'),(5059,510,9,6,'2026-07-13 14:27:36'),(5060,510,10,6,'2026-07-13 14:27:36'),(5061,511,11,8,'2026-07-13 14:27:36'),(5062,511,12,7,'2026-07-13 14:27:36'),(5063,511,13,8,'2026-07-13 14:27:36'),(5064,511,14,8,'2026-07-13 14:27:36'),(5065,511,15,7,'2026-07-13 14:27:36'),(5066,511,16,8,'2026-07-13 14:27:36'),(5067,511,17,8,'2026-07-13 14:27:36'),(5068,511,18,7,'2026-07-13 14:27:36'),(5069,511,19,8,'2026-07-13 14:27:36'),(5070,511,20,8,'2026-07-13 14:27:36'),(5071,512,1,9,'2026-07-13 14:27:36'),(5072,512,2,10,'2026-07-13 14:27:36'),(5073,512,3,10,'2026-07-13 14:27:36'),(5074,512,4,9,'2026-07-13 14:27:36'),(5075,512,5,10,'2026-07-13 14:27:36'),(5076,512,6,10,'2026-07-13 14:27:36'),(5077,512,7,9,'2026-07-13 14:27:36'),(5078,512,8,10,'2026-07-13 14:27:36'),(5079,512,9,10,'2026-07-13 14:27:36'),(5080,512,10,9,'2026-07-13 14:27:36'),(5081,513,11,5,'2026-07-13 14:27:36'),(5082,513,12,6,'2026-07-13 14:27:36'),(5083,513,13,6,'2026-07-13 14:27:36'),(5084,513,14,5,'2026-07-13 14:27:36'),(5085,513,15,6,'2026-07-13 14:27:36'),(5086,513,16,6,'2026-07-13 14:27:36'),(5087,513,17,5,'2026-07-13 14:27:36'),(5088,513,18,6,'2026-07-13 14:27:36'),(5089,513,19,6,'2026-07-13 14:27:36'),(5090,513,20,5,'2026-07-13 14:27:36'),(5091,514,1,8,'2026-07-13 14:27:36'),(5092,514,2,8,'2026-07-13 14:27:36'),(5093,514,3,7,'2026-07-13 14:27:36'),(5094,514,4,8,'2026-07-13 14:27:36'),(5095,514,5,8,'2026-07-13 14:27:36'),(5096,514,6,7,'2026-07-13 14:27:36'),(5097,514,7,8,'2026-07-13 14:27:36'),(5098,514,8,8,'2026-07-13 14:27:36'),(5099,514,9,7,'2026-07-13 14:27:36'),(5100,514,10,8,'2026-07-13 14:27:36'),(5101,515,11,10,'2026-07-13 14:27:36'),(5102,515,12,10,'2026-07-13 14:27:36'),(5103,515,13,9,'2026-07-13 14:27:36'),(5104,515,14,10,'2026-07-13 14:27:36'),(5105,515,15,10,'2026-07-13 14:27:36'),(5106,515,16,9,'2026-07-13 14:27:36'),(5107,515,17,10,'2026-07-13 14:27:36'),(5108,515,18,10,'2026-07-13 14:27:36'),(5109,515,19,9,'2026-07-13 14:27:36'),(5110,515,20,10,'2026-07-13 14:27:36'),(5111,516,1,8,'2026-07-13 14:27:36'),(5112,516,2,8,'2026-07-13 14:27:36'),(5113,516,3,7,'2026-07-13 14:27:36'),(5114,516,4,8,'2026-07-13 14:27:36'),(5115,516,5,8,'2026-07-13 14:27:36'),(5116,516,6,7,'2026-07-13 14:27:36'),(5117,516,7,8,'2026-07-13 14:27:36'),(5118,516,8,8,'2026-07-13 14:27:36'),(5119,516,9,7,'2026-07-13 14:27:36'),(5120,516,10,8,'2026-07-13 14:27:36'),(5121,517,11,10,'2026-07-13 14:27:36'),(5122,517,12,10,'2026-07-13 14:27:36'),(5123,517,13,9,'2026-07-13 14:27:36'),(5124,517,14,10,'2026-07-13 14:27:36'),(5125,517,15,10,'2026-07-13 14:27:36'),(5126,517,16,9,'2026-07-13 14:27:36'),(5127,517,17,10,'2026-07-13 14:27:36'),(5128,517,18,10,'2026-07-13 14:27:36'),(5129,517,19,9,'2026-07-13 14:27:36'),(5130,517,20,10,'2026-07-13 14:27:36'),(5131,518,1,6,'2026-07-13 14:27:36'),(5132,518,2,5,'2026-07-13 14:27:36'),(5133,518,3,6,'2026-07-13 14:27:36'),(5134,518,4,6,'2026-07-13 14:27:36'),(5135,518,5,5,'2026-07-13 14:27:36'),(5136,518,6,6,'2026-07-13 14:27:36'),(5137,518,7,6,'2026-07-13 14:27:36'),(5138,518,8,5,'2026-07-13 14:27:36'),(5139,518,9,6,'2026-07-13 14:27:36'),(5140,518,10,6,'2026-07-13 14:27:36'),(5141,519,11,8,'2026-07-13 14:27:36'),(5142,519,12,7,'2026-07-13 14:27:36'),(5143,519,13,8,'2026-07-13 14:27:36'),(5144,519,14,8,'2026-07-13 14:27:36'),(5145,519,15,7,'2026-07-13 14:27:36'),(5146,519,16,8,'2026-07-13 14:27:36'),(5147,519,17,8,'2026-07-13 14:27:36'),(5148,519,18,7,'2026-07-13 14:27:36'),(5149,519,19,8,'2026-07-13 14:27:36'),(5150,519,20,8,'2026-07-13 14:27:36'),(5151,520,1,9,'2026-07-13 14:27:36'),(5152,520,2,10,'2026-07-13 14:27:36'),(5153,520,3,10,'2026-07-13 14:27:36'),(5154,520,4,9,'2026-07-13 14:27:36'),(5155,520,5,10,'2026-07-13 14:27:36'),(5156,520,6,10,'2026-07-13 14:27:36'),(5157,520,7,9,'2026-07-13 14:27:36'),(5158,520,8,10,'2026-07-13 14:27:36'),(5159,520,9,10,'2026-07-13 14:27:36'),(5160,520,10,9,'2026-07-13 14:27:36'),(5161,521,11,5,'2026-07-13 14:27:36'),(5162,521,12,6,'2026-07-13 14:27:36'),(5163,521,13,6,'2026-07-13 14:27:36'),(5164,521,14,5,'2026-07-13 14:27:36'),(5165,521,15,6,'2026-07-13 14:27:36'),(5166,521,16,6,'2026-07-13 14:27:36'),(5167,521,17,5,'2026-07-13 14:27:36'),(5168,521,18,6,'2026-07-13 14:27:36'),(5169,521,19,6,'2026-07-13 14:27:36'),(5170,521,20,5,'2026-07-13 14:27:36'),(5171,522,1,8,'2026-07-13 14:27:36'),(5172,522,2,8,'2026-07-13 14:27:36'),(5173,522,3,7,'2026-07-13 14:27:36'),(5174,522,4,8,'2026-07-13 14:27:36'),(5175,522,5,8,'2026-07-13 14:27:36'),(5176,522,6,7,'2026-07-13 14:27:36'),(5177,522,7,8,'2026-07-13 14:27:36'),(5178,522,8,8,'2026-07-13 14:27:36'),(5179,522,9,7,'2026-07-13 14:27:36'),(5180,522,10,8,'2026-07-13 14:27:36'),(5181,523,11,10,'2026-07-13 14:27:36'),(5182,523,12,10,'2026-07-13 14:27:36'),(5183,523,13,9,'2026-07-13 14:27:36'),(5184,523,14,10,'2026-07-13 14:27:36'),(5185,523,15,10,'2026-07-13 14:27:36'),(5186,523,16,9,'2026-07-13 14:27:36'),(5187,523,17,10,'2026-07-13 14:27:36'),(5188,523,18,10,'2026-07-13 14:27:36'),(5189,523,19,9,'2026-07-13 14:27:36'),(5190,523,20,10,'2026-07-13 14:27:36'),(5191,524,1,8,'2026-07-13 14:27:36'),(5192,524,2,8,'2026-07-13 14:27:36'),(5193,524,3,7,'2026-07-13 14:27:36'),(5194,524,4,8,'2026-07-13 14:27:36'),(5195,524,5,8,'2026-07-13 14:27:36'),(5196,524,6,7,'2026-07-13 14:27:36'),(5197,524,7,8,'2026-07-13 14:27:36'),(5198,524,8,8,'2026-07-13 14:27:36'),(5199,524,9,7,'2026-07-13 14:27:36'),(5200,524,10,8,'2026-07-13 14:27:36'),(5201,525,11,10,'2026-07-13 14:27:37'),(5202,525,12,10,'2026-07-13 14:27:37'),(5203,525,13,9,'2026-07-13 14:27:37'),(5204,525,14,10,'2026-07-13 14:27:37'),(5205,525,15,10,'2026-07-13 14:27:37'),(5206,525,16,9,'2026-07-13 14:27:37'),(5207,525,17,10,'2026-07-13 14:27:37'),(5208,525,18,10,'2026-07-13 14:27:37'),(5209,525,19,9,'2026-07-13 14:27:37'),(5210,525,20,10,'2026-07-13 14:27:37'),(5211,526,1,6,'2026-07-13 14:27:37'),(5212,526,2,5,'2026-07-13 14:27:37'),(5213,526,3,6,'2026-07-13 14:27:37'),(5214,526,4,6,'2026-07-13 14:27:37'),(5215,526,5,5,'2026-07-13 14:27:37'),(5216,526,6,6,'2026-07-13 14:27:37'),(5217,526,7,6,'2026-07-13 14:27:37'),(5218,526,8,5,'2026-07-13 14:27:37'),(5219,526,9,6,'2026-07-13 14:27:37'),(5220,526,10,6,'2026-07-13 14:27:37'),(5221,527,11,8,'2026-07-13 14:27:37'),(5222,527,12,7,'2026-07-13 14:27:37'),(5223,527,13,8,'2026-07-13 14:27:37'),(5224,527,14,8,'2026-07-13 14:27:37'),(5225,527,15,7,'2026-07-13 14:27:37'),(5226,527,16,8,'2026-07-13 14:27:37'),(5227,527,17,8,'2026-07-13 14:27:37'),(5228,527,18,7,'2026-07-13 14:27:37'),(5229,527,19,8,'2026-07-13 14:27:37'),(5230,527,20,8,'2026-07-13 14:27:37'),(5231,528,1,9,'2026-07-13 14:27:37'),(5232,528,2,10,'2026-07-13 14:27:37'),(5233,528,3,10,'2026-07-13 14:27:37'),(5234,528,4,9,'2026-07-13 14:27:37'),(5235,528,5,10,'2026-07-13 14:27:37'),(5236,528,6,10,'2026-07-13 14:27:37'),(5237,528,7,9,'2026-07-13 14:27:37'),(5238,528,8,10,'2026-07-13 14:27:37'),(5239,528,9,10,'2026-07-13 14:27:37'),(5240,528,10,9,'2026-07-13 14:27:37'),(5241,529,11,5,'2026-07-13 14:27:37'),(5242,529,12,6,'2026-07-13 14:27:37'),(5243,529,13,6,'2026-07-13 14:27:37'),(5244,529,14,5,'2026-07-13 14:27:37'),(5245,529,15,6,'2026-07-13 14:27:37'),(5246,529,16,6,'2026-07-13 14:27:37'),(5247,529,17,5,'2026-07-13 14:27:37'),(5248,529,18,6,'2026-07-13 14:27:37'),(5249,529,19,6,'2026-07-13 14:27:37'),(5250,529,20,5,'2026-07-13 14:27:37'),(5251,530,1,8,'2026-07-13 14:27:37'),(5252,530,2,8,'2026-07-13 14:27:37'),(5253,530,3,7,'2026-07-13 14:27:37'),(5254,530,4,8,'2026-07-13 14:27:37'),(5255,530,5,8,'2026-07-13 14:27:37'),(5256,530,6,7,'2026-07-13 14:27:37'),(5257,530,7,8,'2026-07-13 14:27:37'),(5258,530,8,8,'2026-07-13 14:27:37'),(5259,530,9,7,'2026-07-13 14:27:37'),(5260,530,10,8,'2026-07-13 14:27:37'),(5261,531,11,10,'2026-07-13 14:27:37'),(5262,531,12,10,'2026-07-13 14:27:37'),(5263,531,13,9,'2026-07-13 14:27:37'),(5264,531,14,10,'2026-07-13 14:27:37'),(5265,531,15,10,'2026-07-13 14:27:37'),(5266,531,16,9,'2026-07-13 14:27:37'),(5267,531,17,10,'2026-07-13 14:27:37'),(5268,531,18,10,'2026-07-13 14:27:37'),(5269,531,19,9,'2026-07-13 14:27:37'),(5270,531,20,10,'2026-07-13 14:27:37'),(5271,532,1,8,'2026-07-13 14:27:37'),(5272,532,2,8,'2026-07-13 14:27:37'),(5273,532,3,7,'2026-07-13 14:27:37'),(5274,532,4,8,'2026-07-13 14:27:37'),(5275,532,5,8,'2026-07-13 14:27:37'),(5276,532,6,7,'2026-07-13 14:27:37'),(5277,532,7,8,'2026-07-13 14:27:37'),(5278,532,8,8,'2026-07-13 14:27:37'),(5279,532,9,7,'2026-07-13 14:27:37'),(5280,532,10,8,'2026-07-13 14:27:37'),(5281,533,11,10,'2026-07-13 14:27:37'),(5282,533,12,10,'2026-07-13 14:27:37'),(5283,533,13,9,'2026-07-13 14:27:37'),(5284,533,14,10,'2026-07-13 14:27:37'),(5285,533,15,10,'2026-07-13 14:27:37'),(5286,533,16,9,'2026-07-13 14:27:37'),(5287,533,17,10,'2026-07-13 14:27:37'),(5288,533,18,10,'2026-07-13 14:27:37'),(5289,533,19,9,'2026-07-13 14:27:37'),(5290,533,20,10,'2026-07-13 14:27:37'),(5291,534,1,6,'2026-07-13 14:27:37'),(5292,534,2,5,'2026-07-13 14:27:37'),(5293,534,3,6,'2026-07-13 14:27:37'),(5294,534,4,6,'2026-07-13 14:27:37'),(5295,534,5,5,'2026-07-13 14:27:37'),(5296,534,6,6,'2026-07-13 14:27:37'),(5297,534,7,6,'2026-07-13 14:27:37'),(5298,534,8,5,'2026-07-13 14:27:37'),(5299,534,9,6,'2026-07-13 14:27:37'),(5300,534,10,6,'2026-07-13 14:27:37'),(5301,535,11,8,'2026-07-13 14:27:37'),(5302,535,12,7,'2026-07-13 14:27:37'),(5303,535,13,8,'2026-07-13 14:27:37'),(5304,535,14,8,'2026-07-13 14:27:37'),(5305,535,15,7,'2026-07-13 14:27:37'),(5306,535,16,8,'2026-07-13 14:27:37'),(5307,535,17,8,'2026-07-13 14:27:37'),(5308,535,18,7,'2026-07-13 14:27:37'),(5309,535,19,8,'2026-07-13 14:27:37'),(5310,535,20,8,'2026-07-13 14:27:37'),(5311,536,1,9,'2026-07-13 14:27:37'),(5312,536,2,10,'2026-07-13 14:27:37'),(5313,536,3,10,'2026-07-13 14:27:37'),(5314,536,4,9,'2026-07-13 14:27:37'),(5315,536,5,10,'2026-07-13 14:27:37'),(5316,536,6,10,'2026-07-13 14:27:37'),(5317,536,7,9,'2026-07-13 14:27:37'),(5318,536,8,10,'2026-07-13 14:27:37'),(5319,536,9,10,'2026-07-13 14:27:37'),(5320,536,10,9,'2026-07-13 14:27:37'),(5321,537,11,5,'2026-07-13 14:27:37'),(5322,537,12,6,'2026-07-13 14:27:37'),(5323,537,13,6,'2026-07-13 14:27:37'),(5324,537,14,5,'2026-07-13 14:27:37'),(5325,537,15,6,'2026-07-13 14:27:37'),(5326,537,16,6,'2026-07-13 14:27:37'),(5327,537,17,5,'2026-07-13 14:27:37'),(5328,537,18,6,'2026-07-13 14:27:37'),(5329,537,19,6,'2026-07-13 14:27:37'),(5330,537,20,5,'2026-07-13 14:27:37'),(5331,538,1,8,'2026-07-13 14:27:37'),(5332,538,2,8,'2026-07-13 14:27:37'),(5333,538,3,7,'2026-07-13 14:27:37'),(5334,538,4,8,'2026-07-13 14:27:37'),(5335,538,5,8,'2026-07-13 14:27:37'),(5336,538,6,7,'2026-07-13 14:27:37'),(5337,538,7,8,'2026-07-13 14:27:37'),(5338,538,8,8,'2026-07-13 14:27:37'),(5339,538,9,7,'2026-07-13 14:27:37'),(5340,538,10,8,'2026-07-13 14:27:37'),(5341,539,11,10,'2026-07-13 14:27:37'),(5342,539,12,10,'2026-07-13 14:27:37'),(5343,539,13,9,'2026-07-13 14:27:37'),(5344,539,14,10,'2026-07-13 14:27:37'),(5345,539,15,10,'2026-07-13 14:27:37'),(5346,539,16,9,'2026-07-13 14:27:37'),(5347,539,17,10,'2026-07-13 14:27:37'),(5348,539,18,10,'2026-07-13 14:27:37'),(5349,539,19,9,'2026-07-13 14:27:37'),(5350,539,20,10,'2026-07-13 14:27:37'),(5351,540,1,2,'2026-07-13 16:06:13'),(5352,540,2,5,'2026-07-13 16:06:13'),(5353,540,3,7,'2026-07-13 16:06:13'),(5354,540,4,8,'2026-07-13 16:06:13'),(5355,540,5,8,'2026-07-13 16:06:13'),(5356,540,6,8,'2026-07-13 16:06:13'),(5357,540,7,8,'2026-07-13 16:06:13'),(5358,540,8,8,'2026-07-13 16:06:13'),(5359,540,9,8,'2026-07-13 16:06:13'),(5360,540,10,8,'2026-07-13 16:06:13'),(5361,541,11,4,'2026-07-13 16:06:13'),(5362,541,12,7,'2026-07-13 16:06:13'),(5363,541,13,7,'2026-07-13 16:06:13'),(5364,541,14,7,'2026-07-13 16:06:13'),(5365,541,15,7,'2026-07-13 16:06:13'),(5366,541,16,7,'2026-07-13 16:06:13'),(5367,541,17,8,'2026-07-13 16:06:13'),(5368,541,18,8,'2026-07-13 16:06:13'),(5369,541,19,8,'2026-07-13 16:06:13'),(5370,541,20,8,'2026-07-13 16:06:13'),(5371,542,1,5,'2026-07-14 14:50:23'),(5372,542,2,4,'2026-07-14 14:50:23'),(5373,542,3,4,'2026-07-14 14:50:23'),(5374,542,4,4,'2026-07-14 14:50:23'),(5375,542,5,4,'2026-07-14 14:50:23'),(5376,542,6,4,'2026-07-14 14:50:23'),(5377,542,7,4,'2026-07-14 14:50:23'),(5378,542,8,3,'2026-07-14 14:50:23'),(5379,542,9,4,'2026-07-14 14:50:23'),(5380,542,10,3,'2026-07-14 14:50:23'),(5381,543,1,4,'2026-07-14 14:50:23'),(5382,543,2,4,'2026-07-14 14:50:23'),(5383,543,3,4,'2026-07-14 14:50:23'),(5384,543,4,4,'2026-07-14 14:50:23'),(5385,543,5,5,'2026-07-14 14:50:23'),(5386,543,6,4,'2026-07-14 14:50:23'),(5387,543,7,4,'2026-07-14 14:50:23'),(5388,543,8,4,'2026-07-14 14:50:23'),(5389,543,9,3,'2026-07-14 14:50:23'),(5390,543,10,5,'2026-07-14 14:50:23'),(5391,544,11,5,'2026-07-14 14:50:23'),(5392,544,12,1,'2026-07-14 14:50:23'),(5393,544,13,4,'2026-07-14 14:50:23'),(5394,544,14,5,'2026-07-14 14:50:23'),(5395,544,15,5,'2026-07-14 14:50:23'),(5396,544,16,5,'2026-07-14 14:50:23'),(5397,544,17,4,'2026-07-14 14:50:23'),(5398,544,18,5,'2026-07-14 14:50:23'),(5399,544,19,4,'2026-07-14 14:50:23'),(5400,544,20,4,'2026-07-14 14:50:23'),(5401,545,1,1,'2026-07-16 11:08:22'),(5402,545,2,1,'2026-07-16 11:08:22'),(5403,545,3,2,'2026-07-16 11:08:22'),(5404,545,4,2,'2026-07-16 11:08:22'),(5405,545,5,2,'2026-07-16 11:08:22'),(5406,545,6,2,'2026-07-16 11:08:22'),(5407,545,7,1,'2026-07-16 11:08:22'),(5408,545,8,2,'2026-07-16 11:08:22'),(5409,545,9,2,'2026-07-16 11:08:22'),(5410,545,10,2,'2026-07-16 11:08:22'),(5411,546,11,4,'2026-07-16 11:08:22'),(5412,546,12,3,'2026-07-16 11:08:22'),(5413,546,13,4,'2026-07-16 11:08:22'),(5414,546,14,5,'2026-07-16 11:08:22'),(5415,546,15,4,'2026-07-16 11:08:22'),(5416,546,16,4,'2026-07-16 11:08:22'),(5417,546,17,4,'2026-07-16 11:08:22'),(5418,546,18,4,'2026-07-16 11:08:22'),(5419,546,19,3,'2026-07-16 11:08:22'),(5420,546,20,5,'2026-07-16 11:08:22'),(5421,547,1,3,'2026-07-16 11:08:22'),(5422,547,2,2,'2026-07-16 11:08:22'),(5423,547,3,2,'2026-07-16 11:08:22'),(5424,547,4,2,'2026-07-16 11:08:22'),(5425,547,5,2,'2026-07-16 11:08:22'),(5426,547,6,2,'2026-07-16 11:08:22'),(5427,547,7,2,'2026-07-16 11:08:22'),(5428,547,8,2,'2026-07-16 11:08:22'),(5429,547,9,2,'2026-07-16 11:08:22'),(5430,547,10,2,'2026-07-16 11:08:22');
/*!40000 ALTER TABLE `evaluation_responses` ENABLE KEYS */;
UNLOCK TABLES;

--
-- Table structure for table `evaluation_submissions`
--

DROP TABLE IF EXISTS `evaluation_submissions`;
/*!40101 SET @saved_cs_client     = @@character_set_client */;
/*!50503 SET character_set_client = utf8mb4 */;
CREATE TABLE `evaluation_submissions` (
  `id` int NOT NULL AUTO_INCREMENT,
  `student_id` int NOT NULL,
  `lecturer_id` int NOT NULL,
  `course_id` int NOT NULL,
  `semester_id` int NOT NULL,
  `academic_year` varchar(20) NOT NULL,
  `type` enum('theory','practical') NOT NULL,
  `overall_grade` decimal(5,2) DEFAULT NULL,
  `comment_text` text,
  `submitted_at` timestamp NULL DEFAULT CURRENT_TIMESTAMP,
  PRIMARY KEY (`id`),
  UNIQUE KEY `uq_evaluation_submissions_once` (`student_id`,`lecturer_id`,`course_id`,`semester_id`,`type`),
  UNIQUE KEY `uq_evaluation_submissions_once_year` (`student_id`,`lecturer_id`,`course_id`,`semester_id`,`academic_year`,`type`),
  KEY `idx_eval_submissions_lecturer_id` (`lecturer_id`),
  KEY `idx_eval_submissions_course_id` (`course_id`),
  KEY `idx_eval_submissions_semester_id` (`semester_id`),
  KEY `idx_eval_submissions_submitted_at` (`submitted_at`),
  KEY `idx_eval_submissions_type` (`type`),
  CONSTRAINT `fk_evaluation_submissions_course` FOREIGN KEY (`course_id`) REFERENCES `courses` (`id`) ON DELETE CASCADE ON UPDATE CASCADE,
  CONSTRAINT `fk_evaluation_submissions_lecturer` FOREIGN KEY (`lecturer_id`) REFERENCES `users` (`id`) ON DELETE CASCADE ON UPDATE CASCADE,
  CONSTRAINT `fk_evaluation_submissions_semester` FOREIGN KEY (`semester_id`) REFERENCES `semesters` (`id`) ON DELETE CASCADE ON UPDATE CASCADE,
  CONSTRAINT `fk_evaluation_submissions_student` FOREIGN KEY (`student_id`) REFERENCES `users` (`id`) ON DELETE CASCADE ON UPDATE CASCADE
) ENGINE=InnoDB AUTO_INCREMENT=548 DEFAULT CHARSET=utf8mb4 COLLATE=utf8mb4_0900_ai_ci;
/*!40101 SET character_set_client = @saved_cs_client */;

--
-- Dumping data for table `evaluation_submissions`
--

LOCK TABLES `evaluation_submissions` WRITE;
/*!40000 ALTER TABLE `evaluation_submissions` DISABLE KEYS */;
INSERT INTO `evaluation_submissions` VALUES (428,631,10,4441,19,'2025/2026','theory',80.00,'The lecturer explained the concepts clearly and connected them with real-world examples. The lecture slides were useful, but sometimes the pace was a little fast during difficult topics.','2026-07-13 14:27:35'),(429,631,10,4441,19,'2025/2026','practical',100.00,'The practical session was well organized and the demonstrations helped us understand the experiment. More time for individual practice would make the session even better.','2026-07-13 14:27:35'),(430,634,10,4441,19,'2025/2026','theory',60.00,'The lecturer has strong subject knowledge and answers questions patiently. It would be helpful if more revision questions were provided before assessments.','2026-07-13 14:27:35'),(431,634,10,4441,19,'2025/2026','practical',80.00,'The lecturer gave clear safety instructions and guided students during the laboratory work. It would help if equipment and materials were checked earlier to avoid delays.','2026-07-13 14:27:35'),(432,2,10,4441,19,'2025/2026','theory',100.00,'The lectures were organized and the examples made the subject easier to understand. More short class activities would help students stay engaged throughout the session.','2026-07-13 14:27:35'),(433,2,10,4441,19,'2025/2026','practical',60.00,'The procedures were explained clearly before we started and feedback was useful. More examples of common errors would help us improve our practical records.','2026-07-13 14:27:35'),(434,632,10,4441,19,'2025/2026','theory',80.00,'The lecturer communicates well and makes complex ideas approachable. Some topics need a little more time because the final part of the lecture can feel rushed.','2026-07-13 14:27:35'),(435,632,10,4441,19,'2025/2026','practical',100.00,'The practical work helped us develop useful scientific skills. The session would be stronger with a little more time for discussion after completing the activity.','2026-07-13 14:27:35'),(436,631,647,4453,19,'2025/2026','theory',80.00,'The lecturer explained the concepts clearly and connected them with real-world examples. The lecture slides were useful, but sometimes the pace was a little fast during difficult topics.','2026-07-13 14:27:35'),(437,631,647,4453,19,'2025/2026','practical',100.00,'The practical session was well organized and the demonstrations helped us understand the experiment. More time for individual practice would make the session even better.','2026-07-13 14:27:35'),(438,634,647,4453,19,'2025/2026','theory',60.00,'The lecturer has strong subject knowledge and answers questions patiently. It would be helpful if more revision questions were provided before assessments.','2026-07-13 14:27:35'),(439,634,647,4453,19,'2025/2026','practical',80.00,'The lecturer gave clear safety instructions and guided students during the laboratory work. It would help if equipment and materials were checked earlier to avoid delays.','2026-07-13 14:27:35'),(440,2,647,4453,19,'2025/2026','theory',100.00,'The lectures were organized and the examples made the subject easier to understand. More short class activities would help students stay engaged throughout the session.','2026-07-13 14:27:35'),(441,2,647,4453,19,'2025/2026','practical',60.00,'The procedures were explained clearly before we started and feedback was useful. More examples of common errors would help us improve our practical records.','2026-07-13 14:27:35'),(442,632,647,4453,19,'2025/2026','theory',80.00,'The lecturer communicates well and makes complex ideas approachable. Some topics need a little more time because the final part of the lecture can feel rushed.','2026-07-13 14:27:35'),(443,632,647,4453,19,'2025/2026','practical',100.00,'The practical work helped us develop useful scientific skills. The session would be stronger with a little more time for discussion after completing the activity.','2026-07-13 14:27:35'),(444,622,8,4304,19,'2025/2026','theory',80.00,'The lecturer explained the concepts clearly and connected them with real-world examples. The lecture slides were useful, but sometimes the pace was a little fast during difficult topics.','2026-07-13 14:27:35'),(445,622,8,4304,19,'2025/2026','practical',100.00,'The practical session was well organized and the demonstrations helped us understand the experiment. More time for individual practice would make the session even better.','2026-07-13 14:27:35'),(446,623,8,4304,19,'2025/2026','theory',60.00,'The lecturer has strong subject knowledge and answers questions patiently. It would be helpful if more revision questions were provided before assessments.','2026-07-13 14:27:35'),(447,623,8,4304,19,'2025/2026','practical',80.00,'The lecturer gave clear safety instructions and guided students during the laboratory work. It would help if equipment and materials were checked earlier to avoid delays.','2026-07-13 14:27:35'),(448,620,8,4304,19,'2025/2026','theory',100.00,'The lectures were organized and the examples made the subject easier to understand. More short class activities would help students stay engaged throughout the session.','2026-07-13 14:27:35'),(449,620,8,4304,19,'2025/2026','practical',60.00,'The procedures were explained clearly before we started and feedback was useful. More examples of common errors would help us improve our practical records.','2026-07-13 14:27:35'),(450,621,8,4304,19,'2025/2026','theory',80.00,'The lecturer communicates well and makes complex ideas approachable. Some topics need a little more time because the final part of the lecture can feel rushed.','2026-07-13 14:27:35'),(451,621,8,4304,19,'2025/2026','practical',100.00,'The practical work helped us develop useful scientific skills. The session would be stronger with a little more time for discussion after completing the activity.','2026-07-13 14:27:35'),(452,622,645,4310,19,'2025/2026','theory',80.00,'The lecturer explained the concepts clearly and connected them with real-world examples. The lecture slides were useful, but sometimes the pace was a little fast during difficult topics.','2026-07-13 14:27:35'),(453,622,645,4310,19,'2025/2026','practical',100.00,'The practical session was well organized and the demonstrations helped us understand the experiment. More time for individual practice would make the session even better.','2026-07-13 14:27:35'),(454,623,645,4310,19,'2025/2026','theory',60.00,'The lecturer has strong subject knowledge and answers questions patiently. It would be helpful if more revision questions were provided before assessments.','2026-07-13 14:27:35'),(455,623,645,4310,19,'2025/2026','practical',80.00,'The lecturer gave clear safety instructions and guided students during the laboratory work. It would help if equipment and materials were checked earlier to avoid delays.','2026-07-13 14:27:35'),(456,620,645,4310,19,'2025/2026','theory',100.00,'The lectures were organized and the examples made the subject easier to understand. More short class activities would help students stay engaged throughout the session.','2026-07-13 14:27:35'),(457,620,645,4310,19,'2025/2026','practical',60.00,'The procedures were explained clearly before we started and feedback was useful. More examples of common errors would help us improve our practical records.','2026-07-13 14:27:35'),(458,621,645,4310,19,'2025/2026','theory',80.00,'The lecturer communicates well and makes complex ideas approachable. Some topics need a little more time because the final part of the lecture can feel rushed.','2026-07-13 14:27:35'),(459,621,645,4310,19,'2025/2026','practical',100.00,'The practical work helped us develop useful scientific skills. The session would be stronger with a little more time for discussion after completing the activity.','2026-07-13 14:27:35'),(460,610,6,4085,19,'2025/2026','theory',80.00,'The lecturer explained the concepts clearly and connected them with real-world examples. The lecture slides were useful, but sometimes the pace was a little fast during difficult topics.','2026-07-13 14:27:35'),(461,610,6,4085,19,'2025/2026','practical',100.00,'The practical session was well organized and the demonstrations helped us understand the experiment. More time for individual practice would make the session even better.','2026-07-13 14:27:35'),(462,613,6,4085,19,'2025/2026','theory',60.00,'The lecturer has strong subject knowledge and answers questions patiently. It would be helpful if more revision questions were provided before assessments.','2026-07-13 14:27:35'),(463,613,6,4085,19,'2025/2026','practical',80.00,'The lecturer gave clear safety instructions and guided students during the laboratory work. It would help if equipment and materials were checked earlier to avoid delays.','2026-07-13 14:27:35'),(464,1,6,4085,19,'2025/2026','theory',100.00,'The lectures were organized and the examples made the subject easier to understand. More short class activities would help students stay engaged throughout the session.','2026-07-13 14:27:35'),(465,1,6,4085,19,'2025/2026','practical',60.00,'The procedures were explained clearly before we started and feedback was useful. More examples of common errors would help us improve our practical records.','2026-07-13 14:27:35'),(466,611,6,4085,19,'2025/2026','theory',80.00,'The lecturer communicates well and makes complex ideas approachable. Some topics need a little more time because the final part of the lecture can feel rushed.','2026-07-13 14:27:35'),(467,611,6,4085,19,'2025/2026','practical',100.00,'The practical work helped us develop useful scientific skills. The session would be stronger with a little more time for discussion after completing the activity.','2026-07-13 14:27:35'),(468,610,6,4447,3,'2025/2026','theory',80.00,'The lecturer explained the concepts clearly and connected them with real-world examples. The lecture slides were useful, but sometimes the pace was a little fast during difficult topics.','2026-07-13 14:27:35'),(469,610,6,4447,3,'2025/2026','practical',100.00,'The practical session was well organized and the demonstrations helped us understand the experiment. More time for individual practice would make the session even better.','2026-07-13 14:27:36'),(470,613,6,4447,3,'2025/2026','theory',60.00,'The lecturer has strong subject knowledge and answers questions patiently. It would be helpful if more revision questions were provided before assessments.','2026-07-13 14:27:36'),(471,613,6,4447,3,'2025/2026','practical',80.00,'The lecturer gave clear safety instructions and guided students during the laboratory work. It would help if equipment and materials were checked earlier to avoid delays.','2026-07-13 14:27:36'),(472,1,6,4447,3,'2025/2026','theory',100.00,'The lectures were organized and the examples made the subject easier to understand. More short class activities would help students stay engaged throughout the session.','2026-07-13 14:27:36'),(473,1,6,4447,3,'2025/2026','practical',60.00,'The procedures were explained clearly before we started and feedback was useful. More examples of common errors would help us improve our practical records.','2026-07-13 14:27:36'),(474,611,6,4447,3,'2025/2026','theory',80.00,'The lecturer communicates well and makes complex ideas approachable. Some topics need a little more time because the final part of the lecture can feel rushed.','2026-07-13 14:27:36'),(475,611,6,4447,3,'2025/2026','practical',100.00,'The practical work helped us develop useful scientific skills. The session would be stronger with a little more time for discussion after completing the activity.','2026-07-13 14:27:36'),(476,610,643,4449,19,'2025/2026','theory',80.00,'The lecturer explained the concepts clearly and connected them with real-world examples. The lecture slides were useful, but sometimes the pace was a little fast during difficult topics.','2026-07-13 14:27:36'),(477,610,643,4449,19,'2025/2026','practical',100.00,'The practical session was well organized and the demonstrations helped us understand the experiment. More time for individual practice would make the session even better.','2026-07-13 14:27:36'),(478,613,643,4449,19,'2025/2026','theory',60.00,'The lecturer has strong subject knowledge and answers questions patiently. It would be helpful if more revision questions were provided before assessments.','2026-07-13 14:27:36'),(479,613,643,4449,19,'2025/2026','practical',80.00,'The lecturer gave clear safety instructions and guided students during the laboratory work. It would help if equipment and materials were checked earlier to avoid delays.','2026-07-13 14:27:36'),(480,1,643,4449,19,'2025/2026','theory',100.00,'The lectures were organized and the examples made the subject easier to understand. More short class activities would help students stay engaged throughout the session.','2026-07-13 14:27:36'),(481,1,643,4449,19,'2025/2026','practical',60.00,'The procedures were explained clearly before we started and feedback was useful. More examples of common errors would help us improve our practical records.','2026-07-13 14:27:36'),(482,611,643,4449,19,'2025/2026','theory',80.00,'The lecturer communicates well and makes complex ideas approachable. Some topics need a little more time because the final part of the lecture can feel rushed.','2026-07-13 14:27:36'),(483,611,643,4449,19,'2025/2026','practical',100.00,'The practical work helped us develop useful scientific skills. The session would be stronger with a little more time for discussion after completing the activity.','2026-07-13 14:27:36'),(484,616,7,4444,19,'2025/2026','theory',80.00,'The lecturer explained the concepts clearly and connected them with real-world examples. The lecture slides were useful, but sometimes the pace was a little fast during difficult topics.','2026-07-13 14:27:36'),(485,616,7,4444,19,'2025/2026','practical',100.00,'The practical session was well organized and the demonstrations helped us understand the experiment. More time for individual practice would make the session even better.','2026-07-13 14:27:36'),(486,619,7,4444,19,'2025/2026','theory',60.00,'The lecturer has strong subject knowledge and answers questions patiently. It would be helpful if more revision questions were provided before assessments.','2026-07-13 14:27:36'),(487,619,7,4444,19,'2025/2026','practical',80.00,'The lecturer gave clear safety instructions and guided students during the laboratory work. It would help if equipment and materials were checked earlier to avoid delays.','2026-07-13 14:27:36'),(488,617,7,4444,19,'2025/2026','theory',100.00,'The lectures were organized and the examples made the subject easier to understand. More short class activities would help students stay engaged throughout the session.','2026-07-13 14:27:36'),(489,617,7,4444,19,'2025/2026','practical',60.00,'The procedures were explained clearly before we started and feedback was useful. More examples of common errors would help us improve our practical records.','2026-07-13 14:27:36'),(490,618,7,4444,19,'2025/2026','theory',80.00,'The lecturer communicates well and makes complex ideas approachable. Some topics need a little more time because the final part of the lecture can feel rushed.','2026-07-13 14:27:36'),(491,618,7,4444,19,'2025/2026','practical',100.00,'The practical work helped us develop useful scientific skills. The session would be stronger with a little more time for discussion after completing the activity.','2026-07-13 14:27:36'),(492,616,7,4448,3,'2025/2026','theory',80.00,'The lecturer explained the concepts clearly and connected them with real-world examples. The lecture slides were useful, but sometimes the pace was a little fast during difficult topics.','2026-07-13 14:27:36'),(493,616,7,4448,3,'2025/2026','practical',100.00,'The practical session was well organized and the demonstrations helped us understand the experiment. More time for individual practice would make the session even better.','2026-07-13 14:27:36'),(494,619,7,4448,3,'2025/2026','theory',60.00,'The lecturer has strong subject knowledge and answers questions patiently. It would be helpful if more revision questions were provided before assessments.','2026-07-13 14:27:36'),(495,619,7,4448,3,'2025/2026','practical',80.00,'The lecturer gave clear safety instructions and guided students during the laboratory work. It would help if equipment and materials were checked earlier to avoid delays.','2026-07-13 14:27:36'),(496,617,7,4448,3,'2025/2026','theory',100.00,'The lectures were organized and the examples made the subject easier to understand. More short class activities would help students stay engaged throughout the session.','2026-07-13 14:27:36'),(497,617,7,4448,3,'2025/2026','practical',60.00,'The procedures were explained clearly before we started and feedback was useful. More examples of common errors would help us improve our practical records.','2026-07-13 14:27:36'),(498,618,7,4448,3,'2025/2026','theory',80.00,'The lecturer communicates well and makes complex ideas approachable. Some topics need a little more time because the final part of the lecture can feel rushed.','2026-07-13 14:27:36'),(499,618,7,4448,3,'2025/2026','practical',100.00,'The practical work helped us develop useful scientific skills. The session would be stronger with a little more time for discussion after completing the activity.','2026-07-13 14:27:36'),(500,616,644,4450,19,'2025/2026','theory',80.00,'The lecturer explained the concepts clearly and connected them with real-world examples. The lecture slides were useful, but sometimes the pace was a little fast during difficult topics.','2026-07-13 14:27:36'),(501,616,644,4450,19,'2025/2026','practical',100.00,'The practical session was well organized and the demonstrations helped us understand the experiment. More time for individual practice would make the session even better.','2026-07-13 14:27:36'),(502,619,644,4450,19,'2025/2026','theory',60.00,'The lecturer has strong subject knowledge and answers questions patiently. It would be helpful if more revision questions were provided before assessments.','2026-07-13 14:27:36'),(503,619,644,4450,19,'2025/2026','practical',80.00,'The lecturer gave clear safety instructions and guided students during the laboratory work. It would help if equipment and materials were checked earlier to avoid delays.','2026-07-13 14:27:36'),(504,617,644,4450,19,'2025/2026','theory',100.00,'The lectures were organized and the examples made the subject easier to understand. More short class activities would help students stay engaged throughout the session.','2026-07-13 14:27:36'),(505,617,644,4450,19,'2025/2026','practical',60.00,'The procedures were explained clearly before we started and feedback was useful. More examples of common errors would help us improve our practical records.','2026-07-13 14:27:36'),(506,618,644,4450,19,'2025/2026','theory',80.00,'The lecturer communicates well and makes complex ideas approachable. Some topics need a little more time because the final part of the lecture can feel rushed.','2026-07-13 14:27:36'),(507,618,644,4450,19,'2025/2026','practical',100.00,'The practical work helped us develop useful scientific skills. The session would be stronger with a little more time for discussion after completing the activity.','2026-07-13 14:27:36'),(508,637,11,4445,19,'2025/2026','theory',80.00,'The lecturer explained the concepts clearly and connected them with real-world examples. The lecture slides were useful, but sometimes the pace was a little fast during difficult topics.','2026-07-13 14:27:36'),(509,637,11,4445,19,'2025/2026','practical',100.00,'The practical session was well organized and the demonstrations helped us understand the experiment. More time for individual practice would make the session even better.','2026-07-13 14:27:36'),(510,638,11,4445,19,'2025/2026','theory',60.00,'The lecturer has strong subject knowledge and answers questions patiently. It would be helpful if more revision questions were provided before assessments.','2026-07-13 14:27:36'),(511,638,11,4445,19,'2025/2026','practical',80.00,'The lecturer gave clear safety instructions and guided students during the laboratory work. It would help if equipment and materials were checked earlier to avoid delays.','2026-07-13 14:27:36'),(512,635,11,4445,19,'2025/2026','theory',100.00,'The lectures were organized and the examples made the subject easier to understand. More short class activities would help students stay engaged throughout the session.','2026-07-13 14:27:36'),(513,635,11,4445,19,'2025/2026','practical',60.00,'The procedures were explained clearly before we started and feedback was useful. More examples of common errors would help us improve our practical records.','2026-07-13 14:27:36'),(514,639,11,4445,19,'2025/2026','theory',80.00,'The lecturer communicates well and makes complex ideas approachable. Some topics need a little more time because the final part of the lecture can feel rushed.','2026-07-13 14:27:36'),(515,639,11,4445,19,'2025/2026','practical',100.00,'The practical work helped us develop useful scientific skills. The session would be stronger with a little more time for discussion after completing the activity.','2026-07-13 14:27:36'),(516,637,648,4454,19,'2025/2026','theory',80.00,'The lecturer explained the concepts clearly and connected them with real-world examples. The lecture slides were useful, but sometimes the pace was a little fast during difficult topics.','2026-07-13 14:27:36'),(517,637,648,4454,19,'2025/2026','practical',100.00,'The practical session was well organized and the demonstrations helped us understand the experiment. More time for individual practice would make the session even better.','2026-07-13 14:27:36'),(518,638,648,4454,19,'2025/2026','theory',60.00,'The lecturer has strong subject knowledge and answers questions patiently. It would be helpful if more revision questions were provided before assessments.','2026-07-13 14:27:36'),(519,638,648,4454,19,'2025/2026','practical',80.00,'The lecturer gave clear safety instructions and guided students during the laboratory work. It would help if equipment and materials were checked earlier to avoid delays.','2026-07-13 14:27:36'),(520,635,648,4454,19,'2025/2026','theory',100.00,'The lectures were organized and the examples made the subject easier to understand. More short class activities would help students stay engaged throughout the session.','2026-07-13 14:27:36'),(521,635,648,4454,19,'2025/2026','practical',60.00,'The procedures were explained clearly before we started and feedback was useful. More examples of common errors would help us improve our practical records.','2026-07-13 14:27:36'),(522,639,648,4454,19,'2025/2026','theory',80.00,'The lecturer communicates well and makes complex ideas approachable. Some topics need a little more time because the final part of the lecture can feel rushed.','2026-07-13 14:27:36'),(523,639,648,4454,19,'2025/2026','practical',100.00,'The practical work helped us develop useful scientific skills. The session would be stronger with a little more time for discussion after completing the activity.','2026-07-13 14:27:36'),(524,628,9,4446,19,'2025/2026','theory',80.00,'The lecturer explained the concepts clearly and connected them with real-world examples. The lecture slides were useful, but sometimes the pace was a little fast during difficult topics.','2026-07-13 14:27:36'),(525,628,9,4446,19,'2025/2026','practical',100.00,'The practical session was well organized and the demonstrations helped us understand the experiment. More time for individual practice would make the session even better.','2026-07-13 14:27:37'),(526,4910,9,4446,19,'2025/2026','theory',60.00,'The lecturer has strong subject knowledge and answers questions patiently. It would be helpful if more revision questions were provided before assessments.','2026-07-13 14:27:37'),(527,4910,9,4446,19,'2025/2026','practical',80.00,'The lecturer gave clear safety instructions and guided students during the laboratory work. It would help if equipment and materials were checked earlier to avoid delays.','2026-07-13 14:27:37'),(528,4919,9,4446,19,'2025/2026','theory',100.00,'The lectures were organized and the examples made the subject easier to understand. More short class activities would help students stay engaged throughout the session.','2026-07-13 14:27:37'),(529,4919,9,4446,19,'2025/2026','practical',60.00,'The procedures were explained clearly before we started and feedback was useful. More examples of common errors would help us improve our practical records.','2026-07-13 14:27:37'),(530,4916,9,4446,19,'2025/2026','theory',80.00,'The lecturer communicates well and makes complex ideas approachable. Some topics need a little more time because the final part of the lecture can feel rushed.','2026-07-13 14:27:37'),(531,4916,9,4446,19,'2025/2026','practical',100.00,'The practical work helped us develop useful scientific skills. The session would be stronger with a little more time for discussion after completing the activity.','2026-07-13 14:27:37'),(532,628,646,4452,19,'2025/2026','theory',80.00,'The lecturer explained the concepts clearly and connected them with real-world examples. The lecture slides were useful, but sometimes the pace was a little fast during difficult topics.','2026-07-13 14:27:37'),(533,628,646,4452,19,'2025/2026','practical',100.00,'The practical session was well organized and the demonstrations helped us understand the experiment. More time for individual practice would make the session even better.','2026-07-13 14:27:37'),(534,4910,646,4452,19,'2025/2026','theory',60.00,'The lecturer has strong subject knowledge and answers questions patiently. It would be helpful if more revision questions were provided before assessments.','2026-07-13 14:27:37'),(535,4910,646,4452,19,'2025/2026','practical',80.00,'The lecturer gave clear safety instructions and guided students during the laboratory work. It would help if equipment and materials were checked earlier to avoid delays.','2026-07-13 14:27:37'),(536,4919,646,4452,19,'2025/2026','theory',100.00,'The lectures were organized and the examples made the subject easier to understand. More short class activities would help students stay engaged throughout the session.','2026-07-13 14:27:37'),(537,4919,646,4452,19,'2025/2026','practical',60.00,'The procedures were explained clearly before we started and feedback was useful. More examples of common errors would help us improve our practical records.','2026-07-13 14:27:37'),(538,4916,646,4452,19,'2025/2026','theory',80.00,'The lecturer communicates well and makes complex ideas approachable. Some topics need a little more time because the final part of the lecture can feel rushed.','2026-07-13 14:27:37'),(539,4916,646,4452,19,'2025/2026','practical',100.00,'The practical work helped us develop useful scientific skills. The session would be stronger with a little more time for discussion after completing the activity.','2026-07-13 14:27:37'),(540,2,19267,4884,37,'2023/2024','theory',70.00,'good','2026-07-13 16:06:13'),(541,2,19267,4884,37,'2023/2024','practical',71.00,'best','2026-07-13 16:06:13'),(542,2,647,4883,37,'2023/2024','theory',78.00,'overall good','2026-07-14 14:50:23'),(543,2,10,4883,37,'2023/2024','theory',82.00,'overall good','2026-07-14 14:50:23'),(544,2,10,4883,37,'2023/2024','practical',84.00,'Overall best','2026-07-14 14:50:23'),(545,2,647,4882,37,'2023/2024','theory',34.00,'sd','2026-07-16 11:08:22'),(546,2,647,4882,37,'2023/2024','practical',80.00,'ascsdcsd','2026-07-16 11:08:22'),(547,2,10,4882,37,'2023/2024','theory',42.00,'wdc','2026-07-16 11:08:22');
/*!40000 ALTER TABLE `evaluation_submissions` ENABLE KEYS */;
UNLOCK TABLES;

--
-- Table structure for table `evaluation_windows`
--

DROP TABLE IF EXISTS `evaluation_windows`;
/*!40101 SET @saved_cs_client     = @@character_set_client */;
/*!50503 SET character_set_client = utf8mb4 */;
CREATE TABLE `evaluation_windows` (
  `id` int NOT NULL AUTO_INCREMENT,
  `semester_id` int NOT NULL,
  `academic_year` varchar(20) NOT NULL,
  `open_date` datetime NOT NULL,
  `close_date` datetime NOT NULL,
  `status` enum('open','closed','scheduled') NOT NULL DEFAULT 'scheduled',
  `created_by` int NOT NULL,
  `created_at` timestamp NULL DEFAULT CURRENT_TIMESTAMP,
  `updated_at` timestamp NULL DEFAULT CURRENT_TIMESTAMP ON UPDATE CURRENT_TIMESTAMP,
  PRIMARY KEY (`id`),
  KEY `fk_evaluation_windows_created_by` (`created_by`),
  KEY `idx_evaluation_windows_semester_id` (`semester_id`),
  KEY `idx_evaluation_windows_status` (`status`),
  CONSTRAINT `fk_evaluation_windows_created_by` FOREIGN KEY (`created_by`) REFERENCES `users` (`id`) ON DELETE RESTRICT ON UPDATE CASCADE,
  CONSTRAINT `fk_evaluation_windows_semester` FOREIGN KEY (`semester_id`) REFERENCES `semesters` (`id`) ON DELETE CASCADE ON UPDATE CASCADE
) ENGINE=InnoDB AUTO_INCREMENT=10 DEFAULT CHARSET=utf8mb4 COLLATE=utf8mb4_0900_ai_ci;
/*!40101 SET character_set_client = @saved_cs_client */;

--
-- Dumping data for table `evaluation_windows`
--

LOCK TABLES `evaluation_windows` WRITE;
/*!40000 ALTER TABLE `evaluation_windows` DISABLE KEYS */;
INSERT INTO `evaluation_windows` VALUES (8,37,'2023/2024','2026-07-11 23:59:00','2026-07-30 23:59:00','open',3,'2026-07-12 18:30:01','2026-07-12 18:30:01'),(9,19,'2025/2026','2026-07-11 00:05:00','2026-07-29 00:05:00','closed',3,'2026-07-12 18:35:33','2026-07-13 08:45:43');
/*!40000 ALTER TABLE `evaluation_windows` ENABLE KEYS */;
UNLOCK TABLES;

--
-- Table structure for table `evaluations`
--

DROP TABLE IF EXISTS `evaluations`;
/*!40101 SET @saved_cs_client     = @@character_set_client */;
/*!50503 SET character_set_client = utf8mb4 */;
CREATE TABLE `evaluations` (
  `id` int NOT NULL AUTO_INCREMENT,
  `student_id` int NOT NULL,
  `lecturer_id` int NOT NULL,
  `course_id` int NOT NULL,
  `semester_id` int NOT NULL,
  `status` enum('draft','submitted','reviewed') NOT NULL DEFAULT 'draft',
  `submitted_at` timestamp NULL DEFAULT NULL,
  PRIMARY KEY (`id`),
  KEY `fk_evaluations_student` (`student_id`),
  KEY `idx_evaluations_lecturer_id` (`lecturer_id`),
  KEY `idx_evaluations_course_id` (`course_id`),
  KEY `idx_evaluations_semester_id` (`semester_id`),
  KEY `idx_evaluations_submitted_at` (`submitted_at`),
  CONSTRAINT `fk_evaluations_course` FOREIGN KEY (`course_id`) REFERENCES `courses` (`id`) ON DELETE CASCADE ON UPDATE CASCADE,
  CONSTRAINT `fk_evaluations_lecturer` FOREIGN KEY (`lecturer_id`) REFERENCES `users` (`id`) ON DELETE CASCADE ON UPDATE CASCADE,
  CONSTRAINT `fk_evaluations_semester` FOREIGN KEY (`semester_id`) REFERENCES `semesters` (`id`) ON DELETE CASCADE ON UPDATE CASCADE,
  CONSTRAINT `fk_evaluations_student` FOREIGN KEY (`student_id`) REFERENCES `users` (`id`) ON DELETE CASCADE ON UPDATE CASCADE
) ENGINE=InnoDB DEFAULT CHARSET=utf8mb4 COLLATE=utf8mb4_0900_ai_ci;
/*!40101 SET character_set_client = @saved_cs_client */;

--
-- Dumping data for table `evaluations`
--

LOCK TABLES `evaluations` WRITE;
/*!40000 ALTER TABLE `evaluations` DISABLE KEYS */;
/*!40000 ALTER TABLE `evaluations` ENABLE KEYS */;
UNLOCK TABLES;

--
-- Table structure for table `lecturer_award_scores`
--

DROP TABLE IF EXISTS `lecturer_award_scores`;
/*!40101 SET @saved_cs_client     = @@character_set_client */;
/*!50503 SET character_set_client = utf8mb4 */;
CREATE TABLE `lecturer_award_scores` (
  `id` int NOT NULL AUTO_INCREMENT,
  `lecturer_id` int NOT NULL,
  `semester_id` int NOT NULL,
  `academic_year` varchar(20) NOT NULL,
  `supervision_score` decimal(6,2) NOT NULL DEFAULT '0.00',
  `mentoring_score` decimal(6,2) NOT NULL DEFAULT '0.00',
  `other_score` decimal(6,2) NOT NULL DEFAULT '0.00',
  `peer_evaluation_score` decimal(6,2) DEFAULT NULL,
  `admin_comment` text,
  `updated_by` int DEFAULT NULL,
  `created_at` timestamp NULL DEFAULT CURRENT_TIMESTAMP,
  `updated_at` timestamp NULL DEFAULT CURRENT_TIMESTAMP ON UPDATE CURRENT_TIMESTAMP,
  PRIMARY KEY (`id`),
  UNIQUE KEY `uq_lecturer_award_scores` (`lecturer_id`,`semester_id`,`academic_year`),
  KEY `fk_lecturer_award_scores_updated_by` (`updated_by`),
  KEY `idx_lecturer_award_scores_lecturer_id` (`lecturer_id`),
  KEY `idx_lecturer_award_scores_semester_id` (`semester_id`),
  CONSTRAINT `fk_lecturer_award_scores_lecturer` FOREIGN KEY (`lecturer_id`) REFERENCES `users` (`id`) ON DELETE CASCADE ON UPDATE CASCADE,
  CONSTRAINT `fk_lecturer_award_scores_semester` FOREIGN KEY (`semester_id`) REFERENCES `semesters` (`id`) ON DELETE CASCADE ON UPDATE CASCADE,
  CONSTRAINT `fk_lecturer_award_scores_updated_by` FOREIGN KEY (`updated_by`) REFERENCES `users` (`id`) ON DELETE SET NULL ON UPDATE CASCADE
) ENGINE=InnoDB AUTO_INCREMENT=14 DEFAULT CHARSET=utf8mb4 COLLATE=utf8mb4_0900_ai_ci;
/*!40101 SET character_set_client = @saved_cs_client */;

--
-- Dumping data for table `lecturer_award_scores`
--

LOCK TABLES `lecturer_award_scores` WRITE;
/*!40000 ALTER TABLE `lecturer_award_scores` DISABLE KEYS */;
INSERT INTO `lecturer_award_scores` VALUES (1,10,19,'2025/2026',20.00,0.00,0.00,NULL,NULL,3,'2026-06-08 15:28:33','2026-06-08 15:28:33'),(4,7,19,'2025/2026',50.00,0.00,0.00,NULL,NULL,3,'2026-06-08 15:29:32','2026-06-08 15:29:32'),(5,10,37,'2023/2024',75.00,85.00,90.00,80.00,'good',3,'2026-07-14 17:26:25','2026-07-16 16:44:47'),(11,9,37,'2023/2024',80.00,85.00,90.00,NULL,NULL,3,'2026-07-16 17:34:06','2026-07-16 17:34:50');
/*!40000 ALTER TABLE `lecturer_award_scores` ENABLE KEYS */;
UNLOCK TABLES;

--
-- Table structure for table `lecturer_modules`
--

DROP TABLE IF EXISTS `lecturer_modules`;
/*!40101 SET @saved_cs_client     = @@character_set_client */;
/*!50503 SET character_set_client = utf8mb4 */;
CREATE TABLE `lecturer_modules` (
  `id` int NOT NULL AUTO_INCREMENT,
  `lecturer_id` int NOT NULL,
  `course_id` int NOT NULL,
  `semester_id` int NOT NULL,
  `academic_year` varchar(20) NOT NULL,
  `created_at` timestamp NULL DEFAULT CURRENT_TIMESTAMP,
  `type` enum('theory','practical','both') NOT NULL DEFAULT 'both',
  PRIMARY KEY (`id`),
  UNIQUE KEY `uq_lecturer_modules_assignment` (`lecturer_id`,`course_id`,`semester_id`,`academic_year`),
  KEY `idx_lecturer_modules_lecturer_id` (`lecturer_id`),
  KEY `idx_lecturer_modules_course_id` (`course_id`),
  KEY `idx_lecturer_modules_semester_id` (`semester_id`),
  CONSTRAINT `fk_lecturer_modules_course` FOREIGN KEY (`course_id`) REFERENCES `courses` (`id`) ON DELETE CASCADE ON UPDATE CASCADE,
  CONSTRAINT `fk_lecturer_modules_lecturer` FOREIGN KEY (`lecturer_id`) REFERENCES `users` (`id`) ON DELETE CASCADE ON UPDATE CASCADE,
  CONSTRAINT `fk_lecturer_modules_semester` FOREIGN KEY (`semester_id`) REFERENCES `semesters` (`id`) ON DELETE CASCADE ON UPDATE CASCADE
) ENGINE=InnoDB AUTO_INCREMENT=6567 DEFAULT CHARSET=utf8mb4 COLLATE=utf8mb4_0900_ai_ci;
/*!40101 SET character_set_client = @saved_cs_client */;

--
-- Dumping data for table `lecturer_modules`
--

LOCK TABLES `lecturer_modules` WRITE;
/*!40000 ALTER TABLE `lecturer_modules` DISABLE KEYS */;
INSERT INTO `lecturer_modules` VALUES (4086,10,4441,19,'2025/2026','2026-07-13 14:27:35','both'),(4087,8,4304,19,'2025/2026','2026-07-13 14:27:35','both'),(4088,6,4085,19,'2025/2026','2026-07-13 14:27:35','both'),(4089,7,4444,19,'2025/2026','2026-07-13 14:27:35','both'),(4090,11,4445,19,'2025/2026','2026-07-13 14:27:35','both'),(4091,9,4446,19,'2025/2026','2026-07-13 14:27:35','both'),(4092,6,4447,3,'2025/2026','2026-07-13 14:27:35','both'),(4093,7,4448,3,'2025/2026','2026-07-13 14:27:35','both'),(4094,643,4449,19,'2025/2026','2026-07-13 14:27:35','both'),(4095,644,4450,19,'2025/2026','2026-07-13 14:27:35','both'),(4096,645,4310,19,'2025/2026','2026-07-13 14:27:35','both'),(4097,646,4452,19,'2025/2026','2026-07-13 14:27:35','both'),(4098,647,4453,19,'2025/2026','2026-07-13 14:27:35','both'),(4099,648,4454,19,'2025/2026','2026-07-13 14:27:35','both'),(4521,19267,4884,37,'2023/2024','2026-07-13 15:11:10','both'),(4635,19828,4176,3,'2025/2026','2026-07-14 05:16:24','theory'),(4753,2,4081,37,'2023/2024','2026-07-14 14:31:20','theory'),(4754,3,4081,37,'2023/2024','2026-07-14 14:31:20','theory'),(4755,647,4883,37,'2023/2024','2026-07-14 14:32:50','theory'),(4756,10,4883,37,'2023/2024','2026-07-14 14:32:50','both'),(5163,2065,4082,37,'2023/2024','2026-07-14 18:33:45','both'),(5795,10,4882,37,'2023/2024','2026-07-16 10:53:19','theory'),(5796,647,4882,37,'2023/2024','2026-07-16 10:53:19','both');
/*!40000 ALTER TABLE `lecturer_modules` ENABLE KEYS */;
UNLOCK TABLES;

--
-- Table structure for table `lecturer_profiles`
--

DROP TABLE IF EXISTS `lecturer_profiles`;
/*!40101 SET @saved_cs_client     = @@character_set_client */;
/*!50503 SET character_set_client = utf8mb4 */;
CREATE TABLE `lecturer_profiles` (
  `id` int NOT NULL AUTO_INCREMENT,
  `user_id` int NOT NULL,
  `photo_url` varchar(500) DEFAULT NULL,
  `designation` varchar(150) DEFAULT NULL,
  `qualifications` text,
  `created_at` timestamp NULL DEFAULT CURRENT_TIMESTAMP,
  `updated_at` timestamp NULL DEFAULT CURRENT_TIMESTAMP ON UPDATE CURRENT_TIMESTAMP,
  PRIMARY KEY (`id`),
  UNIQUE KEY `user_id` (`user_id`),
  KEY `idx_lecturer_profiles_user_id` (`user_id`),
  CONSTRAINT `fk_lecturer_profiles_user` FOREIGN KEY (`user_id`) REFERENCES `users` (`id`) ON DELETE CASCADE ON UPDATE CASCADE
) ENGINE=InnoDB AUTO_INCREMENT=5612 DEFAULT CHARSET=utf8mb4 COLLATE=utf8mb4_0900_ai_ci;
/*!40101 SET character_set_client = @saved_cs_client */;

--
-- Dumping data for table `lecturer_profiles`
--

LOCK TABLES `lecturer_profiles` WRITE;
/*!40000 ALTER TABLE `lecturer_profiles` DISABLE KEYS */;
INSERT INTO `lecturer_profiles` VALUES (1,6,NULL,'Senior Lecturer','PhD in Computer Science\nMSc in Software Engineering\nBSc Special in Computer Science','2026-06-08 07:51:10','2026-06-08 07:51:10'),(2,7,NULL,'Senior Lecturer','PhD in Applied Mathematics\nMPhil in Mathematical Modelling\nBSc Special in Mathematics','2026-06-08 07:51:10','2026-06-08 07:51:10'),(3,8,NULL,'Lecturer','PhD in Analytical Chemistry\nBSc Special in Chemistry','2026-06-08 07:51:10','2026-06-08 07:51:10'),(4,9,NULL,'Senior Lecturer','PhD in Zoology\nMSc in Biodiversity Conservation\nBSc Special in Zoology','2026-06-08 07:51:10','2026-06-08 07:51:10'),(5,10,NULL,'Lecturer','PhD in Plant Sciences\nBSc Special in Botany','2026-06-08 07:51:10','2026-06-08 07:51:10'),(6,11,NULL,'Senior Lecturer','PhD in Physics\nMSc in Materials Science\nBSc Special in Physics','2026-06-08 07:51:10','2026-06-08 07:51:10'),(385,643,NULL,'Lecturer','PhD in Data Science\nMSc in Artificial Intelligence\nBSc Special in Computer Science','2026-06-08 16:22:18','2026-06-08 16:22:18'),(386,644,NULL,'Lecturer','PhD in Pure Mathematics\nBSc Special in Mathematics','2026-06-08 16:22:18','2026-06-08 16:22:18'),(387,645,NULL,'Senior Lecturer','PhD in Organic Chemistry\nBSc Special in Chemistry','2026-06-08 16:22:18','2026-06-08 16:22:18'),(388,646,NULL,'Lecturer','PhD in Ecology\nBSc Special in Zoology','2026-06-08 16:22:18','2026-06-08 16:22:18'),(389,647,NULL,'Senior Lecturer','PhD in Plant Biotechnology\nBSc Special in Botany','2026-06-08 16:22:18','2026-06-08 16:22:18'),(390,648,NULL,'Lecturer','PhD in Electronics\nBSc Special in Physics','2026-06-08 16:22:18','2026-06-08 16:22:18'),(691,1901,NULL,'Lecturer','MSc','2026-06-08 16:59:46','2026-06-08 16:59:46'),(692,1906,NULL,NULL,NULL,'2026-06-08 17:09:14','2026-06-08 17:09:14'),(705,1957,NULL,'Lecturer','MSc','2026-06-09 07:13:21','2026-06-09 07:13:21'),(707,1300,NULL,NULL,NULL,'2026-06-09 07:19:16','2026-06-09 07:19:16'),(721,2008,NULL,NULL,NULL,'2026-06-09 07:21:53','2026-06-09 07:21:53'),(722,2009,NULL,NULL,NULL,'2026-06-09 07:21:53','2026-06-09 07:21:53'),(723,2010,NULL,NULL,NULL,'2026-06-09 07:22:47','2026-06-09 07:22:47'),(724,2011,NULL,NULL,NULL,'2026-06-09 07:24:13','2026-06-09 07:24:13'),(725,2012,NULL,NULL,NULL,'2026-06-09 07:24:13','2026-06-09 07:24:13'),(726,2014,NULL,NULL,NULL,'2026-06-09 07:36:06','2026-06-09 07:36:06'),(739,2065,NULL,NULL,NULL,'2026-06-09 07:44:15','2026-06-09 07:44:15'),(1474,5216,NULL,NULL,NULL,'2026-06-27 14:31:54','2026-06-27 14:31:54'),(1500,5357,NULL,NULL,NULL,'2026-06-27 14:40:24','2026-06-27 14:40:24'),(3967,19828,NULL,NULL,NULL,'2026-07-14 05:14:58','2026-07-14 05:14:58');
/*!40000 ALTER TABLE `lecturer_profiles` ENABLE KEYS */;
UNLOCK TABLES;

--
-- Table structure for table `notifications`
--

DROP TABLE IF EXISTS `notifications`;
/*!40101 SET @saved_cs_client     = @@character_set_client */;
/*!50503 SET character_set_client = utf8mb4 */;
CREATE TABLE `notifications` (
  `id` int NOT NULL AUTO_INCREMENT,
  `user_id` int DEFAULT NULL,
  `role` enum('student','lecturer','admin','hod','dean') DEFAULT NULL,
  `title` varchar(200) NOT NULL,
  `message` text NOT NULL,
  `type` enum('info','success','warning','error','system') NOT NULL DEFAULT 'info',
  `is_read` tinyint(1) NOT NULL DEFAULT '0',
  `related_entity_type` varchar(100) DEFAULT NULL,
  `related_entity_id` int DEFAULT NULL,
  `created_at` timestamp NULL DEFAULT CURRENT_TIMESTAMP,
  PRIMARY KEY (`id`),
  KEY `idx_notifications_user_read` (`user_id`,`is_read`),
  KEY `idx_notifications_created_at` (`created_at`),
  KEY `idx_notifications_related` (`related_entity_type`,`related_entity_id`),
  CONSTRAINT `fk_notifications_user` FOREIGN KEY (`user_id`) REFERENCES `users` (`id`) ON DELETE CASCADE ON UPDATE CASCADE
) ENGINE=InnoDB AUTO_INCREMENT=602 DEFAULT CHARSET=utf8mb4 COLLATE=utf8mb4_0900_ai_ci;
/*!40101 SET character_set_client = @saved_cs_client */;

--
-- Dumping data for table `notifications`
--

LOCK TABLES `notifications` WRITE;
/*!40000 ALTER TABLE `notifications` DISABLE KEYS */;
INSERT INTO `notifications` VALUES (1,3,NULL,'New Password Reset Request','New password reset request from SCI2026902.','warning',1,'password_reset_request',1,'2026-06-09 08:11:57'),(2,2,NULL,'Password Reset Approved','Your password was reset to the default password. Please log in and change it immediately.','success',1,'password_reset_request',1,'2026-06-09 08:12:43'),(3,3,NULL,'New Password Reset Request','New password reset request from SCI2026902.','warning',1,'password_reset_request',2,'2026-06-09 08:15:08'),(4,2,NULL,'Password Reset Approved','Your password was reset to the default password. Please log in and change it immediately.','success',1,'password_reset_request',2,'2026-06-09 08:15:28'),(5,2,NULL,'Announcement: wsas','zsx','info',1,'announcement',4,'2026-06-09 08:31:13'),(6,3,NULL,'Announcement: wsas','zsx','info',1,'announcement',4,'2026-06-09 08:31:13'),(7,4,NULL,'Announcement: wsas','zsx','info',0,'announcement',4,'2026-06-09 08:31:13'),(8,5,NULL,'Announcement: wsas','zsx','info',0,'announcement',4,'2026-06-09 08:31:13'),(9,6,NULL,'Announcement: wsas','zsx','info',0,'announcement',4,'2026-06-09 08:31:13'),(10,7,NULL,'Announcement: wsas','zsx','info',0,'announcement',4,'2026-06-09 08:31:13'),(11,8,NULL,'Announcement: wsas','zsx','info',0,'announcement',4,'2026-06-09 08:31:13'),(12,9,NULL,'Announcement: wsas','zsx','info',0,'announcement',4,'2026-06-09 08:31:13'),(13,10,NULL,'Announcement: wsas','zsx','info',0,'announcement',4,'2026-06-09 08:31:13'),(14,11,NULL,'Announcement: wsas','zsx','info',0,'announcement',4,'2026-06-09 08:31:13'),(15,167,NULL,'Announcement: wsas','zsx','info',0,'announcement',4,'2026-06-09 08:31:13'),(16,168,NULL,'Announcement: wsas','zsx','info',0,'announcement',4,'2026-06-09 08:31:13'),(17,169,NULL,'Announcement: wsas','zsx','info',0,'announcement',4,'2026-06-09 08:31:13'),(18,237,NULL,'Announcement: wsas','zsx','info',0,'announcement',4,'2026-06-09 08:31:13'),(19,610,NULL,'Announcement: wsas','zsx','info',0,'announcement',4,'2026-06-09 08:31:13'),(20,611,NULL,'Announcement: wsas','zsx','info',0,'announcement',4,'2026-06-09 08:31:13'),(21,612,NULL,'Announcement: wsas','zsx','info',0,'announcement',4,'2026-06-09 08:31:13'),(22,613,NULL,'Announcement: wsas','zsx','info',0,'announcement',4,'2026-06-09 08:31:13'),(23,614,NULL,'Announcement: wsas','zsx','info',0,'announcement',4,'2026-06-09 08:31:13'),(24,615,NULL,'Announcement: wsas','zsx','info',0,'announcement',4,'2026-06-09 08:31:13'),(25,616,NULL,'Announcement: wsas','zsx','info',0,'announcement',4,'2026-06-09 08:31:13'),(26,617,NULL,'Announcement: wsas','zsx','info',0,'announcement',4,'2026-06-09 08:31:13'),(27,618,NULL,'Announcement: wsas','zsx','info',0,'announcement',4,'2026-06-09 08:31:13'),(28,619,NULL,'Announcement: wsas','zsx','info',0,'announcement',4,'2026-06-09 08:31:13'),(29,620,NULL,'Announcement: wsas','zsx','info',0,'announcement',4,'2026-06-09 08:31:13'),(30,621,NULL,'Announcement: wsas','zsx','info',0,'announcement',4,'2026-06-09 08:31:13'),(31,622,NULL,'Announcement: wsas','zsx','info',0,'announcement',4,'2026-06-09 08:31:13'),(32,623,NULL,'Announcement: wsas','zsx','info',0,'announcement',4,'2026-06-09 08:31:13'),(33,624,NULL,'Announcement: wsas','zsx','info',0,'announcement',4,'2026-06-09 08:31:13'),(34,625,NULL,'Announcement: wsas','zsx','info',0,'announcement',4,'2026-06-09 08:31:13'),(35,626,NULL,'Announcement: wsas','zsx','info',0,'announcement',4,'2026-06-09 08:31:13'),(36,627,NULL,'Announcement: wsas','zsx','info',0,'announcement',4,'2026-06-09 08:31:13'),(37,628,NULL,'Announcement: wsas','zsx','info',0,'announcement',4,'2026-06-09 08:31:13'),(38,629,NULL,'Announcement: wsas','zsx','info',0,'announcement',4,'2026-06-09 08:31:13'),(39,630,NULL,'Announcement: wsas','zsx','info',0,'announcement',4,'2026-06-09 08:31:13'),(40,631,NULL,'Announcement: wsas','zsx','info',0,'announcement',4,'2026-06-09 08:31:13'),(41,632,NULL,'Announcement: wsas','zsx','info',0,'announcement',4,'2026-06-09 08:31:13'),(42,633,NULL,'Announcement: wsas','zsx','info',0,'announcement',4,'2026-06-09 08:31:13'),(43,634,NULL,'Announcement: wsas','zsx','info',0,'announcement',4,'2026-06-09 08:31:13'),(44,635,NULL,'Announcement: wsas','zsx','info',0,'announcement',4,'2026-06-09 08:31:13'),(45,636,NULL,'Announcement: wsas','zsx','info',0,'announcement',4,'2026-06-09 08:31:13'),(46,637,NULL,'Announcement: wsas','zsx','info',0,'announcement',4,'2026-06-09 08:31:13'),(47,638,NULL,'Announcement: wsas','zsx','info',0,'announcement',4,'2026-06-09 08:31:13'),(48,639,NULL,'Announcement: wsas','zsx','info',0,'announcement',4,'2026-06-09 08:31:13'),(49,640,NULL,'Announcement: wsas','zsx','info',0,'announcement',4,'2026-06-09 08:31:13'),(50,641,NULL,'Announcement: wsas','zsx','info',0,'announcement',4,'2026-06-09 08:31:13'),(51,642,NULL,'Announcement: wsas','zsx','info',0,'announcement',4,'2026-06-09 08:31:13'),(52,643,NULL,'Announcement: wsas','zsx','info',0,'announcement',4,'2026-06-09 08:31:13'),(53,644,NULL,'Announcement: wsas','zsx','info',0,'announcement',4,'2026-06-09 08:31:13'),(54,645,NULL,'Announcement: wsas','zsx','info',0,'announcement',4,'2026-06-09 08:31:13'),(55,646,NULL,'Announcement: wsas','zsx','info',0,'announcement',4,'2026-06-09 08:31:13'),(56,647,NULL,'Announcement: wsas','zsx','info',0,'announcement',4,'2026-06-09 08:31:13'),(57,648,NULL,'Announcement: wsas','zsx','info',0,'announcement',4,'2026-06-09 08:31:13'),(58,2065,NULL,'Announcement: wsas','zsx','info',1,'announcement',4,'2026-06-09 08:31:13'),(59,2065,NULL,'Module Assigned','You have been assigned to CSC2122 - Database Systems for Semester 1 2025/2026.','system',1,'lecturer_module',1169,'2026-06-09 08:32:08'),(60,2,NULL,'Evaluation Window Closed','Evaluation window is now closed for Semester 1 2025/2026.','system',1,'evaluation_window',2,'2026-06-09 09:00:09'),(61,5,NULL,'Evaluation Window Closed','Evaluation window is now closed for Semester 1 2025/2026.','system',0,'evaluation_window',2,'2026-06-09 09:00:09'),(62,610,NULL,'Evaluation Window Closed','Evaluation window is now closed for Semester 1 2025/2026.','system',0,'evaluation_window',2,'2026-06-09 09:00:09'),(63,611,NULL,'Evaluation Window Closed','Evaluation window is now closed for Semester 1 2025/2026.','system',0,'evaluation_window',2,'2026-06-09 09:00:09'),(64,612,NULL,'Evaluation Window Closed','Evaluation window is now closed for Semester 1 2025/2026.','system',0,'evaluation_window',2,'2026-06-09 09:00:09'),(65,613,NULL,'Evaluation Window Closed','Evaluation window is now closed for Semester 1 2025/2026.','system',0,'evaluation_window',2,'2026-06-09 09:00:09'),(66,614,NULL,'Evaluation Window Closed','Evaluation window is now closed for Semester 1 2025/2026.','system',0,'evaluation_window',2,'2026-06-09 09:00:09'),(67,615,NULL,'Evaluation Window Closed','Evaluation window is now closed for Semester 1 2025/2026.','system',0,'evaluation_window',2,'2026-06-09 09:00:09'),(68,616,NULL,'Evaluation Window Closed','Evaluation window is now closed for Semester 1 2025/2026.','system',0,'evaluation_window',2,'2026-06-09 09:00:09'),(69,617,NULL,'Evaluation Window Closed','Evaluation window is now closed for Semester 1 2025/2026.','system',0,'evaluation_window',2,'2026-06-09 09:00:09'),(70,618,NULL,'Evaluation Window Closed','Evaluation window is now closed for Semester 1 2025/2026.','system',0,'evaluation_window',2,'2026-06-09 09:00:09'),(71,619,NULL,'Evaluation Window Closed','Evaluation window is now closed for Semester 1 2025/2026.','system',0,'evaluation_window',2,'2026-06-09 09:00:09'),(72,620,NULL,'Evaluation Window Closed','Evaluation window is now closed for Semester 1 2025/2026.','system',0,'evaluation_window',2,'2026-06-09 09:00:09'),(73,621,NULL,'Evaluation Window Closed','Evaluation window is now closed for Semester 1 2025/2026.','system',0,'evaluation_window',2,'2026-06-09 09:00:09'),(74,622,NULL,'Evaluation Window Closed','Evaluation window is now closed for Semester 1 2025/2026.','system',0,'evaluation_window',2,'2026-06-09 09:00:09'),(75,623,NULL,'Evaluation Window Closed','Evaluation window is now closed for Semester 1 2025/2026.','system',0,'evaluation_window',2,'2026-06-09 09:00:09'),(76,624,NULL,'Evaluation Window Closed','Evaluation window is now closed for Semester 1 2025/2026.','system',0,'evaluation_window',2,'2026-06-09 09:00:09'),(77,625,NULL,'Evaluation Window Closed','Evaluation window is now closed for Semester 1 2025/2026.','system',0,'evaluation_window',2,'2026-06-09 09:00:09'),(78,626,NULL,'Evaluation Window Closed','Evaluation window is now closed for Semester 1 2025/2026.','system',0,'evaluation_window',2,'2026-06-09 09:00:09'),(79,627,NULL,'Evaluation Window Closed','Evaluation window is now closed for Semester 1 2025/2026.','system',0,'evaluation_window',2,'2026-06-09 09:00:09'),(80,628,NULL,'Evaluation Window Closed','Evaluation window is now closed for Semester 1 2025/2026.','system',0,'evaluation_window',2,'2026-06-09 09:00:09'),(81,629,NULL,'Evaluation Window Closed','Evaluation window is now closed for Semester 1 2025/2026.','system',0,'evaluation_window',2,'2026-06-09 09:00:09'),(82,630,NULL,'Evaluation Window Closed','Evaluation window is now closed for Semester 1 2025/2026.','system',0,'evaluation_window',2,'2026-06-09 09:00:09'),(83,631,NULL,'Evaluation Window Closed','Evaluation window is now closed for Semester 1 2025/2026.','system',0,'evaluation_window',2,'2026-06-09 09:00:09'),(84,632,NULL,'Evaluation Window Closed','Evaluation window is now closed for Semester 1 2025/2026.','system',0,'evaluation_window',2,'2026-06-09 09:00:09'),(85,633,NULL,'Evaluation Window Closed','Evaluation window is now closed for Semester 1 2025/2026.','system',0,'evaluation_window',2,'2026-06-09 09:00:09'),(86,634,NULL,'Evaluation Window Closed','Evaluation window is now closed for Semester 1 2025/2026.','system',0,'evaluation_window',2,'2026-06-09 09:00:09'),(87,635,NULL,'Evaluation Window Closed','Evaluation window is now closed for Semester 1 2025/2026.','system',0,'evaluation_window',2,'2026-06-09 09:00:09'),(88,636,NULL,'Evaluation Window Closed','Evaluation window is now closed for Semester 1 2025/2026.','system',0,'evaluation_window',2,'2026-06-09 09:00:09'),(89,637,NULL,'Evaluation Window Closed','Evaluation window is now closed for Semester 1 2025/2026.','system',0,'evaluation_window',2,'2026-06-09 09:00:09'),(90,638,NULL,'Evaluation Window Closed','Evaluation window is now closed for Semester 1 2025/2026.','system',0,'evaluation_window',2,'2026-06-09 09:00:09'),(91,639,NULL,'Evaluation Window Closed','Evaluation window is now closed for Semester 1 2025/2026.','system',0,'evaluation_window',2,'2026-06-09 09:00:09'),(92,2,NULL,'Evaluation Window Open','Evaluation window is now open for Semester 1 2025/2026.','system',0,'evaluation_window',3,'2026-06-09 09:01:18'),(93,5,NULL,'Evaluation Window Open','Evaluation window is now open for Semester 1 2025/2026.','system',0,'evaluation_window',3,'2026-06-09 09:01:18'),(94,610,NULL,'Evaluation Window Open','Evaluation window is now open for Semester 1 2025/2026.','system',0,'evaluation_window',3,'2026-06-09 09:01:18'),(95,611,NULL,'Evaluation Window Open','Evaluation window is now open for Semester 1 2025/2026.','system',0,'evaluation_window',3,'2026-06-09 09:01:19'),(96,612,NULL,'Evaluation Window Open','Evaluation window is now open for Semester 1 2025/2026.','system',0,'evaluation_window',3,'2026-06-09 09:01:19'),(97,613,NULL,'Evaluation Window Open','Evaluation window is now open for Semester 1 2025/2026.','system',0,'evaluation_window',3,'2026-06-09 09:01:19'),(98,614,NULL,'Evaluation Window Open','Evaluation window is now open for Semester 1 2025/2026.','system',0,'evaluation_window',3,'2026-06-09 09:01:19'),(99,615,NULL,'Evaluation Window Open','Evaluation window is now open for Semester 1 2025/2026.','system',0,'evaluation_window',3,'2026-06-09 09:01:19'),(100,616,NULL,'Evaluation Window Open','Evaluation window is now open for Semester 1 2025/2026.','system',0,'evaluation_window',3,'2026-06-09 09:01:19'),(101,617,NULL,'Evaluation Window Open','Evaluation window is now open for Semester 1 2025/2026.','system',0,'evaluation_window',3,'2026-06-09 09:01:19'),(102,618,NULL,'Evaluation Window Open','Evaluation window is now open for Semester 1 2025/2026.','system',0,'evaluation_window',3,'2026-06-09 09:01:19'),(103,619,NULL,'Evaluation Window Open','Evaluation window is now open for Semester 1 2025/2026.','system',0,'evaluation_window',3,'2026-06-09 09:01:19'),(104,620,NULL,'Evaluation Window Open','Evaluation window is now open for Semester 1 2025/2026.','system',0,'evaluation_window',3,'2026-06-09 09:01:19'),(105,621,NULL,'Evaluation Window Open','Evaluation window is now open for Semester 1 2025/2026.','system',0,'evaluation_window',3,'2026-06-09 09:01:19'),(106,622,NULL,'Evaluation Window Open','Evaluation window is now open for Semester 1 2025/2026.','system',0,'evaluation_window',3,'2026-06-09 09:01:19'),(107,623,NULL,'Evaluation Window Open','Evaluation window is now open for Semester 1 2025/2026.','system',0,'evaluation_window',3,'2026-06-09 09:01:19'),(108,624,NULL,'Evaluation Window Open','Evaluation window is now open for Semester 1 2025/2026.','system',0,'evaluation_window',3,'2026-06-09 09:01:19'),(109,625,NULL,'Evaluation Window Open','Evaluation window is now open for Semester 1 2025/2026.','system',0,'evaluation_window',3,'2026-06-09 09:01:19'),(110,626,NULL,'Evaluation Window Open','Evaluation window is now open for Semester 1 2025/2026.','system',0,'evaluation_window',3,'2026-06-09 09:01:19'),(111,627,NULL,'Evaluation Window Open','Evaluation window is now open for Semester 1 2025/2026.','system',0,'evaluation_window',3,'2026-06-09 09:01:19'),(112,628,NULL,'Evaluation Window Open','Evaluation window is now open for Semester 1 2025/2026.','system',0,'evaluation_window',3,'2026-06-09 09:01:19'),(113,629,NULL,'Evaluation Window Open','Evaluation window is now open for Semester 1 2025/2026.','system',0,'evaluation_window',3,'2026-06-09 09:01:19'),(114,630,NULL,'Evaluation Window Open','Evaluation window is now open for Semester 1 2025/2026.','system',0,'evaluation_window',3,'2026-06-09 09:01:19'),(115,631,NULL,'Evaluation Window Open','Evaluation window is now open for Semester 1 2025/2026.','system',0,'evaluation_window',3,'2026-06-09 09:01:19'),(116,632,NULL,'Evaluation Window Open','Evaluation window is now open for Semester 1 2025/2026.','system',0,'evaluation_window',3,'2026-06-09 09:01:19'),(117,633,NULL,'Evaluation Window Open','Evaluation window is now open for Semester 1 2025/2026.','system',0,'evaluation_window',3,'2026-06-09 09:01:19'),(118,634,NULL,'Evaluation Window Open','Evaluation window is now open for Semester 1 2025/2026.','system',0,'evaluation_window',3,'2026-06-09 09:01:19'),(119,635,NULL,'Evaluation Window Open','Evaluation window is now open for Semester 1 2025/2026.','system',0,'evaluation_window',3,'2026-06-09 09:01:19'),(120,636,NULL,'Evaluation Window Open','Evaluation window is now open for Semester 1 2025/2026.','system',0,'evaluation_window',3,'2026-06-09 09:01:19'),(121,637,NULL,'Evaluation Window Open','Evaluation window is now open for Semester 1 2025/2026.','system',0,'evaluation_window',3,'2026-06-09 09:01:19'),(122,638,NULL,'Evaluation Window Open','Evaluation window is now open for Semester 1 2025/2026.','system',0,'evaluation_window',3,'2026-06-09 09:01:19'),(123,639,NULL,'Evaluation Window Open','Evaluation window is now open for Semester 1 2025/2026.','system',0,'evaluation_window',3,'2026-06-09 09:01:19'),(124,2,NULL,'Evaluation Window Closed','Evaluation window is now closed for Semester 1 2025/2026.','system',0,'evaluation_window',3,'2026-06-09 09:03:33'),(125,5,NULL,'Evaluation Window Closed','Evaluation window is now closed for Semester 1 2025/2026.','system',0,'evaluation_window',3,'2026-06-09 09:03:33'),(126,610,NULL,'Evaluation Window Closed','Evaluation window is now closed for Semester 1 2025/2026.','system',0,'evaluation_window',3,'2026-06-09 09:03:33'),(127,611,NULL,'Evaluation Window Closed','Evaluation window is now closed for Semester 1 2025/2026.','system',0,'evaluation_window',3,'2026-06-09 09:03:33'),(128,612,NULL,'Evaluation Window Closed','Evaluation window is now closed for Semester 1 2025/2026.','system',0,'evaluation_window',3,'2026-06-09 09:03:33'),(129,613,NULL,'Evaluation Window Closed','Evaluation window is now closed for Semester 1 2025/2026.','system',0,'evaluation_window',3,'2026-06-09 09:03:33'),(130,614,NULL,'Evaluation Window Closed','Evaluation window is now closed for Semester 1 2025/2026.','system',0,'evaluation_window',3,'2026-06-09 09:03:33'),(131,615,NULL,'Evaluation Window Closed','Evaluation window is now closed for Semester 1 2025/2026.','system',0,'evaluation_window',3,'2026-06-09 09:03:33'),(132,616,NULL,'Evaluation Window Closed','Evaluation window is now closed for Semester 1 2025/2026.','system',0,'evaluation_window',3,'2026-06-09 09:03:33'),(133,617,NULL,'Evaluation Window Closed','Evaluation window is now closed for Semester 1 2025/2026.','system',0,'evaluation_window',3,'2026-06-09 09:03:33'),(134,618,NULL,'Evaluation Window Closed','Evaluation window is now closed for Semester 1 2025/2026.','system',0,'evaluation_window',3,'2026-06-09 09:03:33'),(135,619,NULL,'Evaluation Window Closed','Evaluation window is now closed for Semester 1 2025/2026.','system',0,'evaluation_window',3,'2026-06-09 09:03:33'),(136,620,NULL,'Evaluation Window Closed','Evaluation window is now closed for Semester 1 2025/2026.','system',0,'evaluation_window',3,'2026-06-09 09:03:33'),(137,621,NULL,'Evaluation Window Closed','Evaluation window is now closed for Semester 1 2025/2026.','system',0,'evaluation_window',3,'2026-06-09 09:03:33'),(138,622,NULL,'Evaluation Window Closed','Evaluation window is now closed for Semester 1 2025/2026.','system',0,'evaluation_window',3,'2026-06-09 09:03:33'),(139,623,NULL,'Evaluation Window Closed','Evaluation window is now closed for Semester 1 2025/2026.','system',0,'evaluation_window',3,'2026-06-09 09:03:33'),(140,624,NULL,'Evaluation Window Closed','Evaluation window is now closed for Semester 1 2025/2026.','system',0,'evaluation_window',3,'2026-06-09 09:03:33'),(141,625,NULL,'Evaluation Window Closed','Evaluation window is now closed for Semester 1 2025/2026.','system',0,'evaluation_window',3,'2026-06-09 09:03:33'),(142,626,NULL,'Evaluation Window Closed','Evaluation window is now closed for Semester 1 2025/2026.','system',0,'evaluation_window',3,'2026-06-09 09:03:33'),(143,627,NULL,'Evaluation Window Closed','Evaluation window is now closed for Semester 1 2025/2026.','system',0,'evaluation_window',3,'2026-06-09 09:03:33'),(144,628,NULL,'Evaluation Window Closed','Evaluation window is now closed for Semester 1 2025/2026.','system',0,'evaluation_window',3,'2026-06-09 09:03:33'),(145,629,NULL,'Evaluation Window Closed','Evaluation window is now closed for Semester 1 2025/2026.','system',0,'evaluation_window',3,'2026-06-09 09:03:33'),(146,630,NULL,'Evaluation Window Closed','Evaluation window is now closed for Semester 1 2025/2026.','system',0,'evaluation_window',3,'2026-06-09 09:03:33'),(147,631,NULL,'Evaluation Window Closed','Evaluation window is now closed for Semester 1 2025/2026.','system',0,'evaluation_window',3,'2026-06-09 09:03:33'),(148,632,NULL,'Evaluation Window Closed','Evaluation window is now closed for Semester 1 2025/2026.','system',0,'evaluation_window',3,'2026-06-09 09:03:33'),(149,633,NULL,'Evaluation Window Closed','Evaluation window is now closed for Semester 1 2025/2026.','system',0,'evaluation_window',3,'2026-06-09 09:03:33'),(150,634,NULL,'Evaluation Window Closed','Evaluation window is now closed for Semester 1 2025/2026.','system',0,'evaluation_window',3,'2026-06-09 09:03:33'),(151,635,NULL,'Evaluation Window Closed','Evaluation window is now closed for Semester 1 2025/2026.','system',0,'evaluation_window',3,'2026-06-09 09:03:33'),(152,636,NULL,'Evaluation Window Closed','Evaluation window is now closed for Semester 1 2025/2026.','system',0,'evaluation_window',3,'2026-06-09 09:03:33'),(153,637,NULL,'Evaluation Window Closed','Evaluation window is now closed for Semester 1 2025/2026.','system',0,'evaluation_window',3,'2026-06-09 09:03:33'),(154,638,NULL,'Evaluation Window Closed','Evaluation window is now closed for Semester 1 2025/2026.','system',0,'evaluation_window',3,'2026-06-09 09:03:33'),(155,639,NULL,'Evaluation Window Closed','Evaluation window is now closed for Semester 1 2025/2026.','system',0,'evaluation_window',3,'2026-06-09 09:03:33'),(156,2,NULL,'Evaluation Window Reopened','Evaluation window has been reopened for 2025/2026.','system',0,'evaluation_window',3,'2026-06-09 09:27:15'),(157,5,NULL,'Evaluation Window Reopened','Evaluation window has been reopened for 2025/2026.','system',0,'evaluation_window',3,'2026-06-09 09:27:15'),(158,610,NULL,'Evaluation Window Reopened','Evaluation window has been reopened for 2025/2026.','system',0,'evaluation_window',3,'2026-06-09 09:27:15'),(159,611,NULL,'Evaluation Window Reopened','Evaluation window has been reopened for 2025/2026.','system',0,'evaluation_window',3,'2026-06-09 09:27:15'),(160,612,NULL,'Evaluation Window Reopened','Evaluation window has been reopened for 2025/2026.','system',0,'evaluation_window',3,'2026-06-09 09:27:15'),(161,613,NULL,'Evaluation Window Reopened','Evaluation window has been reopened for 2025/2026.','system',0,'evaluation_window',3,'2026-06-09 09:27:15'),(162,614,NULL,'Evaluation Window Reopened','Evaluation window has been reopened for 2025/2026.','system',0,'evaluation_window',3,'2026-06-09 09:27:15'),(163,615,NULL,'Evaluation Window Reopened','Evaluation window has been reopened for 2025/2026.','system',0,'evaluation_window',3,'2026-06-09 09:27:15'),(164,616,NULL,'Evaluation Window Reopened','Evaluation window has been reopened for 2025/2026.','system',0,'evaluation_window',3,'2026-06-09 09:27:15'),(165,617,NULL,'Evaluation Window Reopened','Evaluation window has been reopened for 2025/2026.','system',0,'evaluation_window',3,'2026-06-09 09:27:15'),(166,618,NULL,'Evaluation Window Reopened','Evaluation window has been reopened for 2025/2026.','system',0,'evaluation_window',3,'2026-06-09 09:27:15'),(167,619,NULL,'Evaluation Window Reopened','Evaluation window has been reopened for 2025/2026.','system',0,'evaluation_window',3,'2026-06-09 09:27:15'),(168,620,NULL,'Evaluation Window Reopened','Evaluation window has been reopened for 2025/2026.','system',0,'evaluation_window',3,'2026-06-09 09:27:15'),(169,621,NULL,'Evaluation Window Reopened','Evaluation window has been reopened for 2025/2026.','system',0,'evaluation_window',3,'2026-06-09 09:27:15'),(170,622,NULL,'Evaluation Window Reopened','Evaluation window has been reopened for 2025/2026.','system',0,'evaluation_window',3,'2026-06-09 09:27:15'),(171,623,NULL,'Evaluation Window Reopened','Evaluation window has been reopened for 2025/2026.','system',0,'evaluation_window',3,'2026-06-09 09:27:15'),(172,624,NULL,'Evaluation Window Reopened','Evaluation window has been reopened for 2025/2026.','system',0,'evaluation_window',3,'2026-06-09 09:27:15'),(173,625,NULL,'Evaluation Window Reopened','Evaluation window has been reopened for 2025/2026.','system',0,'evaluation_window',3,'2026-06-09 09:27:15'),(174,626,NULL,'Evaluation Window Reopened','Evaluation window has been reopened for 2025/2026.','system',0,'evaluation_window',3,'2026-06-09 09:27:15'),(175,627,NULL,'Evaluation Window Reopened','Evaluation window has been reopened for 2025/2026.','system',0,'evaluation_window',3,'2026-06-09 09:27:15'),(176,628,NULL,'Evaluation Window Reopened','Evaluation window has been reopened for 2025/2026.','system',0,'evaluation_window',3,'2026-06-09 09:27:15'),(177,629,NULL,'Evaluation Window Reopened','Evaluation window has been reopened for 2025/2026.','system',0,'evaluation_window',3,'2026-06-09 09:27:15'),(178,630,NULL,'Evaluation Window Reopened','Evaluation window has been reopened for 2025/2026.','system',0,'evaluation_window',3,'2026-06-09 09:27:15'),(179,631,NULL,'Evaluation Window Reopened','Evaluation window has been reopened for 2025/2026.','system',0,'evaluation_window',3,'2026-06-09 09:27:15'),(180,632,NULL,'Evaluation Window Reopened','Evaluation window has been reopened for 2025/2026.','system',0,'evaluation_window',3,'2026-06-09 09:27:15'),(181,633,NULL,'Evaluation Window Reopened','Evaluation window has been reopened for 2025/2026.','system',0,'evaluation_window',3,'2026-06-09 09:27:15'),(182,634,NULL,'Evaluation Window Reopened','Evaluation window has been reopened for 2025/2026.','system',0,'evaluation_window',3,'2026-06-09 09:27:15'),(183,635,NULL,'Evaluation Window Reopened','Evaluation window has been reopened for 2025/2026.','system',0,'evaluation_window',3,'2026-06-09 09:27:15'),(184,636,NULL,'Evaluation Window Reopened','Evaluation window has been reopened for 2025/2026.','system',0,'evaluation_window',3,'2026-06-09 09:27:15'),(185,637,NULL,'Evaluation Window Reopened','Evaluation window has been reopened for 2025/2026.','system',0,'evaluation_window',3,'2026-06-09 09:27:15'),(186,638,NULL,'Evaluation Window Reopened','Evaluation window has been reopened for 2025/2026.','system',0,'evaluation_window',3,'2026-06-09 09:27:15'),(187,639,NULL,'Evaluation Window Reopened','Evaluation window has been reopened for 2025/2026.','system',0,'evaluation_window',3,'2026-06-09 09:27:15'),(188,2,NULL,'Evaluation Window Closed','Evaluation window is now closed for Semester 1 2025/2026.','system',0,'evaluation_window',3,'2026-06-09 09:27:34'),(189,5,NULL,'Evaluation Window Closed','Evaluation window is now closed for Semester 1 2025/2026.','system',0,'evaluation_window',3,'2026-06-09 09:27:34'),(190,610,NULL,'Evaluation Window Closed','Evaluation window is now closed for Semester 1 2025/2026.','system',0,'evaluation_window',3,'2026-06-09 09:27:34'),(191,611,NULL,'Evaluation Window Closed','Evaluation window is now closed for Semester 1 2025/2026.','system',0,'evaluation_window',3,'2026-06-09 09:27:34'),(192,612,NULL,'Evaluation Window Closed','Evaluation window is now closed for Semester 1 2025/2026.','system',0,'evaluation_window',3,'2026-06-09 09:27:34'),(193,613,NULL,'Evaluation Window Closed','Evaluation window is now closed for Semester 1 2025/2026.','system',0,'evaluation_window',3,'2026-06-09 09:27:34'),(194,614,NULL,'Evaluation Window Closed','Evaluation window is now closed for Semester 1 2025/2026.','system',0,'evaluation_window',3,'2026-06-09 09:27:34'),(195,615,NULL,'Evaluation Window Closed','Evaluation window is now closed for Semester 1 2025/2026.','system',0,'evaluation_window',3,'2026-06-09 09:27:34'),(196,616,NULL,'Evaluation Window Closed','Evaluation window is now closed for Semester 1 2025/2026.','system',0,'evaluation_window',3,'2026-06-09 09:27:34'),(197,617,NULL,'Evaluation Window Closed','Evaluation window is now closed for Semester 1 2025/2026.','system',0,'evaluation_window',3,'2026-06-09 09:27:34'),(198,618,NULL,'Evaluation Window Closed','Evaluation window is now closed for Semester 1 2025/2026.','system',0,'evaluation_window',3,'2026-06-09 09:27:34'),(199,619,NULL,'Evaluation Window Closed','Evaluation window is now closed for Semester 1 2025/2026.','system',0,'evaluation_window',3,'2026-06-09 09:27:34'),(200,620,NULL,'Evaluation Window Closed','Evaluation window is now closed for Semester 1 2025/2026.','system',0,'evaluation_window',3,'2026-06-09 09:27:34'),(201,621,NULL,'Evaluation Window Closed','Evaluation window is now closed for Semester 1 2025/2026.','system',0,'evaluation_window',3,'2026-06-09 09:27:34'),(202,622,NULL,'Evaluation Window Closed','Evaluation window is now closed for Semester 1 2025/2026.','system',0,'evaluation_window',3,'2026-06-09 09:27:34'),(203,623,NULL,'Evaluation Window Closed','Evaluation window is now closed for Semester 1 2025/2026.','system',0,'evaluation_window',3,'2026-06-09 09:27:34'),(204,624,NULL,'Evaluation Window Closed','Evaluation window is now closed for Semester 1 2025/2026.','system',0,'evaluation_window',3,'2026-06-09 09:27:34'),(205,625,NULL,'Evaluation Window Closed','Evaluation window is now closed for Semester 1 2025/2026.','system',0,'evaluation_window',3,'2026-06-09 09:27:34'),(206,626,NULL,'Evaluation Window Closed','Evaluation window is now closed for Semester 1 2025/2026.','system',0,'evaluation_window',3,'2026-06-09 09:27:34'),(207,627,NULL,'Evaluation Window Closed','Evaluation window is now closed for Semester 1 2025/2026.','system',0,'evaluation_window',3,'2026-06-09 09:27:34'),(208,628,NULL,'Evaluation Window Closed','Evaluation window is now closed for Semester 1 2025/2026.','system',0,'evaluation_window',3,'2026-06-09 09:27:34'),(209,629,NULL,'Evaluation Window Closed','Evaluation window is now closed for Semester 1 2025/2026.','system',0,'evaluation_window',3,'2026-06-09 09:27:34'),(210,630,NULL,'Evaluation Window Closed','Evaluation window is now closed for Semester 1 2025/2026.','system',0,'evaluation_window',3,'2026-06-09 09:27:34'),(211,631,NULL,'Evaluation Window Closed','Evaluation window is now closed for Semester 1 2025/2026.','system',0,'evaluation_window',3,'2026-06-09 09:27:34'),(212,632,NULL,'Evaluation Window Closed','Evaluation window is now closed for Semester 1 2025/2026.','system',0,'evaluation_window',3,'2026-06-09 09:27:34'),(213,633,NULL,'Evaluation Window Closed','Evaluation window is now closed for Semester 1 2025/2026.','system',0,'evaluation_window',3,'2026-06-09 09:27:34'),(214,634,NULL,'Evaluation Window Closed','Evaluation window is now closed for Semester 1 2025/2026.','system',0,'evaluation_window',3,'2026-06-09 09:27:34'),(215,635,NULL,'Evaluation Window Closed','Evaluation window is now closed for Semester 1 2025/2026.','system',0,'evaluation_window',3,'2026-06-09 09:27:34'),(216,636,NULL,'Evaluation Window Closed','Evaluation window is now closed for Semester 1 2025/2026.','system',0,'evaluation_window',3,'2026-06-09 09:27:34'),(217,637,NULL,'Evaluation Window Closed','Evaluation window is now closed for Semester 1 2025/2026.','system',0,'evaluation_window',3,'2026-06-09 09:27:34'),(218,638,NULL,'Evaluation Window Closed','Evaluation window is now closed for Semester 1 2025/2026.','system',0,'evaluation_window',3,'2026-06-09 09:27:34'),(219,639,NULL,'Evaluation Window Closed','Evaluation window is now closed for Semester 1 2025/2026.','system',0,'evaluation_window',3,'2026-06-09 09:27:34'),(220,2,NULL,'Evaluation Window Open','Evaluation window is now open for Semester 1 2025/2026.','system',0,'evaluation_window',4,'2026-06-09 09:27:42'),(221,5,NULL,'Evaluation Window Open','Evaluation window is now open for Semester 1 2025/2026.','system',0,'evaluation_window',4,'2026-06-09 09:27:42'),(222,610,NULL,'Evaluation Window Open','Evaluation window is now open for Semester 1 2025/2026.','system',0,'evaluation_window',4,'2026-06-09 09:27:42'),(223,611,NULL,'Evaluation Window Open','Evaluation window is now open for Semester 1 2025/2026.','system',0,'evaluation_window',4,'2026-06-09 09:27:42'),(224,612,NULL,'Evaluation Window Open','Evaluation window is now open for Semester 1 2025/2026.','system',0,'evaluation_window',4,'2026-06-09 09:27:42'),(225,613,NULL,'Evaluation Window Open','Evaluation window is now open for Semester 1 2025/2026.','system',0,'evaluation_window',4,'2026-06-09 09:27:42'),(226,614,NULL,'Evaluation Window Open','Evaluation window is now open for Semester 1 2025/2026.','system',0,'evaluation_window',4,'2026-06-09 09:27:42'),(227,615,NULL,'Evaluation Window Open','Evaluation window is now open for Semester 1 2025/2026.','system',0,'evaluation_window',4,'2026-06-09 09:27:42'),(228,616,NULL,'Evaluation Window Open','Evaluation window is now open for Semester 1 2025/2026.','system',0,'evaluation_window',4,'2026-06-09 09:27:42'),(229,617,NULL,'Evaluation Window Open','Evaluation window is now open for Semester 1 2025/2026.','system',0,'evaluation_window',4,'2026-06-09 09:27:42'),(230,618,NULL,'Evaluation Window Open','Evaluation window is now open for Semester 1 2025/2026.','system',0,'evaluation_window',4,'2026-06-09 09:27:42'),(231,619,NULL,'Evaluation Window Open','Evaluation window is now open for Semester 1 2025/2026.','system',0,'evaluation_window',4,'2026-06-09 09:27:42'),(232,620,NULL,'Evaluation Window Open','Evaluation window is now open for Semester 1 2025/2026.','system',0,'evaluation_window',4,'2026-06-09 09:27:42'),(233,621,NULL,'Evaluation Window Open','Evaluation window is now open for Semester 1 2025/2026.','system',0,'evaluation_window',4,'2026-06-09 09:27:42'),(234,622,NULL,'Evaluation Window Open','Evaluation window is now open for Semester 1 2025/2026.','system',0,'evaluation_window',4,'2026-06-09 09:27:42'),(235,623,NULL,'Evaluation Window Open','Evaluation window is now open for Semester 1 2025/2026.','system',0,'evaluation_window',4,'2026-06-09 09:27:42'),(236,624,NULL,'Evaluation Window Open','Evaluation window is now open for Semester 1 2025/2026.','system',0,'evaluation_window',4,'2026-06-09 09:27:42'),(237,625,NULL,'Evaluation Window Open','Evaluation window is now open for Semester 1 2025/2026.','system',0,'evaluation_window',4,'2026-06-09 09:27:42'),(238,626,NULL,'Evaluation Window Open','Evaluation window is now open for Semester 1 2025/2026.','system',0,'evaluation_window',4,'2026-06-09 09:27:42'),(239,627,NULL,'Evaluation Window Open','Evaluation window is now open for Semester 1 2025/2026.','system',0,'evaluation_window',4,'2026-06-09 09:27:42'),(240,628,NULL,'Evaluation Window Open','Evaluation window is now open for Semester 1 2025/2026.','system',0,'evaluation_window',4,'2026-06-09 09:27:42'),(241,629,NULL,'Evaluation Window Open','Evaluation window is now open for Semester 1 2025/2026.','system',0,'evaluation_window',4,'2026-06-09 09:27:42'),(242,630,NULL,'Evaluation Window Open','Evaluation window is now open for Semester 1 2025/2026.','system',0,'evaluation_window',4,'2026-06-09 09:27:42'),(243,631,NULL,'Evaluation Window Open','Evaluation window is now open for Semester 1 2025/2026.','system',0,'evaluation_window',4,'2026-06-09 09:27:42'),(244,632,NULL,'Evaluation Window Open','Evaluation window is now open for Semester 1 2025/2026.','system',0,'evaluation_window',4,'2026-06-09 09:27:42'),(245,633,NULL,'Evaluation Window Open','Evaluation window is now open for Semester 1 2025/2026.','system',0,'evaluation_window',4,'2026-06-09 09:27:42'),(246,634,NULL,'Evaluation Window Open','Evaluation window is now open for Semester 1 2025/2026.','system',0,'evaluation_window',4,'2026-06-09 09:27:42'),(247,635,NULL,'Evaluation Window Open','Evaluation window is now open for Semester 1 2025/2026.','system',0,'evaluation_window',4,'2026-06-09 09:27:42'),(248,636,NULL,'Evaluation Window Open','Evaluation window is now open for Semester 1 2025/2026.','system',0,'evaluation_window',4,'2026-06-09 09:27:42'),(249,637,NULL,'Evaluation Window Open','Evaluation window is now open for Semester 1 2025/2026.','system',0,'evaluation_window',4,'2026-06-09 09:27:42'),(250,638,NULL,'Evaluation Window Open','Evaluation window is now open for Semester 1 2025/2026.','system',0,'evaluation_window',4,'2026-06-09 09:27:42'),(251,639,NULL,'Evaluation Window Open','Evaluation window is now open for Semester 1 2025/2026.','system',0,'evaluation_window',4,'2026-06-09 09:27:42'),(252,3,NULL,'Demo System Ready','The LES demo database has users, modules, evaluation data, and notifications for testing.','system',1,'demo_seed',NULL,'2026-06-09 14:05:26'),(253,5,NULL,'Evaluation Window Open','You can submit lecturer evaluations for Semester 1 - 2025/2026.','info',0,'demo_seed',NULL,'2026-06-09 14:05:26'),(254,10,NULL,'Module Assignment','You have demo module assignments and sample evaluation charts available.','info',0,'demo_seed',NULL,'2026-06-09 14:05:26'),(255,167,NULL,'Department Analytics Ready','Sample department evaluation data is available for dashboard testing.','info',0,'demo_seed',NULL,'2026-06-09 14:05:26'),(256,237,NULL,'Faculty Analytics Ready','Sample faculty-wide evaluation data is available for dashboard testing.','info',1,'demo_seed',NULL,'2026-06-09 14:05:26'),(257,2065,NULL,'mkm','knjn','success',1,NULL,NULL,'2026-06-09 14:12:29'),(258,2065,NULL,'New Evaluation Submitted','A theory evaluation was submitted for CSC2122 - Database Systems.','info',0,'evaluation_submission',118,'2026-06-09 15:01:46'),(259,2,NULL,'Evaluation Submitted','Your theory evaluation for Dr. Denuri was submitted successfully.','success',0,'evaluation_submission',118,'2026-06-09 15:01:46'),(260,169,NULL,'Department Evaluation Submitted','A theory evaluation was submitted for Dr. Denuri in Department of Computer Science.','info',0,'evaluation_submission',118,'2026-06-09 15:01:46'),(261,2065,NULL,'New Evaluation Submitted','A practical evaluation was submitted for CSC2122 - Database Systems.','info',1,'evaluation_submission',119,'2026-06-09 15:11:17'),(262,2,NULL,'Evaluation Submitted','Your practical evaluation for Dr. Denuri was submitted successfully.','success',0,'evaluation_submission',119,'2026-06-09 15:11:17'),(263,169,NULL,'Department Evaluation Submitted','A practical evaluation was submitted for Dr. Denuri in Department of Computer Science.','info',0,'evaluation_submission',119,'2026-06-09 15:11:17'),(264,5216,NULL,'LES Account Created','Your LES account has been created. Please log in with your University ID and default password.','success',0,'user',5216,'2026-06-27 14:31:58'),(265,5216,NULL,'Account Activated','Your LES account has been activated.','success',0,'user',5216,'2026-06-27 14:37:30'),(266,5357,NULL,'LES Account Created','Your LES account has been created. Please check your email for the temporary password and change it after logging in.','success',0,'user',5357,'2026-06-27 14:40:29'),(267,3,NULL,'New Password Reset Request','New password reset request from LE123s5556.','warning',1,'password_reset_request',3,'2026-06-27 14:42:24'),(268,5357,NULL,'Password Reset Approved','Your password reset request was approved. Please check your email for the temporary password and change it immediately.','success',0,'password_reset_request',3,'2026-06-27 14:57:29'),(269,3,NULL,'New Password Reset Request','New password reset request from LE123s5556.','warning',1,'password_reset_request',4,'2026-06-27 14:57:43'),(270,5357,NULL,'Password Reset Approved','Your password reset request was approved. Please check your email for the temporary password and change it immediately.','success',0,'password_reset_request',4,'2026-06-27 15:39:01'),(271,3,NULL,'New Peer Evaluation Uploaded','A new peer evaluation has been submitted by Dr. Malsha Weerasinghe.','info',1,'peer_evaluation_upload',1,'2026-07-02 16:54:38'),(272,3,NULL,'New Peer Evaluation Uploaded','A new peer evaluation has been submitted by Dr. Kasun Silva.','info',1,'peer_evaluation_upload',2,'2026-07-02 17:32:54'),(273,3,NULL,'New Peer Evaluation Uploaded','A new peer evaluation has been submitted by Dr. Ruwan Bandara.','info',1,'peer_evaluation_upload',3,'2026-07-02 17:33:05'),(274,3,NULL,'New Peer Evaluation Uploaded','A new peer evaluation has been submitted by Dr. Ruwan Bandara.','info',1,'peer_evaluation_upload',4,'2026-07-02 17:45:44'),(275,3,NULL,'New Peer Evaluation Uploaded','A new peer evaluation has been submitted by Dr. Malsha Weerasinghe.','info',1,'peer_evaluation_upload',5,'2026-07-02 17:46:01'),(276,8,NULL,'Peer Evaluation Assignment Cancelled','Your assignment to evaluate Dr. Nimal Jayasinghe for 2025/2026 has been cancelled.','warning',0,NULL,NULL,'2026-07-02 17:50:51'),(277,9,NULL,'Peer Evaluation Assignment Cancelled','Your assignment to evaluate Dr. Nimal Jayasinghe for 2025/2026 has been cancelled.','warning',0,NULL,NULL,'2026-07-02 17:50:51'),(278,4,NULL,'Peer Evaluation Assignment Cancelled','Your assignment to evaluate Dr. Nimal Jayasinghe for 2025/2026 has been cancelled.','warning',0,NULL,NULL,'2026-07-02 17:50:51'),(279,6,NULL,'Peer Evaluation Assignment Removed','Your assignment to evaluate Dr. Tharushi Fernando for 2025/2026 has been reassigned to someone else.','warning',0,NULL,NULL,'2026-07-02 17:51:48'),(280,8,NULL,'New Peer Evaluation Assignment','You have been assigned to evaluate Dr. Tharushi Fernando for the 2025/2026 academic year.','info',0,NULL,NULL,'2026-07-02 17:51:48'),(281,9,NULL,'New Peer Evaluation Assignment','You have been assigned to evaluate Dr. Tharushi Fernando for the 2025/2026 academic year.','info',1,NULL,NULL,'2026-07-02 17:51:48'),(282,9,NULL,'Peer Evaluation Status Updated','Your peer evaluation upload status has been changed to \'accepted\'.','success',0,'peer_evaluation_upload',5,'2026-07-02 17:52:55'),(283,11,NULL,'Peer Evaluation Status Updated','Your peer evaluation upload status has been changed to \'accepted\'.','success',0,'peer_evaluation_upload',4,'2026-07-02 17:52:57'),(284,9,NULL,'Peer Evaluation Status Updated','Your peer evaluation upload status has been changed to \'rejected\'.','info',0,'peer_evaluation_upload',5,'2026-07-02 17:58:22'),(285,3,NULL,'New Peer Evaluation Uploaded','A new peer evaluation has been submitted by Dr. Malsha Weerasinghe.','info',1,'peer_evaluation_upload',6,'2026-07-02 17:58:46'),(286,9,NULL,'Peer Evaluation Status Updated','Your peer evaluation upload status has been changed to \'rejected\'.','info',0,'peer_evaluation_upload',6,'2026-07-02 18:15:23'),(287,3,NULL,'New Peer Evaluation Uploaded','A new peer evaluation has been submitted by Dr. Malsha Weerasinghe.','info',1,'peer_evaluation_upload',7,'2026-07-02 18:15:39'),(288,1,NULL,'Evaluation Submitted','Your evaluations were submitted successfully.','success',0,'evaluation_submission',272,'2026-07-12 16:06:18'),(289,2,NULL,'Evaluation Submitted','Your evaluations were submitted successfully.','success',0,'evaluation_submission',273,'2026-07-12 16:28:23'),(290,10,NULL,'Module Assigned','You have been assigned to CSC1122 - Programming Fundamentals for Semester 1 2025/2026.','system',0,'lecturer_module',3396,'2026-07-12 16:51:25'),(291,645,NULL,'Module Assigned','You have been assigned to CSC2122 - Database Systems for Semester 1 2025/2026.','system',0,'lecturer_module',3397,'2026-07-12 16:51:37'),(292,1,NULL,'Evaluation Submitted','Your evaluations were submitted successfully.','success',0,'evaluation_submission',275,'2026-07-12 17:01:07'),(293,2,NULL,'Evaluation Submitted','Your evaluations were submitted successfully.','success',0,'evaluation_submission',276,'2026-07-12 17:06:13'),(294,2,NULL,'Evaluation Submitted','Your evaluations were submitted successfully.','success',0,'evaluation_submission',278,'2026-07-12 17:12:09'),(295,2,NULL,'Evaluation Submitted','Your evaluations were submitted successfully.','success',0,'evaluation_submission',280,'2026-07-12 18:11:25'),(296,1,NULL,'Evaluation Window Closed','Evaluation window is now closed for Semester 1 2023/2024.','system',0,'evaluation_window',7,'2026-07-12 18:24:35'),(297,2,NULL,'Evaluation Window Closed','Evaluation window is now closed for Semester 1 2023/2024.','system',0,'evaluation_window',7,'2026-07-12 18:24:35'),(298,5,NULL,'Evaluation Window Closed','Evaluation window is now closed for Semester 1 2023/2024.','system',0,'evaluation_window',7,'2026-07-12 18:24:35'),(299,610,NULL,'Evaluation Window Closed','Evaluation window is now closed for Semester 1 2023/2024.','system',0,'evaluation_window',7,'2026-07-12 18:24:35'),(300,611,NULL,'Evaluation Window Closed','Evaluation window is now closed for Semester 1 2023/2024.','system',0,'evaluation_window',7,'2026-07-12 18:24:35'),(301,612,NULL,'Evaluation Window Closed','Evaluation window is now closed for Semester 1 2023/2024.','system',0,'evaluation_window',7,'2026-07-12 18:24:35'),(302,613,NULL,'Evaluation Window Closed','Evaluation window is now closed for Semester 1 2023/2024.','system',0,'evaluation_window',7,'2026-07-12 18:24:35'),(303,614,NULL,'Evaluation Window Closed','Evaluation window is now closed for Semester 1 2023/2024.','system',0,'evaluation_window',7,'2026-07-12 18:24:35'),(304,615,NULL,'Evaluation Window Closed','Evaluation window is now closed for Semester 1 2023/2024.','system',0,'evaluation_window',7,'2026-07-12 18:24:35'),(305,616,NULL,'Evaluation Window Closed','Evaluation window is now closed for Semester 1 2023/2024.','system',0,'evaluation_window',7,'2026-07-12 18:24:35'),(306,617,NULL,'Evaluation Window Closed','Evaluation window is now closed for Semester 1 2023/2024.','system',0,'evaluation_window',7,'2026-07-12 18:24:35'),(307,618,NULL,'Evaluation Window Closed','Evaluation window is now closed for Semester 1 2023/2024.','system',0,'evaluation_window',7,'2026-07-12 18:24:35'),(308,619,NULL,'Evaluation Window Closed','Evaluation window is now closed for Semester 1 2023/2024.','system',0,'evaluation_window',7,'2026-07-12 18:24:35'),(309,620,NULL,'Evaluation Window Closed','Evaluation window is now closed for Semester 1 2023/2024.','system',0,'evaluation_window',7,'2026-07-12 18:24:35'),(310,621,NULL,'Evaluation Window Closed','Evaluation window is now closed for Semester 1 2023/2024.','system',0,'evaluation_window',7,'2026-07-12 18:24:35'),(311,622,NULL,'Evaluation Window Closed','Evaluation window is now closed for Semester 1 2023/2024.','system',0,'evaluation_window',7,'2026-07-12 18:24:35'),(312,623,NULL,'Evaluation Window Closed','Evaluation window is now closed for Semester 1 2023/2024.','system',0,'evaluation_window',7,'2026-07-12 18:24:35'),(313,624,NULL,'Evaluation Window Closed','Evaluation window is now closed for Semester 1 2023/2024.','system',0,'evaluation_window',7,'2026-07-12 18:24:35'),(314,625,NULL,'Evaluation Window Closed','Evaluation window is now closed for Semester 1 2023/2024.','system',0,'evaluation_window',7,'2026-07-12 18:24:35'),(315,626,NULL,'Evaluation Window Closed','Evaluation window is now closed for Semester 1 2023/2024.','system',0,'evaluation_window',7,'2026-07-12 18:24:35'),(316,627,NULL,'Evaluation Window Closed','Evaluation window is now closed for Semester 1 2023/2024.','system',0,'evaluation_window',7,'2026-07-12 18:24:35'),(317,628,NULL,'Evaluation Window Closed','Evaluation window is now closed for Semester 1 2023/2024.','system',0,'evaluation_window',7,'2026-07-12 18:24:35'),(318,629,NULL,'Evaluation Window Closed','Evaluation window is now closed for Semester 1 2023/2024.','system',0,'evaluation_window',7,'2026-07-12 18:24:35'),(319,630,NULL,'Evaluation Window Closed','Evaluation window is now closed for Semester 1 2023/2024.','system',0,'evaluation_window',7,'2026-07-12 18:24:35'),(320,631,NULL,'Evaluation Window Closed','Evaluation window is now closed for Semester 1 2023/2024.','system',0,'evaluation_window',7,'2026-07-12 18:24:35'),(321,632,NULL,'Evaluation Window Closed','Evaluation window is now closed for Semester 1 2023/2024.','system',0,'evaluation_window',7,'2026-07-12 18:24:35'),(322,633,NULL,'Evaluation Window Closed','Evaluation window is now closed for Semester 1 2023/2024.','system',0,'evaluation_window',7,'2026-07-12 18:24:35'),(323,634,NULL,'Evaluation Window Closed','Evaluation window is now closed for Semester 1 2023/2024.','system',0,'evaluation_window',7,'2026-07-12 18:24:35'),(324,635,NULL,'Evaluation Window Closed','Evaluation window is now closed for Semester 1 2023/2024.','system',0,'evaluation_window',7,'2026-07-12 18:24:35'),(325,636,NULL,'Evaluation Window Closed','Evaluation window is now closed for Semester 1 2023/2024.','system',0,'evaluation_window',7,'2026-07-12 18:24:35'),(326,637,NULL,'Evaluation Window Closed','Evaluation window is now closed for Semester 1 2023/2024.','system',0,'evaluation_window',7,'2026-07-12 18:24:35'),(327,638,NULL,'Evaluation Window Closed','Evaluation window is now closed for Semester 1 2023/2024.','system',0,'evaluation_window',7,'2026-07-12 18:24:35'),(328,639,NULL,'Evaluation Window Closed','Evaluation window is now closed for Semester 1 2023/2024.','system',0,'evaluation_window',7,'2026-07-12 18:24:35'),(329,4907,NULL,'Evaluation Window Closed','Evaluation window is now closed for Semester 1 2023/2024.','system',0,'evaluation_window',7,'2026-07-12 18:24:35'),(330,4908,NULL,'Evaluation Window Closed','Evaluation window is now closed for Semester 1 2023/2024.','system',0,'evaluation_window',7,'2026-07-12 18:24:35'),(331,4909,NULL,'Evaluation Window Closed','Evaluation window is now closed for Semester 1 2023/2024.','system',0,'evaluation_window',7,'2026-07-12 18:24:35'),(332,4910,NULL,'Evaluation Window Closed','Evaluation window is now closed for Semester 1 2023/2024.','system',0,'evaluation_window',7,'2026-07-12 18:24:35'),(333,4911,NULL,'Evaluation Window Closed','Evaluation window is now closed for Semester 1 2023/2024.','system',0,'evaluation_window',7,'2026-07-12 18:24:35'),(334,4912,NULL,'Evaluation Window Closed','Evaluation window is now closed for Semester 1 2023/2024.','system',0,'evaluation_window',7,'2026-07-12 18:24:35'),(335,4913,NULL,'Evaluation Window Closed','Evaluation window is now closed for Semester 1 2023/2024.','system',0,'evaluation_window',7,'2026-07-12 18:24:35'),(336,4914,NULL,'Evaluation Window Closed','Evaluation window is now closed for Semester 1 2023/2024.','system',0,'evaluation_window',7,'2026-07-12 18:24:35'),(337,4915,NULL,'Evaluation Window Closed','Evaluation window is now closed for Semester 1 2023/2024.','system',0,'evaluation_window',7,'2026-07-12 18:24:35'),(338,4916,NULL,'Evaluation Window Closed','Evaluation window is now closed for Semester 1 2023/2024.','system',0,'evaluation_window',7,'2026-07-12 18:24:35'),(339,4917,NULL,'Evaluation Window Closed','Evaluation window is now closed for Semester 1 2023/2024.','system',0,'evaluation_window',7,'2026-07-12 18:24:35'),(340,4918,NULL,'Evaluation Window Closed','Evaluation window is now closed for Semester 1 2023/2024.','system',0,'evaluation_window',7,'2026-07-12 18:24:35'),(341,4919,NULL,'Evaluation Window Closed','Evaluation window is now closed for Semester 1 2023/2024.','system',0,'evaluation_window',7,'2026-07-12 18:24:35'),(342,4920,NULL,'Evaluation Window Closed','Evaluation window is now closed for Semester 1 2023/2024.','system',0,'evaluation_window',7,'2026-07-12 18:24:35'),(343,4921,NULL,'Evaluation Window Closed','Evaluation window is now closed for Semester 1 2023/2024.','system',0,'evaluation_window',7,'2026-07-12 18:24:35'),(344,4922,NULL,'Evaluation Window Closed','Evaluation window is now closed for Semester 1 2023/2024.','system',0,'evaluation_window',7,'2026-07-12 18:24:35'),(345,4923,NULL,'Evaluation Window Closed','Evaluation window is now closed for Semester 1 2023/2024.','system',0,'evaluation_window',7,'2026-07-12 18:24:35'),(346,4924,NULL,'Evaluation Window Closed','Evaluation window is now closed for Semester 1 2023/2024.','system',0,'evaluation_window',7,'2026-07-12 18:24:35'),(347,4925,NULL,'Evaluation Window Closed','Evaluation window is now closed for Semester 1 2023/2024.','system',0,'evaluation_window',7,'2026-07-12 18:24:35'),(348,4926,NULL,'Evaluation Window Closed','Evaluation window is now closed for Semester 1 2023/2024.','system',0,'evaluation_window',7,'2026-07-12 18:24:35'),(349,1,NULL,'Evaluation Window Closed','Evaluation window is now closed for Semester 1 2025/2026.','system',0,'evaluation_window',4,'2026-07-12 18:24:36'),(350,2,NULL,'Evaluation Window Closed','Evaluation window is now closed for Semester 1 2025/2026.','system',0,'evaluation_window',4,'2026-07-12 18:24:36'),(351,5,NULL,'Evaluation Window Closed','Evaluation window is now closed for Semester 1 2025/2026.','system',0,'evaluation_window',4,'2026-07-12 18:24:36'),(352,610,NULL,'Evaluation Window Closed','Evaluation window is now closed for Semester 1 2025/2026.','system',0,'evaluation_window',4,'2026-07-12 18:24:36'),(353,611,NULL,'Evaluation Window Closed','Evaluation window is now closed for Semester 1 2025/2026.','system',0,'evaluation_window',4,'2026-07-12 18:24:36'),(354,612,NULL,'Evaluation Window Closed','Evaluation window is now closed for Semester 1 2025/2026.','system',0,'evaluation_window',4,'2026-07-12 18:24:36'),(355,613,NULL,'Evaluation Window Closed','Evaluation window is now closed for Semester 1 2025/2026.','system',0,'evaluation_window',4,'2026-07-12 18:24:36'),(356,614,NULL,'Evaluation Window Closed','Evaluation window is now closed for Semester 1 2025/2026.','system',0,'evaluation_window',4,'2026-07-12 18:24:36'),(357,615,NULL,'Evaluation Window Closed','Evaluation window is now closed for Semester 1 2025/2026.','system',0,'evaluation_window',4,'2026-07-12 18:24:36'),(358,616,NULL,'Evaluation Window Closed','Evaluation window is now closed for Semester 1 2025/2026.','system',0,'evaluation_window',4,'2026-07-12 18:24:36'),(359,617,NULL,'Evaluation Window Closed','Evaluation window is now closed for Semester 1 2025/2026.','system',0,'evaluation_window',4,'2026-07-12 18:24:36'),(360,618,NULL,'Evaluation Window Closed','Evaluation window is now closed for Semester 1 2025/2026.','system',0,'evaluation_window',4,'2026-07-12 18:24:36'),(361,619,NULL,'Evaluation Window Closed','Evaluation window is now closed for Semester 1 2025/2026.','system',0,'evaluation_window',4,'2026-07-12 18:24:36'),(362,620,NULL,'Evaluation Window Closed','Evaluation window is now closed for Semester 1 2025/2026.','system',0,'evaluation_window',4,'2026-07-12 18:24:36'),(363,621,NULL,'Evaluation Window Closed','Evaluation window is now closed for Semester 1 2025/2026.','system',0,'evaluation_window',4,'2026-07-12 18:24:36'),(364,622,NULL,'Evaluation Window Closed','Evaluation window is now closed for Semester 1 2025/2026.','system',0,'evaluation_window',4,'2026-07-12 18:24:36'),(365,623,NULL,'Evaluation Window Closed','Evaluation window is now closed for Semester 1 2025/2026.','system',0,'evaluation_window',4,'2026-07-12 18:24:36'),(366,624,NULL,'Evaluation Window Closed','Evaluation window is now closed for Semester 1 2025/2026.','system',0,'evaluation_window',4,'2026-07-12 18:24:36'),(367,625,NULL,'Evaluation Window Closed','Evaluation window is now closed for Semester 1 2025/2026.','system',0,'evaluation_window',4,'2026-07-12 18:24:36'),(368,626,NULL,'Evaluation Window Closed','Evaluation window is now closed for Semester 1 2025/2026.','system',0,'evaluation_window',4,'2026-07-12 18:24:36'),(369,627,NULL,'Evaluation Window Closed','Evaluation window is now closed for Semester 1 2025/2026.','system',0,'evaluation_window',4,'2026-07-12 18:24:36'),(370,628,NULL,'Evaluation Window Closed','Evaluation window is now closed for Semester 1 2025/2026.','system',0,'evaluation_window',4,'2026-07-12 18:24:36'),(371,629,NULL,'Evaluation Window Closed','Evaluation window is now closed for Semester 1 2025/2026.','system',0,'evaluation_window',4,'2026-07-12 18:24:36'),(372,630,NULL,'Evaluation Window Closed','Evaluation window is now closed for Semester 1 2025/2026.','system',0,'evaluation_window',4,'2026-07-12 18:24:36'),(373,631,NULL,'Evaluation Window Closed','Evaluation window is now closed for Semester 1 2025/2026.','system',0,'evaluation_window',4,'2026-07-12 18:24:36'),(374,632,NULL,'Evaluation Window Closed','Evaluation window is now closed for Semester 1 2025/2026.','system',0,'evaluation_window',4,'2026-07-12 18:24:36'),(375,633,NULL,'Evaluation Window Closed','Evaluation window is now closed for Semester 1 2025/2026.','system',0,'evaluation_window',4,'2026-07-12 18:24:36'),(376,634,NULL,'Evaluation Window Closed','Evaluation window is now closed for Semester 1 2025/2026.','system',0,'evaluation_window',4,'2026-07-12 18:24:36'),(377,635,NULL,'Evaluation Window Closed','Evaluation window is now closed for Semester 1 2025/2026.','system',0,'evaluation_window',4,'2026-07-12 18:24:36'),(378,636,NULL,'Evaluation Window Closed','Evaluation window is now closed for Semester 1 2025/2026.','system',0,'evaluation_window',4,'2026-07-12 18:24:36'),(379,637,NULL,'Evaluation Window Closed','Evaluation window is now closed for Semester 1 2025/2026.','system',0,'evaluation_window',4,'2026-07-12 18:24:36'),(380,638,NULL,'Evaluation Window Closed','Evaluation window is now closed for Semester 1 2025/2026.','system',0,'evaluation_window',4,'2026-07-12 18:24:36'),(381,639,NULL,'Evaluation Window Closed','Evaluation window is now closed for Semester 1 2025/2026.','system',0,'evaluation_window',4,'2026-07-12 18:24:36'),(382,4907,NULL,'Evaluation Window Closed','Evaluation window is now closed for Semester 1 2025/2026.','system',0,'evaluation_window',4,'2026-07-12 18:24:36'),(383,4908,NULL,'Evaluation Window Closed','Evaluation window is now closed for Semester 1 2025/2026.','system',0,'evaluation_window',4,'2026-07-12 18:24:36'),(384,4909,NULL,'Evaluation Window Closed','Evaluation window is now closed for Semester 1 2025/2026.','system',0,'evaluation_window',4,'2026-07-12 18:24:36'),(385,4910,NULL,'Evaluation Window Closed','Evaluation window is now closed for Semester 1 2025/2026.','system',0,'evaluation_window',4,'2026-07-12 18:24:36'),(386,4911,NULL,'Evaluation Window Closed','Evaluation window is now closed for Semester 1 2025/2026.','system',0,'evaluation_window',4,'2026-07-12 18:24:36'),(387,4912,NULL,'Evaluation Window Closed','Evaluation window is now closed for Semester 1 2025/2026.','system',0,'evaluation_window',4,'2026-07-12 18:24:36'),(388,4913,NULL,'Evaluation Window Closed','Evaluation window is now closed for Semester 1 2025/2026.','system',0,'evaluation_window',4,'2026-07-12 18:24:36'),(389,4914,NULL,'Evaluation Window Closed','Evaluation window is now closed for Semester 1 2025/2026.','system',0,'evaluation_window',4,'2026-07-12 18:24:36'),(390,4915,NULL,'Evaluation Window Closed','Evaluation window is now closed for Semester 1 2025/2026.','system',0,'evaluation_window',4,'2026-07-12 18:24:36'),(391,4916,NULL,'Evaluation Window Closed','Evaluation window is now closed for Semester 1 2025/2026.','system',0,'evaluation_window',4,'2026-07-12 18:24:36'),(392,4917,NULL,'Evaluation Window Closed','Evaluation window is now closed for Semester 1 2025/2026.','system',0,'evaluation_window',4,'2026-07-12 18:24:36'),(393,4918,NULL,'Evaluation Window Closed','Evaluation window is now closed for Semester 1 2025/2026.','system',0,'evaluation_window',4,'2026-07-12 18:24:36'),(394,4919,NULL,'Evaluation Window Closed','Evaluation window is now closed for Semester 1 2025/2026.','system',0,'evaluation_window',4,'2026-07-12 18:24:36'),(395,4920,NULL,'Evaluation Window Closed','Evaluation window is now closed for Semester 1 2025/2026.','system',0,'evaluation_window',4,'2026-07-12 18:24:36'),(396,4921,NULL,'Evaluation Window Closed','Evaluation window is now closed for Semester 1 2025/2026.','system',0,'evaluation_window',4,'2026-07-12 18:24:36'),(397,4922,NULL,'Evaluation Window Closed','Evaluation window is now closed for Semester 1 2025/2026.','system',0,'evaluation_window',4,'2026-07-12 18:24:36'),(398,4923,NULL,'Evaluation Window Closed','Evaluation window is now closed for Semester 1 2025/2026.','system',0,'evaluation_window',4,'2026-07-12 18:24:36'),(399,4924,NULL,'Evaluation Window Closed','Evaluation window is now closed for Semester 1 2025/2026.','system',0,'evaluation_window',4,'2026-07-12 18:24:36'),(400,4925,NULL,'Evaluation Window Closed','Evaluation window is now closed for Semester 1 2025/2026.','system',0,'evaluation_window',4,'2026-07-12 18:24:36'),(401,4926,NULL,'Evaluation Window Closed','Evaluation window is now closed for Semester 1 2025/2026.','system',0,'evaluation_window',4,'2026-07-12 18:24:36'),(402,1,NULL,'Evaluation Window Reopened','Evaluation window has been reopened for 2025/2026.','system',0,'evaluation_window',4,'2026-07-12 18:24:47'),(403,2,NULL,'Evaluation Window Reopened','Evaluation window has been reopened for 2025/2026.','system',0,'evaluation_window',4,'2026-07-12 18:24:47'),(404,5,NULL,'Evaluation Window Reopened','Evaluation window has been reopened for 2025/2026.','system',0,'evaluation_window',4,'2026-07-12 18:24:47'),(405,610,NULL,'Evaluation Window Reopened','Evaluation window has been reopened for 2025/2026.','system',0,'evaluation_window',4,'2026-07-12 18:24:47'),(406,611,NULL,'Evaluation Window Reopened','Evaluation window has been reopened for 2025/2026.','system',0,'evaluation_window',4,'2026-07-12 18:24:47'),(407,612,NULL,'Evaluation Window Reopened','Evaluation window has been reopened for 2025/2026.','system',0,'evaluation_window',4,'2026-07-12 18:24:47'),(408,613,NULL,'Evaluation Window Reopened','Evaluation window has been reopened for 2025/2026.','system',0,'evaluation_window',4,'2026-07-12 18:24:47'),(409,614,NULL,'Evaluation Window Reopened','Evaluation window has been reopened for 2025/2026.','system',0,'evaluation_window',4,'2026-07-12 18:24:47'),(410,615,NULL,'Evaluation Window Reopened','Evaluation window has been reopened for 2025/2026.','system',0,'evaluation_window',4,'2026-07-12 18:24:47'),(411,616,NULL,'Evaluation Window Reopened','Evaluation window has been reopened for 2025/2026.','system',0,'evaluation_window',4,'2026-07-12 18:24:47'),(412,617,NULL,'Evaluation Window Reopened','Evaluation window has been reopened for 2025/2026.','system',0,'evaluation_window',4,'2026-07-12 18:24:47'),(413,618,NULL,'Evaluation Window Reopened','Evaluation window has been reopened for 2025/2026.','system',0,'evaluation_window',4,'2026-07-12 18:24:47'),(414,619,NULL,'Evaluation Window Reopened','Evaluation window has been reopened for 2025/2026.','system',0,'evaluation_window',4,'2026-07-12 18:24:47'),(415,620,NULL,'Evaluation Window Reopened','Evaluation window has been reopened for 2025/2026.','system',0,'evaluation_window',4,'2026-07-12 18:24:47'),(416,621,NULL,'Evaluation Window Reopened','Evaluation window has been reopened for 2025/2026.','system',0,'evaluation_window',4,'2026-07-12 18:24:47'),(417,622,NULL,'Evaluation Window Reopened','Evaluation window has been reopened for 2025/2026.','system',0,'evaluation_window',4,'2026-07-12 18:24:47'),(418,623,NULL,'Evaluation Window Reopened','Evaluation window has been reopened for 2025/2026.','system',0,'evaluation_window',4,'2026-07-12 18:24:47'),(419,624,NULL,'Evaluation Window Reopened','Evaluation window has been reopened for 2025/2026.','system',0,'evaluation_window',4,'2026-07-12 18:24:47'),(420,625,NULL,'Evaluation Window Reopened','Evaluation window has been reopened for 2025/2026.','system',0,'evaluation_window',4,'2026-07-12 18:24:47'),(421,626,NULL,'Evaluation Window Reopened','Evaluation window has been reopened for 2025/2026.','system',0,'evaluation_window',4,'2026-07-12 18:24:47'),(422,627,NULL,'Evaluation Window Reopened','Evaluation window has been reopened for 2025/2026.','system',0,'evaluation_window',4,'2026-07-12 18:24:47'),(423,628,NULL,'Evaluation Window Reopened','Evaluation window has been reopened for 2025/2026.','system',0,'evaluation_window',4,'2026-07-12 18:24:47'),(424,629,NULL,'Evaluation Window Reopened','Evaluation window has been reopened for 2025/2026.','system',0,'evaluation_window',4,'2026-07-12 18:24:47'),(425,630,NULL,'Evaluation Window Reopened','Evaluation window has been reopened for 2025/2026.','system',0,'evaluation_window',4,'2026-07-12 18:24:47'),(426,631,NULL,'Evaluation Window Reopened','Evaluation window has been reopened for 2025/2026.','system',0,'evaluation_window',4,'2026-07-12 18:24:47'),(427,632,NULL,'Evaluation Window Reopened','Evaluation window has been reopened for 2025/2026.','system',0,'evaluation_window',4,'2026-07-12 18:24:47'),(428,633,NULL,'Evaluation Window Reopened','Evaluation window has been reopened for 2025/2026.','system',0,'evaluation_window',4,'2026-07-12 18:24:47'),(429,634,NULL,'Evaluation Window Reopened','Evaluation window has been reopened for 2025/2026.','system',0,'evaluation_window',4,'2026-07-12 18:24:47'),(430,635,NULL,'Evaluation Window Reopened','Evaluation window has been reopened for 2025/2026.','system',0,'evaluation_window',4,'2026-07-12 18:24:47'),(431,636,NULL,'Evaluation Window Reopened','Evaluation window has been reopened for 2025/2026.','system',0,'evaluation_window',4,'2026-07-12 18:24:47'),(432,637,NULL,'Evaluation Window Reopened','Evaluation window has been reopened for 2025/2026.','system',0,'evaluation_window',4,'2026-07-12 18:24:47'),(433,638,NULL,'Evaluation Window Reopened','Evaluation window has been reopened for 2025/2026.','system',0,'evaluation_window',4,'2026-07-12 18:24:47'),(434,639,NULL,'Evaluation Window Reopened','Evaluation window has been reopened for 2025/2026.','system',0,'evaluation_window',4,'2026-07-12 18:24:47'),(435,4907,NULL,'Evaluation Window Reopened','Evaluation window has been reopened for 2025/2026.','system',0,'evaluation_window',4,'2026-07-12 18:24:47'),(436,4908,NULL,'Evaluation Window Reopened','Evaluation window has been reopened for 2025/2026.','system',0,'evaluation_window',4,'2026-07-12 18:24:47'),(437,4909,NULL,'Evaluation Window Reopened','Evaluation window has been reopened for 2025/2026.','system',0,'evaluation_window',4,'2026-07-12 18:24:47'),(438,4910,NULL,'Evaluation Window Reopened','Evaluation window has been reopened for 2025/2026.','system',0,'evaluation_window',4,'2026-07-12 18:24:47'),(439,4911,NULL,'Evaluation Window Reopened','Evaluation window has been reopened for 2025/2026.','system',0,'evaluation_window',4,'2026-07-12 18:24:47'),(440,4912,NULL,'Evaluation Window Reopened','Evaluation window has been reopened for 2025/2026.','system',0,'evaluation_window',4,'2026-07-12 18:24:47'),(441,4913,NULL,'Evaluation Window Reopened','Evaluation window has been reopened for 2025/2026.','system',0,'evaluation_window',4,'2026-07-12 18:24:47'),(442,4914,NULL,'Evaluation Window Reopened','Evaluation window has been reopened for 2025/2026.','system',0,'evaluation_window',4,'2026-07-12 18:24:47'),(443,4915,NULL,'Evaluation Window Reopened','Evaluation window has been reopened for 2025/2026.','system',0,'evaluation_window',4,'2026-07-12 18:24:47'),(444,4916,NULL,'Evaluation Window Reopened','Evaluation window has been reopened for 2025/2026.','system',0,'evaluation_window',4,'2026-07-12 18:24:47'),(445,4917,NULL,'Evaluation Window Reopened','Evaluation window has been reopened for 2025/2026.','system',0,'evaluation_window',4,'2026-07-12 18:24:47'),(446,4918,NULL,'Evaluation Window Reopened','Evaluation window has been reopened for 2025/2026.','system',0,'evaluation_window',4,'2026-07-12 18:24:47'),(447,4919,NULL,'Evaluation Window Reopened','Evaluation window has been reopened for 2025/2026.','system',0,'evaluation_window',4,'2026-07-12 18:24:47'),(448,4920,NULL,'Evaluation Window Reopened','Evaluation window has been reopened for 2025/2026.','system',0,'evaluation_window',4,'2026-07-12 18:24:47'),(449,4921,NULL,'Evaluation Window Reopened','Evaluation window has been reopened for 2025/2026.','system',0,'evaluation_window',4,'2026-07-12 18:24:47'),(450,4922,NULL,'Evaluation Window Reopened','Evaluation window has been reopened for 2025/2026.','system',0,'evaluation_window',4,'2026-07-12 18:24:47'),(451,4923,NULL,'Evaluation Window Reopened','Evaluation window has been reopened for 2025/2026.','system',0,'evaluation_window',4,'2026-07-12 18:24:47'),(452,4924,NULL,'Evaluation Window Reopened','Evaluation window has been reopened for 2025/2026.','system',0,'evaluation_window',4,'2026-07-12 18:24:47'),(453,4925,NULL,'Evaluation Window Reopened','Evaluation window has been reopened for 2025/2026.','system',0,'evaluation_window',4,'2026-07-12 18:24:47'),(454,4926,NULL,'Evaluation Window Reopened','Evaluation window has been reopened for 2025/2026.','system',0,'evaluation_window',4,'2026-07-12 18:24:47'),(455,1,NULL,'Evaluation Window Open','Evaluation window is now open for Semester 1  2023/2024.','system',0,'evaluation_window',8,'2026-07-12 18:30:01'),(456,2,NULL,'Evaluation Window Open','Evaluation window is now open for Semester 1  2023/2024.','system',0,'evaluation_window',8,'2026-07-12 18:30:01'),(457,5,NULL,'Evaluation Window Open','Evaluation window is now open for Semester 1  2023/2024.','system',0,'evaluation_window',8,'2026-07-12 18:30:01'),(458,610,NULL,'Evaluation Window Open','Evaluation window is now open for Semester 1  2023/2024.','system',0,'evaluation_window',8,'2026-07-12 18:30:01'),(459,611,NULL,'Evaluation Window Open','Evaluation window is now open for Semester 1  2023/2024.','system',0,'evaluation_window',8,'2026-07-12 18:30:01'),(460,612,NULL,'Evaluation Window Open','Evaluation window is now open for Semester 1  2023/2024.','system',0,'evaluation_window',8,'2026-07-12 18:30:01'),(461,613,NULL,'Evaluation Window Open','Evaluation window is now open for Semester 1  2023/2024.','system',0,'evaluation_window',8,'2026-07-12 18:30:01'),(462,614,NULL,'Evaluation Window Open','Evaluation window is now open for Semester 1  2023/2024.','system',0,'evaluation_window',8,'2026-07-12 18:30:01'),(463,615,NULL,'Evaluation Window Open','Evaluation window is now open for Semester 1  2023/2024.','system',0,'evaluation_window',8,'2026-07-12 18:30:01'),(464,616,NULL,'Evaluation Window Open','Evaluation window is now open for Semester 1  2023/2024.','system',0,'evaluation_window',8,'2026-07-12 18:30:01'),(465,617,NULL,'Evaluation Window Open','Evaluation window is now open for Semester 1  2023/2024.','system',0,'evaluation_window',8,'2026-07-12 18:30:01'),(466,618,NULL,'Evaluation Window Open','Evaluation window is now open for Semester 1  2023/2024.','system',0,'evaluation_window',8,'2026-07-12 18:30:01'),(467,619,NULL,'Evaluation Window Open','Evaluation window is now open for Semester 1  2023/2024.','system',0,'evaluation_window',8,'2026-07-12 18:30:01'),(468,620,NULL,'Evaluation Window Open','Evaluation window is now open for Semester 1  2023/2024.','system',0,'evaluation_window',8,'2026-07-12 18:30:01'),(469,621,NULL,'Evaluation Window Open','Evaluation window is now open for Semester 1  2023/2024.','system',0,'evaluation_window',8,'2026-07-12 18:30:01'),(470,622,NULL,'Evaluation Window Open','Evaluation window is now open for Semester 1  2023/2024.','system',0,'evaluation_window',8,'2026-07-12 18:30:01'),(471,623,NULL,'Evaluation Window Open','Evaluation window is now open for Semester 1  2023/2024.','system',0,'evaluation_window',8,'2026-07-12 18:30:01'),(472,624,NULL,'Evaluation Window Open','Evaluation window is now open for Semester 1  2023/2024.','system',0,'evaluation_window',8,'2026-07-12 18:30:01'),(473,625,NULL,'Evaluation Window Open','Evaluation window is now open for Semester 1  2023/2024.','system',0,'evaluation_window',8,'2026-07-12 18:30:01'),(474,626,NULL,'Evaluation Window Open','Evaluation window is now open for Semester 1  2023/2024.','system',0,'evaluation_window',8,'2026-07-12 18:30:01'),(475,627,NULL,'Evaluation Window Open','Evaluation window is now open for Semester 1  2023/2024.','system',0,'evaluation_window',8,'2026-07-12 18:30:01'),(476,628,NULL,'Evaluation Window Open','Evaluation window is now open for Semester 1  2023/2024.','system',0,'evaluation_window',8,'2026-07-12 18:30:01'),(477,629,NULL,'Evaluation Window Open','Evaluation window is now open for Semester 1  2023/2024.','system',0,'evaluation_window',8,'2026-07-12 18:30:01'),(478,630,NULL,'Evaluation Window Open','Evaluation window is now open for Semester 1  2023/2024.','system',0,'evaluation_window',8,'2026-07-12 18:30:01'),(479,631,NULL,'Evaluation Window Open','Evaluation window is now open for Semester 1  2023/2024.','system',0,'evaluation_window',8,'2026-07-12 18:30:01'),(480,632,NULL,'Evaluation Window Open','Evaluation window is now open for Semester 1  2023/2024.','system',0,'evaluation_window',8,'2026-07-12 18:30:01'),(481,633,NULL,'Evaluation Window Open','Evaluation window is now open for Semester 1  2023/2024.','system',0,'evaluation_window',8,'2026-07-12 18:30:01'),(482,634,NULL,'Evaluation Window Open','Evaluation window is now open for Semester 1  2023/2024.','system',0,'evaluation_window',8,'2026-07-12 18:30:01'),(483,635,NULL,'Evaluation Window Open','Evaluation window is now open for Semester 1  2023/2024.','system',0,'evaluation_window',8,'2026-07-12 18:30:01'),(484,636,NULL,'Evaluation Window Open','Evaluation window is now open for Semester 1  2023/2024.','system',0,'evaluation_window',8,'2026-07-12 18:30:01'),(485,637,NULL,'Evaluation Window Open','Evaluation window is now open for Semester 1  2023/2024.','system',0,'evaluation_window',8,'2026-07-12 18:30:01'),(486,638,NULL,'Evaluation Window Open','Evaluation window is now open for Semester 1  2023/2024.','system',0,'evaluation_window',8,'2026-07-12 18:30:01'),(487,639,NULL,'Evaluation Window Open','Evaluation window is now open for Semester 1  2023/2024.','system',0,'evaluation_window',8,'2026-07-12 18:30:01'),(488,4907,NULL,'Evaluation Window Open','Evaluation window is now open for Semester 1  2023/2024.','system',0,'evaluation_window',8,'2026-07-12 18:30:01'),(489,4908,NULL,'Evaluation Window Open','Evaluation window is now open for Semester 1  2023/2024.','system',0,'evaluation_window',8,'2026-07-12 18:30:01'),(490,4909,NULL,'Evaluation Window Open','Evaluation window is now open for Semester 1  2023/2024.','system',0,'evaluation_window',8,'2026-07-12 18:30:01'),(491,4910,NULL,'Evaluation Window Open','Evaluation window is now open for Semester 1  2023/2024.','system',0,'evaluation_window',8,'2026-07-12 18:30:01'),(492,4911,NULL,'Evaluation Window Open','Evaluation window is now open for Semester 1  2023/2024.','system',0,'evaluation_window',8,'2026-07-12 18:30:01'),(493,4912,NULL,'Evaluation Window Open','Evaluation window is now open for Semester 1  2023/2024.','system',0,'evaluation_window',8,'2026-07-12 18:30:01'),(494,4913,NULL,'Evaluation Window Open','Evaluation window is now open for Semester 1  2023/2024.','system',0,'evaluation_window',8,'2026-07-12 18:30:01'),(495,4914,NULL,'Evaluation Window Open','Evaluation window is now open for Semester 1  2023/2024.','system',0,'evaluation_window',8,'2026-07-12 18:30:01'),(496,4915,NULL,'Evaluation Window Open','Evaluation window is now open for Semester 1  2023/2024.','system',0,'evaluation_window',8,'2026-07-12 18:30:01'),(497,4916,NULL,'Evaluation Window Open','Evaluation window is now open for Semester 1  2023/2024.','system',0,'evaluation_window',8,'2026-07-12 18:30:01'),(498,4917,NULL,'Evaluation Window Open','Evaluation window is now open for Semester 1  2023/2024.','system',0,'evaluation_window',8,'2026-07-12 18:30:01'),(499,4918,NULL,'Evaluation Window Open','Evaluation window is now open for Semester 1  2023/2024.','system',0,'evaluation_window',8,'2026-07-12 18:30:02'),(500,4919,NULL,'Evaluation Window Open','Evaluation window is now open for Semester 1  2023/2024.','system',0,'evaluation_window',8,'2026-07-12 18:30:02'),(501,4920,NULL,'Evaluation Window Open','Evaluation window is now open for Semester 1  2023/2024.','system',0,'evaluation_window',8,'2026-07-12 18:30:02'),(502,4921,NULL,'Evaluation Window Open','Evaluation window is now open for Semester 1  2023/2024.','system',0,'evaluation_window',8,'2026-07-12 18:30:02'),(503,4922,NULL,'Evaluation Window Open','Evaluation window is now open for Semester 1  2023/2024.','system',0,'evaluation_window',8,'2026-07-12 18:30:02'),(504,4923,NULL,'Evaluation Window Open','Evaluation window is now open for Semester 1  2023/2024.','system',0,'evaluation_window',8,'2026-07-12 18:30:02'),(505,4924,NULL,'Evaluation Window Open','Evaluation window is now open for Semester 1  2023/2024.','system',0,'evaluation_window',8,'2026-07-12 18:30:02'),(506,4925,NULL,'Evaluation Window Open','Evaluation window is now open for Semester 1  2023/2024.','system',0,'evaluation_window',8,'2026-07-12 18:30:02'),(507,4926,NULL,'Evaluation Window Open','Evaluation window is now open for Semester 1  2023/2024.','system',0,'evaluation_window',8,'2026-07-12 18:30:02'),(508,1,NULL,'Evaluation Window Open','Evaluation window is now open for Semester 1 2025/2026.','system',0,'evaluation_window',9,'2026-07-12 18:35:33'),(509,2,NULL,'Evaluation Window Open','Evaluation window is now open for Semester 1 2025/2026.','system',0,'evaluation_window',9,'2026-07-12 18:35:33'),(510,5,NULL,'Evaluation Window Open','Evaluation window is now open for Semester 1 2025/2026.','system',0,'evaluation_window',9,'2026-07-12 18:35:33'),(511,610,NULL,'Evaluation Window Open','Evaluation window is now open for Semester 1 2025/2026.','system',0,'evaluation_window',9,'2026-07-12 18:35:33'),(512,611,NULL,'Evaluation Window Open','Evaluation window is now open for Semester 1 2025/2026.','system',0,'evaluation_window',9,'2026-07-12 18:35:33'),(513,612,NULL,'Evaluation Window Open','Evaluation window is now open for Semester 1 2025/2026.','system',0,'evaluation_window',9,'2026-07-12 18:35:33'),(514,613,NULL,'Evaluation Window Open','Evaluation window is now open for Semester 1 2025/2026.','system',0,'evaluation_window',9,'2026-07-12 18:35:33'),(515,614,NULL,'Evaluation Window Open','Evaluation window is now open for Semester 1 2025/2026.','system',0,'evaluation_window',9,'2026-07-12 18:35:33'),(516,615,NULL,'Evaluation Window Open','Evaluation window is now open for Semester 1 2025/2026.','system',0,'evaluation_window',9,'2026-07-12 18:35:33'),(517,616,NULL,'Evaluation Window Open','Evaluation window is now open for Semester 1 2025/2026.','system',0,'evaluation_window',9,'2026-07-12 18:35:33'),(518,617,NULL,'Evaluation Window Open','Evaluation window is now open for Semester 1 2025/2026.','system',0,'evaluation_window',9,'2026-07-12 18:35:33'),(519,618,NULL,'Evaluation Window Open','Evaluation window is now open for Semester 1 2025/2026.','system',0,'evaluation_window',9,'2026-07-12 18:35:33'),(520,619,NULL,'Evaluation Window Open','Evaluation window is now open for Semester 1 2025/2026.','system',0,'evaluation_window',9,'2026-07-12 18:35:33'),(521,620,NULL,'Evaluation Window Open','Evaluation window is now open for Semester 1 2025/2026.','system',0,'evaluation_window',9,'2026-07-12 18:35:33'),(522,621,NULL,'Evaluation Window Open','Evaluation window is now open for Semester 1 2025/2026.','system',0,'evaluation_window',9,'2026-07-12 18:35:33'),(523,622,NULL,'Evaluation Window Open','Evaluation window is now open for Semester 1 2025/2026.','system',0,'evaluation_window',9,'2026-07-12 18:35:33'),(524,623,NULL,'Evaluation Window Open','Evaluation window is now open for Semester 1 2025/2026.','system',0,'evaluation_window',9,'2026-07-12 18:35:33'),(525,624,NULL,'Evaluation Window Open','Evaluation window is now open for Semester 1 2025/2026.','system',0,'evaluation_window',9,'2026-07-12 18:35:33'),(526,625,NULL,'Evaluation Window Open','Evaluation window is now open for Semester 1 2025/2026.','system',0,'evaluation_window',9,'2026-07-12 18:35:33'),(527,626,NULL,'Evaluation Window Open','Evaluation window is now open for Semester 1 2025/2026.','system',0,'evaluation_window',9,'2026-07-12 18:35:33'),(528,627,NULL,'Evaluation Window Open','Evaluation window is now open for Semester 1 2025/2026.','system',0,'evaluation_window',9,'2026-07-12 18:35:33'),(529,628,NULL,'Evaluation Window Open','Evaluation window is now open for Semester 1 2025/2026.','system',0,'evaluation_window',9,'2026-07-12 18:35:33'),(530,629,NULL,'Evaluation Window Open','Evaluation window is now open for Semester 1 2025/2026.','system',0,'evaluation_window',9,'2026-07-12 18:35:33'),(531,630,NULL,'Evaluation Window Open','Evaluation window is now open for Semester 1 2025/2026.','system',0,'evaluation_window',9,'2026-07-12 18:35:33'),(532,631,NULL,'Evaluation Window Open','Evaluation window is now open for Semester 1 2025/2026.','system',0,'evaluation_window',9,'2026-07-12 18:35:33'),(533,632,NULL,'Evaluation Window Open','Evaluation window is now open for Semester 1 2025/2026.','system',0,'evaluation_window',9,'2026-07-12 18:35:33'),(534,633,NULL,'Evaluation Window Open','Evaluation window is now open for Semester 1 2025/2026.','system',0,'evaluation_window',9,'2026-07-12 18:35:33'),(535,634,NULL,'Evaluation Window Open','Evaluation window is now open for Semester 1 2025/2026.','system',0,'evaluation_window',9,'2026-07-12 18:35:33'),(536,635,NULL,'Evaluation Window Open','Evaluation window is now open for Semester 1 2025/2026.','system',0,'evaluation_window',9,'2026-07-12 18:35:33'),(537,636,NULL,'Evaluation Window Open','Evaluation window is now open for Semester 1 2025/2026.','system',0,'evaluation_window',9,'2026-07-12 18:35:33'),(538,637,NULL,'Evaluation Window Open','Evaluation window is now open for Semester 1 2025/2026.','system',0,'evaluation_window',9,'2026-07-12 18:35:33'),(539,638,NULL,'Evaluation Window Open','Evaluation window is now open for Semester 1 2025/2026.','system',0,'evaluation_window',9,'2026-07-12 18:35:33'),(540,639,NULL,'Evaluation Window Open','Evaluation window is now open for Semester 1 2025/2026.','system',0,'evaluation_window',9,'2026-07-12 18:35:33'),(541,4907,NULL,'Evaluation Window Open','Evaluation window is now open for Semester 1 2025/2026.','system',0,'evaluation_window',9,'2026-07-12 18:35:33'),(542,4908,NULL,'Evaluation Window Open','Evaluation window is now open for Semester 1 2025/2026.','system',0,'evaluation_window',9,'2026-07-12 18:35:33'),(543,4909,NULL,'Evaluation Window Open','Evaluation window is now open for Semester 1 2025/2026.','system',0,'evaluation_window',9,'2026-07-12 18:35:33'),(544,4910,NULL,'Evaluation Window Open','Evaluation window is now open for Semester 1 2025/2026.','system',0,'evaluation_window',9,'2026-07-12 18:35:33'),(545,4911,NULL,'Evaluation Window Open','Evaluation window is now open for Semester 1 2025/2026.','system',0,'evaluation_window',9,'2026-07-12 18:35:33'),(546,4912,NULL,'Evaluation Window Open','Evaluation window is now open for Semester 1 2025/2026.','system',0,'evaluation_window',9,'2026-07-12 18:35:33'),(547,4913,NULL,'Evaluation Window Open','Evaluation window is now open for Semester 1 2025/2026.','system',0,'evaluation_window',9,'2026-07-12 18:35:33'),(548,4914,NULL,'Evaluation Window Open','Evaluation window is now open for Semester 1 2025/2026.','system',0,'evaluation_window',9,'2026-07-12 18:35:33'),(549,4915,NULL,'Evaluation Window Open','Evaluation window is now open for Semester 1 2025/2026.','system',0,'evaluation_window',9,'2026-07-12 18:35:33'),(550,4916,NULL,'Evaluation Window Open','Evaluation window is now open for Semester 1 2025/2026.','system',0,'evaluation_window',9,'2026-07-12 18:35:33'),(551,4917,NULL,'Evaluation Window Open','Evaluation window is now open for Semester 1 2025/2026.','system',0,'evaluation_window',9,'2026-07-12 18:35:33'),(552,4918,NULL,'Evaluation Window Open','Evaluation window is now open for Semester 1 2025/2026.','system',0,'evaluation_window',9,'2026-07-12 18:35:33'),(553,4919,NULL,'Evaluation Window Open','Evaluation window is now open for Semester 1 2025/2026.','system',0,'evaluation_window',9,'2026-07-12 18:35:33'),(554,4920,NULL,'Evaluation Window Open','Evaluation window is now open for Semester 1 2025/2026.','system',0,'evaluation_window',9,'2026-07-12 18:35:33'),(555,4921,NULL,'Evaluation Window Open','Evaluation window is now open for Semester 1 2025/2026.','system',0,'evaluation_window',9,'2026-07-12 18:35:33'),(556,4922,NULL,'Evaluation Window Open','Evaluation window is now open for Semester 1 2025/2026.','system',0,'evaluation_window',9,'2026-07-12 18:35:33'),(557,4923,NULL,'Evaluation Window Open','Evaluation window is now open for Semester 1 2025/2026.','system',0,'evaluation_window',9,'2026-07-12 18:35:33'),(558,4924,NULL,'Evaluation Window Open','Evaluation window is now open for Semester 1 2025/2026.','system',0,'evaluation_window',9,'2026-07-12 18:35:33'),(559,4925,NULL,'Evaluation Window Open','Evaluation window is now open for Semester 1 2025/2026.','system',0,'evaluation_window',9,'2026-07-12 18:35:33'),(560,4926,NULL,'Evaluation Window Open','Evaluation window is now open for Semester 1 2025/2026.','system',0,'evaluation_window',9,'2026-07-12 18:35:33'),(561,2,NULL,'Evaluation Submitted','Your evaluations were submitted successfully.','success',0,'evaluation_submission',281,'2026-07-12 18:36:31'),(562,3,NULL,'New Password Reset Request','New password reset request from SC/2022/0002.','warning',1,'password_reset_request',5,'2026-07-13 15:01:25'),(563,3,NULL,'New Password Reset Request','New password reset request from LE123.','warning',1,'password_reset_request',6,'2026-07-13 16:03:23'),(564,2,NULL,'Evaluation Submitted','Your evaluations were submitted successfully.','success',0,'evaluation_submission',540,'2026-07-13 16:06:13'),(565,2065,NULL,'Password Reset Approved','Your password reset request was approved. Please check your email for the temporary password and change it immediately.','success',0,'password_reset_request',6,'2026-07-13 16:16:57'),(566,3,NULL,'New Password Reset Request','New password reset request from HOD005.','warning',1,'password_reset_request',7,'2026-07-14 04:30:17'),(567,167,NULL,'Password Reset Approved','Your password reset request was approved. Please check your email for the temporary password and change it immediately.','success',0,'password_reset_request',7,'2026-07-14 04:30:55'),(568,19828,NULL,'LES Account Created','Your LES account has been created. Please check your email for the temporary password and change it after logging in.','success',0,'user',19828,'2026-07-14 05:15:06'),(569,2,NULL,'Evaluation Submitted','Your evaluations were submitted successfully.','success',0,'evaluation_submission',542,'2026-07-14 14:50:24'),(570,3,NULL,'New Peer Evaluation Uploaded','A new peer evaluation has been submitted by Dr. Malsha Weerasinghe.','info',1,'peer_evaluation_upload',8,'2026-07-14 15:02:03'),(571,10,NULL,'Supervision Report Updated','Your supervision report \"sab\" status has been updated to rejected.\n\nAdmin Comment: not good','error',1,'supervision_report',1,'2026-07-14 16:09:33'),(572,3,NULL,'New Supervision Report','A new supervision report has been submitted by Dr. Malsha Weerasinghe.','info',1,'supervision_report',3,'2026-07-14 16:42:14'),(573,9,NULL,'Supervision Report Updated','Your supervision report \"sdsw\" status has been updated to rejected.\n\nAdmin Comment: not good','error',0,'supervision_report',3,'2026-07-14 16:42:51'),(574,9,NULL,'Supervision Report Updated','Your supervision report \"sdsw\" status has been updated to rejected.\n\nAdmin Comment: not good','error',0,'supervision_report',3,'2026-07-14 16:43:05'),(575,9,NULL,'Peer Evaluation Status Updated','Your peer evaluation upload status has been changed to \'accepted\'.','success',0,'peer_evaluation_upload',7,'2026-07-14 17:19:43'),(576,9,NULL,'Peer Evaluation Status Updated','Your peer evaluation upload status has been changed to \'submitted\'.','info',0,'peer_evaluation_upload',7,'2026-07-14 17:19:52'),(577,9,NULL,'Peer Evaluation Status Updated','Your peer evaluation upload status has been changed to \'accepted\'.','success',0,'peer_evaluation_upload',7,'2026-07-14 17:19:57'),(578,2065,NULL,'New Peer Evaluation Assignment','You have been assigned to evaluate Dr. Sandeepani Dias for the 2023/2024 academic year.','info',0,NULL,NULL,'2026-07-14 17:20:45'),(579,3,NULL,'New Peer Evaluation Uploaded','A new peer evaluation has been submitted by Dr. Denuri.','info',1,'peer_evaluation_upload',9,'2026-07-14 17:23:24'),(580,2065,NULL,'Peer Evaluation Status Updated','Your peer evaluation upload status has been changed to \'accepted\'.','success',0,'peer_evaluation_upload',9,'2026-07-14 17:23:50'),(581,11,NULL,'Peer Evaluation Status Updated','Your peer evaluation upload status has been changed to \'submitted\'.','info',0,'peer_evaluation_upload',4,'2026-07-14 17:23:58'),(582,3,NULL,'New Peer Evaluation Uploaded','A new peer evaluation has been submitted by Dr. Malsha Weerasinghe.','info',1,'peer_evaluation_upload',10,'2026-07-14 17:25:59'),(583,9,NULL,'Peer Evaluation Status Updated','Your peer evaluation upload status has been changed to \'accepted\'.','success',0,'peer_evaluation_upload',10,'2026-07-14 17:26:19'),(584,3,NULL,'New Supervision Report','A new supervision report has been submitted by Dr. Malsha Weerasinghe.','info',1,'supervision_report',4,'2026-07-15 10:53:10'),(585,3,NULL,'test','test msg','info',1,'supervision_report',1,'2026-07-15 11:06:06'),(586,3,NULL,'New Supervision Report','A new supervision report has been submitted by a lecturer.','info',1,'supervision_report',6,'2026-07-15 11:11:28'),(587,3,NULL,'New Supervision Report','A new supervision report has been submitted by Dr. Malsha Weerasinghe.','info',1,'supervision_report',7,'2026-07-15 11:23:36'),(588,3,NULL,'New Supervision Report','A new supervision report has been submitted by Dr. Sandeepani Dias.','info',1,'supervision_report',8,'2026-07-15 11:26:20'),(589,2,NULL,'Evaluation Submitted','Your evaluations were submitted successfully.','success',0,'evaluation_submission',545,'2026-07-16 11:08:22'),(590,3,NULL,'New Supervision Report','A new supervision report has been submitted by Dr. Malsha Weerasinghe.','info',0,'supervision_report',10,'2026-07-16 11:13:17'),(591,3,NULL,'New Supervision Report','A new supervision report has been submitted by Dr. Sandeepani Dias.','info',0,'supervision_report',11,'2026-07-16 16:42:05'),(592,3,NULL,'New Supervision Report','A new supervision report has been submitted by Dr. Sandeepani Dias.','info',0,'supervision_report',12,'2026-07-16 16:42:16'),(593,10,NULL,'Supervision Report Updated','Your supervision report \"wqsw\" status has been updated to accepted.\n\nAdmin Comment: good','success',0,'supervision_report',11,'2026-07-16 16:44:01'),(594,10,NULL,'Supervision Report Updated','Your supervision report \"qsdqw\" status has been updated to accepted.\n\nAdmin Comment: good','success',0,'supervision_report',12,'2026-07-16 16:44:27'),(595,10,NULL,'Supervision Report Updated','Your supervision report \"xcdscsd\" status has been updated to accepted.\n\nAdmin Comment: good','success',0,'supervision_report',8,'2026-07-16 16:44:47'),(596,3,NULL,'New Supervision Report','A new supervision report has been submitted by Dr. Malsha Weerasinghe.','info',0,'supervision_report',13,'2026-07-16 17:33:06'),(597,3,NULL,'New Supervision Report','A new supervision report has been submitted by Dr. Malsha Weerasinghe.','info',0,'supervision_report',14,'2026-07-16 17:33:26'),(598,3,NULL,'New Supervision Report','A new supervision report has been submitted by Dr. Malsha Weerasinghe.','info',0,'supervision_report',15,'2026-07-16 17:33:41'),(599,9,NULL,'Supervision Report Updated','Your supervision report \"assac\" status has been updated to accepted.\n\nAdmin Comment: good','success',0,'supervision_report',13,'2026-07-16 17:34:05'),(600,9,NULL,'Supervision Report Updated','Your supervision report \"scsdc\" status has been updated to accepted.\n\nAdmin Comment: good','success',0,'supervision_report',14,'2026-07-16 17:34:22'),(601,9,NULL,'Supervision Report Updated','Your supervision report \"dvdfvd\" status has been updated to accepted.','success',0,'supervision_report',15,'2026-07-16 17:34:50');
/*!40000 ALTER TABLE `notifications` ENABLE KEYS */;
UNLOCK TABLES;

--
-- Table structure for table `password_reset_requests`
--

DROP TABLE IF EXISTS `password_reset_requests`;
/*!40101 SET @saved_cs_client     = @@character_set_client */;
/*!50503 SET character_set_client = utf8mb4 */;
CREATE TABLE `password_reset_requests` (
  `id` int NOT NULL AUTO_INCREMENT,
  `user_id` int NOT NULL,
  `university_id` varchar(50) NOT NULL,
  `email` varchar(150) NOT NULL,
  `status` enum('pending','approved','rejected') NOT NULL DEFAULT 'pending',
  `requested_at` timestamp NULL DEFAULT CURRENT_TIMESTAMP,
  `reviewed_by` int DEFAULT NULL,
  `reviewed_at` timestamp NULL DEFAULT NULL,
  `admin_note` text,
  PRIMARY KEY (`id`),
  KEY `fk_password_reset_requests_reviewed_by` (`reviewed_by`),
  KEY `idx_password_reset_requests_user_status` (`user_id`,`status`),
  KEY `idx_password_reset_requests_status` (`status`),
  KEY `idx_password_reset_requests_requested_at` (`requested_at`),
  CONSTRAINT `fk_password_reset_requests_reviewed_by` FOREIGN KEY (`reviewed_by`) REFERENCES `users` (`id`) ON DELETE SET NULL ON UPDATE CASCADE,
  CONSTRAINT `fk_password_reset_requests_user` FOREIGN KEY (`user_id`) REFERENCES `users` (`id`) ON DELETE CASCADE ON UPDATE CASCADE
) ENGINE=InnoDB AUTO_INCREMENT=8 DEFAULT CHARSET=utf8mb4 COLLATE=utf8mb4_0900_ai_ci;
/*!40101 SET character_set_client = @saved_cs_client */;

--
-- Dumping data for table `password_reset_requests`
--

LOCK TABLES `password_reset_requests` WRITE;
/*!40000 ALTER TABLE `password_reset_requests` DISABLE KEYS */;
INSERT INTO `password_reset_requests` VALUES (1,2,'SCI2026902','mohamedsabri1717@gmail.com','approved','2026-06-09 08:11:57',3,'2026-06-09 08:12:31',NULL),(2,2,'SCI2026902','mohamedsabri1717@gmail.com','approved','2026-06-09 08:15:08',3,'2026-06-09 08:15:24',NULL),(3,5357,'LE123s5556','roshangalle59@gmail.com','approved','2026-06-27 14:42:24',3,'2026-06-27 14:57:25',NULL),(4,5357,'LE123s5556','roshangalle59@gmail.com','approved','2026-06-27 14:57:43',3,'2026-06-27 15:38:57',NULL),(6,2065,'LE123','denuri177@gmail.com','approved','2026-07-13 16:03:23',3,'2026-07-13 16:16:53',NULL),(7,167,'HOD005','hod.botany@ruhuna.lk','approved','2026-07-14 04:30:17',3,'2026-07-14 04:30:50',NULL);
/*!40000 ALTER TABLE `password_reset_requests` ENABLE KEYS */;
UNLOCK TABLES;

--
-- Table structure for table `peer_evaluation_assignments`
--

DROP TABLE IF EXISTS `peer_evaluation_assignments`;
/*!40101 SET @saved_cs_client     = @@character_set_client */;
/*!50503 SET character_set_client = utf8mb4 */;
CREATE TABLE `peer_evaluation_assignments` (
  `id` int NOT NULL AUTO_INCREMENT,
  `evaluator_id` int NOT NULL,
  `evaluated_id` int NOT NULL,
  `semester_id` int NOT NULL,
  `academic_year` varchar(20) NOT NULL,
  `status` enum('assigned','completed') NOT NULL DEFAULT 'assigned',
  `created_at` timestamp NULL DEFAULT CURRENT_TIMESTAMP,
  PRIMARY KEY (`id`),
  KEY `fk_peer_assignment_semester` (`semester_id`),
  KEY `idx_peer_assignment_evaluator` (`evaluator_id`),
  KEY `idx_peer_assignment_evaluated` (`evaluated_id`),
  CONSTRAINT `fk_peer_assignment_evaluated` FOREIGN KEY (`evaluated_id`) REFERENCES `users` (`id`) ON DELETE CASCADE ON UPDATE CASCADE,
  CONSTRAINT `fk_peer_assignment_evaluator` FOREIGN KEY (`evaluator_id`) REFERENCES `users` (`id`) ON DELETE CASCADE ON UPDATE CASCADE,
  CONSTRAINT `fk_peer_assignment_semester` FOREIGN KEY (`semester_id`) REFERENCES `semesters` (`id`) ON DELETE CASCADE ON UPDATE CASCADE
) ENGINE=InnoDB AUTO_INCREMENT=55 DEFAULT CHARSET=utf8mb4 COLLATE=utf8mb4_0900_ai_ci;
/*!40101 SET character_set_client = @saved_cs_client */;

--
-- Dumping data for table `peer_evaluation_assignments`
--

LOCK TABLES `peer_evaluation_assignments` WRITE;
/*!40000 ALTER TABLE `peer_evaluation_assignments` DISABLE KEYS */;
INSERT INTO `peer_evaluation_assignments` VALUES (4,8,9,19,'2025/2026','completed','2026-07-02 16:18:20'),(5,9,10,19,'2025/2026','completed','2026-07-02 16:18:20'),(6,10,11,19,'2025/2026','assigned','2026-07-02 16:18:20'),(7,11,643,19,'2025/2026','assigned','2026-07-02 16:18:20'),(8,643,644,19,'2025/2026','assigned','2026-07-02 16:18:20'),(9,644,645,19,'2025/2026','assigned','2026-07-02 16:18:20'),(10,645,646,19,'2025/2026','assigned','2026-07-02 16:18:20'),(11,646,647,19,'2025/2026','assigned','2026-07-02 16:18:20'),(12,647,648,19,'2025/2026','assigned','2026-07-02 16:18:20'),(13,648,2065,19,'2025/2026','assigned','2026-07-02 16:18:20'),(14,2065,5357,19,'2025/2026','assigned','2026-07-02 16:18:20'),(15,5357,4,19,'2025/2026','assigned','2026-07-02 16:18:20'),(17,11,9,19,'2025/2026','completed','2026-07-02 16:36:42'),(18,11,8,19,'2025/2026','completed','2026-07-02 17:45:10'),(19,9,8,19,'2025/2026','completed','2026-07-02 17:45:10'),(23,7,8,19,'2025/2026','assigned','2026-07-02 17:49:09'),(24,8,7,19,'2025/2026','assigned','2026-07-02 17:51:48'),(25,9,7,19,'2025/2026','completed','2026-07-02 17:51:48'),(26,4,6,19,'2025/2026','assigned','2026-07-02 17:56:29'),(27,6,7,19,'2025/2026','assigned','2026-07-02 17:56:29'),(28,4,6,37,'2023/2024','assigned','2026-07-06 14:43:08'),(29,6,7,37,'2023/2024','assigned','2026-07-06 14:43:08'),(30,7,8,37,'2023/2024','assigned','2026-07-06 14:43:08'),(31,8,9,37,'2023/2024','assigned','2026-07-06 14:43:08'),(33,10,11,37,'2023/2024','assigned','2026-07-06 14:43:08'),(34,11,643,37,'2023/2024','assigned','2026-07-06 14:43:08'),(35,643,644,37,'2023/2024','assigned','2026-07-06 14:43:08'),(36,644,645,37,'2023/2024','assigned','2026-07-06 14:43:08'),(37,645,646,37,'2023/2024','assigned','2026-07-06 14:43:08'),(38,646,647,37,'2023/2024','assigned','2026-07-06 14:43:08'),(39,647,648,37,'2023/2024','assigned','2026-07-06 14:43:08'),(41,648,2065,37,'2023/2024','assigned','2026-07-06 14:43:08'),(42,2065,5357,37,'2023/2024','assigned','2026-07-06 14:43:08'),(43,5357,4,37,'2023/2024','assigned','2026-07-06 14:43:08'),(46,5357,19267,37,'2023/2024','assigned','2026-07-13 15:14:01'),(47,19267,4,37,'2023/2024','assigned','2026-07-13 15:14:01'),(48,19267,19828,37,'2023/2024','assigned','2026-07-14 05:25:09'),(49,19828,4,37,'2023/2024','assigned','2026-07-14 05:25:09'),(50,9,10,37,'2023/2024','completed','2026-07-14 17:20:45'),(51,2065,10,37,'2023/2024','completed','2026-07-14 17:20:45'),(52,5357,19267,19,'2025/2026','assigned','2026-07-16 17:32:41'),(53,19267,19828,19,'2025/2026','assigned','2026-07-16 17:32:41'),(54,19828,4,19,'2025/2026','assigned','2026-07-16 17:32:41');
/*!40000 ALTER TABLE `peer_evaluation_assignments` ENABLE KEYS */;
UNLOCK TABLES;

--
-- Table structure for table `peer_evaluation_uploads`
--

DROP TABLE IF EXISTS `peer_evaluation_uploads`;
/*!40101 SET @saved_cs_client     = @@character_set_client */;
/*!50503 SET character_set_client = utf8mb4 */;
CREATE TABLE `peer_evaluation_uploads` (
  `id` int NOT NULL AUTO_INCREMENT,
  `assignment_id` int NOT NULL,
  `evaluator_id` int NOT NULL,
  `evaluated_id` int NOT NULL,
  `file_name` varchar(255) NOT NULL,
  `file_path` varchar(500) NOT NULL,
  `file_type` varchar(100) NOT NULL,
  `file_size` int unsigned NOT NULL,
  `status` enum('submitted','under_review','accepted','rejected') NOT NULL DEFAULT 'submitted',
  `submitted_at` timestamp NULL DEFAULT CURRENT_TIMESTAMP,
  PRIMARY KEY (`id`),
  KEY `fk_peer_upload_evaluator` (`evaluator_id`),
  KEY `fk_peer_upload_evaluated` (`evaluated_id`),
  KEY `idx_peer_upload_assignment` (`assignment_id`),
  CONSTRAINT `fk_peer_upload_assignment` FOREIGN KEY (`assignment_id`) REFERENCES `peer_evaluation_assignments` (`id`) ON DELETE CASCADE ON UPDATE CASCADE,
  CONSTRAINT `fk_peer_upload_evaluated` FOREIGN KEY (`evaluated_id`) REFERENCES `users` (`id`) ON DELETE CASCADE ON UPDATE CASCADE,
  CONSTRAINT `fk_peer_upload_evaluator` FOREIGN KEY (`evaluator_id`) REFERENCES `users` (`id`) ON DELETE CASCADE ON UPDATE CASCADE
) ENGINE=InnoDB AUTO_INCREMENT=11 DEFAULT CHARSET=utf8mb4 COLLATE=utf8mb4_0900_ai_ci;
/*!40101 SET character_set_client = @saved_cs_client */;

--
-- Dumping data for table `peer_evaluation_uploads`
--

LOCK TABLES `peer_evaluation_uploads` WRITE;
/*!40000 ALTER TABLE `peer_evaluation_uploads` DISABLE KEYS */;
INSERT INTO `peer_evaluation_uploads` VALUES (1,5,9,10,'ChatGPT Image Jul 2, 2026, 05_05_25 PM.png','uploads\\peer-evaluations\\peereval-9-1783011278548-438394818.png','image/png',2384596,'accepted','2026-07-02 16:54:38'),(2,4,8,9,'ChatGPT Image Jul 2, 2026, 05_05_25 PM.png','uploads\\peer-evaluations\\peereval-8-1783013574777-830720670.png','image/png',2384596,'submitted','2026-07-02 17:32:54'),(3,17,11,9,'ChatGPT Image Jul 2, 2026, 05_05_25 PM.png','uploads\\peer-evaluations\\peereval-11-1783013585157-150217692.png','image/png',2384596,'submitted','2026-07-02 17:33:05'),(4,18,11,8,'ChatGPT Image Jul 2, 2026, 05_05_25 PM.png','uploads\\peer-evaluations\\peereval-11-1783014344375-984527595.png','image/png',2384596,'submitted','2026-07-02 17:45:44'),(7,19,9,8,'cover letter.pdf','uploads\\peer-evaluations\\peereval-9-1783016139195-725091153.pdf','application/pdf',120043,'accepted','2026-07-02 18:15:39'),(8,25,9,7,'Peer_Evaluation_Form.pdf','uploads\\peer-evaluations\\peereval-9-1784041323091-87286311.pdf','application/pdf',96984,'submitted','2026-07-14 15:02:03'),(9,51,2065,10,'Peer_Evaluation_Form.pdf','uploads\\peer-evaluations\\peereval-2065-1784049804945-273024498.pdf','application/pdf',96984,'accepted','2026-07-14 17:23:24'),(10,50,9,10,'Form-E-Peer-Evaluation (1).pdf','uploads\\peer-evaluations\\peereval-9-1784049959161-173394301.pdf','application/pdf',96984,'accepted','2026-07-14 17:25:59');
/*!40000 ALTER TABLE `peer_evaluation_uploads` ENABLE KEYS */;
UNLOCK TABLES;

--
-- Table structure for table `questions`
--

DROP TABLE IF EXISTS `questions`;
/*!40101 SET @saved_cs_client     = @@character_set_client */;
/*!50503 SET character_set_client = utf8mb4 */;
CREATE TABLE `questions` (
  `id` int NOT NULL AUTO_INCREMENT,
  `type` enum('theory','practical') NOT NULL DEFAULT 'theory',
  `label` varchar(100) DEFAULT NULL,
  `question_text` text NOT NULL,
  `display_order` int NOT NULL DEFAULT '0',
  `is_active` tinyint(1) NOT NULL DEFAULT '1',
  `category` varchar(100) NOT NULL,
  `created_at` timestamp NULL DEFAULT CURRENT_TIMESTAMP,
  PRIMARY KEY (`id`),
  KEY `idx_questions_type_active_order` (`type`,`is_active`,`display_order`)
) ENGINE=InnoDB AUTO_INCREMENT=21 DEFAULT CHARSET=utf8mb4 COLLATE=utf8mb4_0900_ai_ci;
/*!40101 SET character_set_client = @saved_cs_client */;

--
-- Dumping data for table `questions`
--

LOCK TABLES `questions` WRITE;
/*!40000 ALTER TABLE `questions` DISABLE KEYS */;
INSERT INTO `questions` VALUES (1,'theory','T1','The lecturer explains lecture concepts clearly and at an appropriate level.',1,1,'theory','2026-06-08 07:27:03'),(2,'theory','T2','The lecturer demonstrates strong subject knowledge in the course content.',2,1,'theory','2026-06-08 07:27:03'),(3,'theory','T3','The lectures are well organized and follow a logical sequence.',3,1,'theory','2026-06-08 07:27:03'),(4,'theory','T4','The lecturer communicates effectively and is easy to understand.',4,1,'theory','2026-06-08 07:27:03'),(5,'theory','T5','The lecturer uses relevant examples to connect theory with scientific applications.',5,1,'theory','2026-06-08 07:27:03'),(6,'theory','T6','The lecturer encourages student participation and engagement during lectures.',6,1,'theory','2026-06-08 07:27:03'),(7,'theory','T7','The lecturer applies fair and transparent assessment expectations.',7,1,'theory','2026-06-08 07:27:03'),(8,'theory','T8','The lectures help students achieve the intended learning outcomes of the course.',8,1,'theory','2026-06-08 07:27:03'),(9,'theory','T9','The lecturer is punctual and uses scheduled lecture time effectively.',9,1,'theory','2026-06-08 07:27:03'),(10,'theory','T10','Overall, the lecturer provides high quality teaching for this theory course.',10,1,'theory','2026-06-08 07:27:03'),(11,'practical','P1','The practical sessions are well organized and prepared in advance.',1,1,'practical','2026-06-08 07:27:03'),(12,'practical','P2','The lecturer or demonstrator provides clear demonstrations before practical work begins.',2,1,'practical','2026-06-08 07:27:03'),(13,'practical','P3','Laboratory safety instructions are clearly explained and consistently reinforced.',3,1,'practical','2026-06-08 07:27:03'),(14,'practical','P4','The lecturer provides helpful guidance while students perform practical activities.',4,1,'practical','2026-06-08 07:27:03'),(15,'practical','P5','Required equipment, specimens, chemicals, or materials are available and suitable for the practical work.',5,1,'practical','2026-06-08 07:27:03'),(16,'practical','P6','The practical sessions help students develop relevant scientific and technical skills.',6,1,'practical','2026-06-08 07:27:03'),(17,'practical','P7','Experimental procedures are explained clearly before students begin the tasks.',7,1,'practical','2026-06-08 07:27:03'),(18,'practical','P8','The lecturer gives useful feedback on student performance and practical records.',8,1,'practical','2026-06-08 07:27:03'),(19,'practical','P9','Practical session time is managed effectively to complete the intended activities.',9,1,'practical','2026-06-08 07:27:03'),(20,'practical','P10','The practical sessions help students achieve the intended learning outcomes of the course.',10,1,'practical','2026-06-08 07:27:03');
/*!40000 ALTER TABLE `questions` ENABLE KEYS */;
UNLOCK TABLES;

--
-- Table structure for table `reports`
--

DROP TABLE IF EXISTS `reports`;
/*!40101 SET @saved_cs_client     = @@character_set_client */;
/*!50503 SET character_set_client = utf8mb4 */;
CREATE TABLE `reports` (
  `id` int NOT NULL AUTO_INCREMENT,
  `report_title` varchar(200) NOT NULL,
  `report_type` varchar(100) NOT NULL,
  `generated_by` int NOT NULL,
  `created_at` timestamp NULL DEFAULT CURRENT_TIMESTAMP,
  PRIMARY KEY (`id`),
  KEY `fk_reports_generated_by` (`generated_by`),
  CONSTRAINT `fk_reports_generated_by` FOREIGN KEY (`generated_by`) REFERENCES `users` (`id`) ON DELETE RESTRICT ON UPDATE CASCADE
) ENGINE=InnoDB DEFAULT CHARSET=utf8mb4 COLLATE=utf8mb4_0900_ai_ci;
/*!40101 SET character_set_client = @saved_cs_client */;

--
-- Dumping data for table `reports`
--

LOCK TABLES `reports` WRITE;
/*!40000 ALTER TABLE `reports` DISABLE KEYS */;
/*!40000 ALTER TABLE `reports` ENABLE KEYS */;
UNLOCK TABLES;

--
-- Table structure for table `semesters`
--

DROP TABLE IF EXISTS `semesters`;
/*!40101 SET @saved_cs_client     = @@character_set_client */;
/*!50503 SET character_set_client = utf8mb4 */;
CREATE TABLE `semesters` (
  `id` int NOT NULL AUTO_INCREMENT,
  `semester_name` varchar(100) NOT NULL,
  `academic_year` varchar(20) NOT NULL,
  `is_active` tinyint(1) NOT NULL DEFAULT '0',
  `created_at` timestamp NULL DEFAULT CURRENT_TIMESTAMP,
  `module_selection_deadline` datetime DEFAULT NULL,
  PRIMARY KEY (`id`),
  KEY `idx_semesters_academic_year` (`academic_year`),
  KEY `uq_semesters_name_year` (`semester_name`,`academic_year`)
) ENGINE=InnoDB AUTO_INCREMENT=38 DEFAULT CHARSET=utf8mb4 COLLATE=utf8mb4_0900_ai_ci;
/*!40101 SET character_set_client = @saved_cs_client */;

--
-- Dumping data for table `semesters`
--

LOCK TABLES `semesters` WRITE;
/*!40000 ALTER TABLE `semesters` DISABLE KEYS */;
INSERT INTO `semesters` VALUES (3,'Semester 2','2025/2026',0,'2026-06-01 19:04:27',NULL),(19,'Semester 1','2025/2026',1,'2026-06-01 19:37:28','2026-07-23 23:02:29'),(37,'Semester 1 ','2023/2024',1,'2026-07-06 14:39:26',NULL);
/*!40000 ALTER TABLE `semesters` ENABLE KEYS */;
UNLOCK TABLES;

--
-- Table structure for table `student_courses`
--

DROP TABLE IF EXISTS `student_courses`;
/*!40101 SET @saved_cs_client     = @@character_set_client */;
/*!50503 SET character_set_client = utf8mb4 */;
CREATE TABLE `student_courses` (
  `id` int NOT NULL AUTO_INCREMENT,
  `student_id` int NOT NULL,
  `course_id` int NOT NULL,
  `semester_id` int NOT NULL,
  `created_at` timestamp NULL DEFAULT CURRENT_TIMESTAMP,
  PRIMARY KEY (`id`),
  UNIQUE KEY `unique_enrollment` (`student_id`,`course_id`,`semester_id`),
  KEY `course_id` (`course_id`),
  KEY `semester_id` (`semester_id`),
  CONSTRAINT `student_courses_ibfk_1` FOREIGN KEY (`student_id`) REFERENCES `users` (`id`) ON DELETE CASCADE,
  CONSTRAINT `student_courses_ibfk_2` FOREIGN KEY (`course_id`) REFERENCES `courses` (`id`) ON DELETE CASCADE,
  CONSTRAINT `student_courses_ibfk_3` FOREIGN KEY (`semester_id`) REFERENCES `semesters` (`id`) ON DELETE CASCADE
) ENGINE=InnoDB AUTO_INCREMENT=186 DEFAULT CHARSET=utf8mb4 COLLATE=utf8mb4_0900_ai_ci;
/*!40101 SET character_set_client = @saved_cs_client */;

--
-- Dumping data for table `student_courses`
--

LOCK TABLES `student_courses` WRITE;
/*!40000 ALTER TABLE `student_courses` DISABLE KEYS */;
INSERT INTO `student_courses` VALUES (166,19192,4309,37,'2026-07-13 15:05:41'),(167,19192,4311,37,'2026-07-13 15:05:41'),(168,19192,4393,37,'2026-07-13 15:05:41'),(169,19192,4394,37,'2026-07-13 15:05:41'),(170,19192,4395,37,'2026-07-13 15:05:41'),(171,19192,4396,37,'2026-07-13 15:05:41'),(172,19192,4397,37,'2026-07-13 15:05:41'),(173,19265,4884,37,'2026-07-13 15:11:10'),(174,19265,4883,37,'2026-07-13 15:11:10'),(175,19265,4882,37,'2026-07-13 15:11:10'),(176,19265,4881,37,'2026-07-13 15:11:10'),(182,2,4882,37,'2026-07-16 10:52:14'),(183,2,4883,37,'2026-07-16 10:52:14'),(184,2,4884,37,'2026-07-16 10:52:14'),(185,2,4881,37,'2026-07-16 10:52:14');
/*!40000 ALTER TABLE `student_courses` ENABLE KEYS */;
UNLOCK TABLES;

--
-- Table structure for table `student_departments`
--

DROP TABLE IF EXISTS `student_departments`;
/*!40101 SET @saved_cs_client     = @@character_set_client */;
/*!50503 SET character_set_client = utf8mb4 */;
CREATE TABLE `student_departments` (
  `id` int NOT NULL AUTO_INCREMENT,
  `student_id` int NOT NULL,
  `department_id` int NOT NULL,
  `created_at` timestamp NULL DEFAULT CURRENT_TIMESTAMP,
  PRIMARY KEY (`id`),
  UNIQUE KEY `unique_student_dept` (`student_id`,`department_id`),
  KEY `department_id` (`department_id`),
  CONSTRAINT `student_departments_ibfk_1` FOREIGN KEY (`student_id`) REFERENCES `users` (`id`) ON DELETE CASCADE,
  CONSTRAINT `student_departments_ibfk_2` FOREIGN KEY (`department_id`) REFERENCES `departments` (`id`) ON DELETE CASCADE
) ENGINE=InnoDB AUTO_INCREMENT=91 DEFAULT CHARSET=utf8mb4 COLLATE=utf8mb4_0900_ai_ci;
/*!40101 SET character_set_client = @saved_cs_client */;

--
-- Dumping data for table `student_departments`
--

LOCK TABLES `student_departments` WRITE;
/*!40000 ALTER TABLE `student_departments` DISABLE KEYS */;
INSERT INTO `student_departments` VALUES (29,19192,5,'2026-07-13 15:05:40'),(30,19192,7,'2026-07-13 15:05:40'),(34,19265,9,'2026-07-13 15:11:10'),(35,19266,9,'2026-07-13 15:11:10'),(36,19266,11,'2026-07-13 15:11:10'),(37,1,1,'2026-07-13 15:14:46'),(38,2,9,'2026-07-13 15:14:46'),(39,5,1,'2026-07-13 15:14:46'),(40,610,1,'2026-07-13 15:14:46'),(41,611,1,'2026-07-13 15:14:46'),(42,612,1,'2026-07-13 15:14:46'),(43,613,1,'2026-07-13 15:14:46'),(44,614,1,'2026-07-13 15:14:46'),(45,615,3,'2026-07-13 15:14:46'),(46,616,3,'2026-07-13 15:14:46'),(47,617,3,'2026-07-13 15:14:46'),(48,618,3,'2026-07-13 15:14:46'),(49,619,3,'2026-07-13 15:14:46'),(50,620,5,'2026-07-13 15:14:46'),(51,621,5,'2026-07-13 15:14:46'),(52,622,5,'2026-07-13 15:14:46'),(53,623,5,'2026-07-13 15:14:46'),(54,624,5,'2026-07-13 15:14:46'),(55,625,7,'2026-07-13 15:14:46'),(56,626,7,'2026-07-13 15:14:46'),(57,627,7,'2026-07-13 15:14:46'),(58,628,7,'2026-07-13 15:14:46'),(59,629,7,'2026-07-13 15:14:46'),(60,630,9,'2026-07-13 15:14:46'),(61,631,9,'2026-07-13 15:14:46'),(62,632,9,'2026-07-13 15:14:46'),(63,633,9,'2026-07-13 15:14:46'),(64,634,9,'2026-07-13 15:14:46'),(65,635,11,'2026-07-13 15:14:46'),(66,636,11,'2026-07-13 15:14:46'),(67,637,11,'2026-07-13 15:14:46'),(68,638,11,'2026-07-13 15:14:46'),(69,639,11,'2026-07-13 15:14:46'),(70,4907,7,'2026-07-13 15:14:46'),(71,4908,7,'2026-07-13 15:14:46'),(72,4909,7,'2026-07-13 15:14:46'),(73,4910,7,'2026-07-13 15:14:46'),(74,4911,7,'2026-07-13 15:14:46'),(75,4912,7,'2026-07-13 15:14:46'),(76,4913,7,'2026-07-13 15:14:46'),(77,4914,7,'2026-07-13 15:14:46'),(78,4915,7,'2026-07-13 15:14:46'),(79,4916,7,'2026-07-13 15:14:46'),(80,4917,7,'2026-07-13 15:14:46'),(81,4918,7,'2026-07-13 15:14:46'),(82,4919,7,'2026-07-13 15:14:46'),(83,4920,7,'2026-07-13 15:14:46'),(84,4921,7,'2026-07-13 15:14:46'),(85,4922,7,'2026-07-13 15:14:46'),(86,4923,7,'2026-07-13 15:14:46'),(87,4924,7,'2026-07-13 15:14:46'),(88,4925,7,'2026-07-13 15:14:46'),(89,4926,7,'2026-07-13 15:14:46'),(90,2013,9,'2026-07-13 15:14:46');
/*!40000 ALTER TABLE `student_departments` ENABLE KEYS */;
UNLOCK TABLES;

--
-- Table structure for table `supervision_reports`
--

DROP TABLE IF EXISTS `supervision_reports`;
/*!40101 SET @saved_cs_client     = @@character_set_client */;
/*!50503 SET character_set_client = utf8mb4 */;
CREATE TABLE `supervision_reports` (
  `id` int NOT NULL AUTO_INCREMENT,
  `lecturer_id` int NOT NULL,
  `semester_id` int DEFAULT NULL,
  `academic_year` varchar(20) DEFAULT NULL,
  `title` varchar(200) NOT NULL,
  `file_name` varchar(255) NOT NULL,
  `file_path` varchar(500) NOT NULL,
  `file_type` varchar(100) NOT NULL,
  `file_size` int unsigned NOT NULL,
  `report_type` enum('supervision','mentoring','other') NOT NULL DEFAULT 'supervision',
  `other_category` varchar(50) DEFAULT NULL,
  `status` enum('submitted','under_review','accepted','rejected') NOT NULL DEFAULT 'submitted',
  `admin_comment` text,
  `reviewed_by` int DEFAULT NULL,
  `reviewed_at` timestamp NULL DEFAULT NULL,
  `submitted_at` timestamp NULL DEFAULT CURRENT_TIMESTAMP,
  PRIMARY KEY (`id`),
  KEY `fk_supervision_reports_reviewed_by` (`reviewed_by`),
  KEY `idx_supervision_reports_lecturer_id` (`lecturer_id`),
  KEY `idx_supervision_reports_status` (`status`),
  KEY `idx_supervision_reports_submitted_at` (`submitted_at`),
  CONSTRAINT `fk_supervision_reports_lecturer` FOREIGN KEY (`lecturer_id`) REFERENCES `users` (`id`) ON DELETE CASCADE ON UPDATE CASCADE,
  CONSTRAINT `fk_supervision_reports_reviewed_by` FOREIGN KEY (`reviewed_by`) REFERENCES `users` (`id`) ON DELETE SET NULL ON UPDATE CASCADE
) ENGINE=InnoDB AUTO_INCREMENT=16 DEFAULT CHARSET=utf8mb4 COLLATE=utf8mb4_0900_ai_ci;
/*!40101 SET character_set_client = @saved_cs_client */;

--
-- Dumping data for table `supervision_reports`
--

LOCK TABLES `supervision_reports` WRITE;
/*!40000 ALTER TABLE `supervision_reports` DISABLE KEYS */;
INSERT INTO `supervision_reports` VALUES (1,10,NULL,NULL,'sab','LES_Project_Documentation (2).pdf','uploads\\supervision-reports\\supervision-10-1780907341935-54162116.pdf','application/pdf',202152,'supervision',NULL,'rejected','not good',3,'2026-07-14 16:09:33','2026-06-08 08:29:01'),(2,7,NULL,NULL,'wefwe','IT22926180_SQA_final_report_2026.pdf','uploads\\supervision-reports\\supervision-7-1780911230448-495754986.pdf','application/pdf',257121,'supervision',NULL,'under_review',NULL,3,'2026-06-08 15:23:19','2026-06-08 09:33:50'),(3,9,NULL,NULL,'sdsw','IT22926180_SQA_final_report_2026 (1).pdf','uploads\\supervision-reports\\supervision-9-1784047334426-160635860.pdf','application/pdf',257121,'mentoring',NULL,'rejected','not good',3,'2026-07-14 16:43:05','2026-07-14 16:42:14'),(4,9,NULL,NULL,'gfrfh','Form-E-Peer-Evaluation (1).pdf','uploads\\supervision-reports\\supervision-9-1784112790241-599314947.pdf','application/pdf',96984,'supervision',NULL,'submitted',NULL,NULL,NULL,'2026-07-15 10:53:10'),(5,1,NULL,NULL,'test','test.pdf','test/test.pdf','application/pdf',1000,'supervision',NULL,'submitted',NULL,NULL,NULL,'2026-07-15 11:05:53'),(6,4,NULL,NULL,'Test','test.pdf','uploads\\supervision-reports\\supervision-4-1784113888592-506728607.pdf','application/pdf',13,'supervision',NULL,'submitted',NULL,NULL,NULL,'2026-07-15 11:11:28'),(7,9,NULL,NULL,'dscdf','IT22926180_SQA_final_report_2026 (1).pdf','uploads\\supervision-reports\\supervision-9-1784114616316-606055917.pdf','application/pdf',257121,'supervision',NULL,'submitted',NULL,NULL,NULL,'2026-07-15 11:23:36'),(8,10,NULL,NULL,'xcdscsd','Form-E-Peer-Evaluation (1).pdf','uploads\\supervision-reports\\supervision-10-1784114780115-625461427.pdf','application/pdf',96984,'supervision',NULL,'accepted','good',3,'2026-07-16 16:44:47','2026-07-15 11:26:20'),(9,1,NULL,NULL,'test','test.pdf','uploads\\supervision-reports\\test.pdf','application/pdf',1000,'supervision',NULL,'submitted',NULL,NULL,NULL,'2026-07-15 11:26:34'),(10,9,NULL,NULL,'llllll','IT22926180_SQA_final_report_2026 (1).pdf','uploads\\supervision-reports\\supervision-9-1784200396984-958072893.pdf','application/pdf',257121,'mentoring',NULL,'submitted',NULL,NULL,NULL,'2026-07-16 11:13:17'),(11,10,NULL,NULL,'wqsw','IT22926180_SQA_final_report_2026 (1).pdf','uploads\\supervision-reports\\supervision-10-1784220125723-877112634.pdf','application/pdf',257121,'mentoring',NULL,'accepted','good',3,'2026-07-16 16:44:01','2026-07-16 16:42:05'),(12,10,NULL,NULL,'qsdqw','Form-E-Peer-Evaluation (1).pdf','uploads\\supervision-reports\\supervision-10-1784220136358-729920587.pdf','application/pdf',96984,'other','counselling','accepted','good',3,'2026-07-16 16:44:27','2026-07-16 16:42:16'),(13,9,37,'2023/2024','assac','IT22926180_SQA_final_report_2026 (1) (1).pdf','uploads\\supervision-reports\\supervision-9-1784223186701-835688852.pdf','application/pdf',257121,'supervision',NULL,'accepted','good',3,'2026-07-16 17:34:05','2026-07-16 17:33:06'),(14,9,37,'2023/2024','scsdc','revised criteria-13.08.25.pdf','uploads\\supervision-reports\\supervision-9-1784223206874-552162435.pdf','application/pdf',146383,'mentoring',NULL,'accepted','good',3,'2026-07-16 17:34:22','2026-07-16 17:33:26'),(15,9,37,'2023/2024','dvdfvd','Form-E-Peer-Evaluation (1).pdf','uploads\\supervision-reports\\supervision-9-1784223221292-696473231.pdf','application/pdf',96984,'other','societies','accepted',NULL,3,'2026-07-16 17:34:50','2026-07-16 17:33:41');
/*!40000 ALTER TABLE `supervision_reports` ENABLE KEYS */;
UNLOCK TABLES;

--
-- Table structure for table `users`
--

DROP TABLE IF EXISTS `users`;
/*!40101 SET @saved_cs_client     = @@character_set_client */;
/*!50503 SET character_set_client = utf8mb4 */;
CREATE TABLE `users` (
  `id` int NOT NULL AUTO_INCREMENT,
  `university_id` varchar(50) DEFAULT NULL,
  `full_name` varchar(150) NOT NULL,
  `email` varchar(150) NOT NULL,
  `password` varchar(255) NOT NULL,
  `role` enum('student','lecturer','admin','hod','dean') NOT NULL,
  `status` enum('pending','approved','rejected','inactive') NOT NULL DEFAULT 'pending',
  `department_id` int DEFAULT NULL,
  `profile_photo` varchar(500) DEFAULT NULL,
  `phone` varchar(30) DEFAULT NULL,
  `first_login` tinyint(1) NOT NULL DEFAULT '1',
  `must_change_password` tinyint(1) NOT NULL DEFAULT '1',
  `created_by` int DEFAULT NULL,
  `last_login` datetime DEFAULT NULL,
  `deleted_at` datetime DEFAULT NULL,
  `created_at` timestamp NULL DEFAULT CURRENT_TIMESTAMP,
  `updated_at` timestamp NULL DEFAULT CURRENT_TIMESTAMP ON UPDATE CURRENT_TIMESTAMP,
  PRIMARY KEY (`id`),
  UNIQUE KEY `email` (`email`),
  UNIQUE KEY `university_id` (`university_id`),
  UNIQUE KEY `uq_users_university_id` (`university_id`),
  KEY `idx_users_department_id` (`department_id`),
  KEY `idx_users_role_status` (`role`,`status`),
  CONSTRAINT `fk_users_department` FOREIGN KEY (`department_id`) REFERENCES `departments` (`id`) ON DELETE SET NULL ON UPDATE CASCADE
) ENGINE=InnoDB AUTO_INCREMENT=29419 DEFAULT CHARSET=utf8mb4 COLLATE=utf8mb4_0900_ai_ci;
/*!40101 SET character_set_client = @saved_cs_client */;

--
-- Dumping data for table `users`
--

LOCK TABLES `users` WRITE;
/*!40000 ALTER TABLE `users` DISABLE KEYS */;
INSERT INTO `users` VALUES (1,'SC/2022/73180','Test User','testuser20260602003617@example.com','$2b$10$zm/4xuUtefBLhQy3ZUkQluYnKjLFCQ2Ig/FDBJZdXV3Y7wDn6O4j.','student','approved',1,NULL,NULL,0,0,NULL,'2026-07-13 14:18:41',NULL,'2026-06-01 19:06:17','2026-07-13 08:48:41'),(2,'SC/2023/38551','Sabri Mazahim','mohamedsabri1717@gmail.com','$2b$10$6ioXR8UUMO5PNnLWKbP90eNXekAs0le2M9Su2X3vM3/IcpmtzZ8X6','student','approved',9,NULL,NULL,0,0,NULL,'2026-07-16 16:26:30',NULL,'2026-06-01 19:06:55','2026-07-16 10:56:30'),(3,'ADM001','Hasna Faizar','admin@ruhuna.lk','$2b$10$gDYLw8Ei.kPZOxlXJEHDouzniDRxp51ukttv2wDANLmX0XYWwSZQ2','admin','approved',1,'/uploads/profile-photos/profile-3-1780990869947-256593907.jpg',NULL,0,0,NULL,'2026-07-16 21:07:09',NULL,'2026-06-01 19:12:21','2026-07-16 15:37:09'),(4,'LEC901','mark','Mark@gmail.com','$2b$10$.60E/6Bu2pmuohrp/oi1Kex7OhrBw2aj/Tm7HBSq1BpP/STH43WOq','lecturer','approved',3,NULL,NULL,0,0,NULL,NULL,NULL,'2026-06-01 19:19:31','2026-06-09 15:23:14'),(5,'SC/2024/52706','Ayesha Perera','student@ruhuna.lk','$2b$10$rVXvswTajS0J5m7HqiPRKeNH6qsqFi2h51TjG7y3NgIfiDndipDN6','student','approved',1,NULL,NULL,1,1,NULL,'2026-06-08 22:00:33',NULL,'2026-06-08 07:51:10','2026-07-13 08:33:36'),(6,'LEC001','Dr. Nimal Jayasinghe','nimal.jayasinghe@ruhuna.lk','$2b$10$rVXvswTajS0J5m7HqiPRKeNH6qsqFi2h51TjG7y3NgIfiDndipDN6','lecturer','approved',1,'/uploads/profile-photos/profile-6-1780938813434-435962121.png',NULL,1,1,NULL,'2026-06-08 22:42:42',NULL,'2026-06-08 07:51:10','2026-06-09 15:12:52'),(7,'LEC002','Dr. Tharushi Fernando','tharushi.fernando@ruhuna.lk','$2b$10$rVXvswTajS0J5m7HqiPRKeNH6qsqFi2h51TjG7y3NgIfiDndipDN6','lecturer','approved',3,NULL,NULL,1,1,NULL,NULL,NULL,'2026-06-08 07:51:10','2026-06-09 15:12:52'),(8,'LEC003','Dr. Kasun Silva','kasun.silva@ruhuna.lk','$2b$10$TzNm0738EXzSO0zI0QVGC.xHRYSwSkLRPqzEYdrUZ0b3u6uulqky.','lecturer','approved',5,NULL,NULL,0,0,NULL,'2026-07-02 22:50:35',NULL,'2026-06-08 07:51:10','2026-07-02 17:20:51'),(9,'LEC004','Dr. Malsha Weerasinghe','malsha.weerasinghe@ruhuna.lk','$2b$10$cmpxD/fS/oBDiwhlQGZFS.FvuBTFJp/8oUwpY.Cd7KzSssv3Z9r1W','lecturer','approved',7,NULL,NULL,0,0,NULL,'2026-07-16 16:39:35',NULL,'2026-06-08 07:51:10','2026-07-16 11:09:35'),(10,'LEC005','Dr. Sandeepani Dias','sandeepani.dias@ruhuna.lk','$2b$10$eHWqgk1BUZNqXnROTslw/eOhkGgT.2qHB5VHKiLWBahYnH73T6lSO','lecturer','approved',9,NULL,NULL,0,0,NULL,'2026-07-16 22:11:10',NULL,'2026-06-08 07:51:10','2026-07-16 16:41:10'),(11,'LEC006','Dr. Ruwan Bandara','ruwan.bandara@ruhuna.lk','$2b$10$AvwQ3bexzOJ.4z3uvzmsmOhvD35SmpXq7/6OvjJ7CzrCsXi0y8cRm','lecturer','approved',11,NULL,NULL,0,0,NULL,'2026-07-02 22:55:28',NULL,'2026-06-08 07:51:10','2026-07-02 17:25:54'),(167,'HOD005','Dr. Chamari Gunawardena','hod.botany@ruhuna.lk','$2b$10$FgTSvlI1Y56QXF.FmnW7I.qmr8cu52rCvC5lZbt8rRnbYTzBvL9Wi','hod','approved',9,NULL,NULL,0,0,NULL,'2026-07-16 16:46:30',NULL,'2026-06-08 08:33:50','2026-07-16 11:16:30'),(168,'HOD002','Dr. Pradeep Wijesinghe','hod.mathematics@ruhuna.lk','$2b$10$rVXvswTajS0J5m7HqiPRKeNH6qsqFi2h51TjG7y3NgIfiDndipDN6','hod','approved',3,NULL,NULL,0,0,NULL,NULL,NULL,'2026-06-08 08:33:50','2026-06-10 08:50:34'),(169,'HOD001','Dr. Shalini Rathnayake','hod.cs@ruhuna.lk','$2b$10$H//XJamMdi0lF.Z32YqReeb7YN0T5sH1vlOPyyUc1O8ZfVczm2PZC','hod','approved',1,NULL,NULL,0,0,NULL,'2026-07-16 16:45:43',NULL,'2026-06-08 08:33:50','2026-07-16 11:15:43'),(237,'DEAN001','Prof. Anoma Senanayake','dean.science@ruhuna.lk','$2b$10$ZiYEzTGL/rE0Kq5eYmedHe8rsvxOZoM.h5Aeeekglbi4A7RFLgOLi','dean','approved',1,NULL,NULL,0,0,NULL,'2026-07-16 17:11:42',NULL,'2026-06-08 08:48:32','2026-07-16 11:41:42'),(610,'SC/2022/45232','Nethmi Fernando','sci2026002@student.ruhuna.lk','$2b$10$rVXvswTajS0J5m7HqiPRKeNH6qsqFi2h51TjG7y3NgIfiDndipDN6','student','approved',1,NULL,NULL,1,1,NULL,NULL,NULL,'2026-06-08 16:22:18','2026-07-13 08:33:36'),(611,'SC/2023/34453','Kavindu Fernando','sci2026003@student.ruhuna.lk','$2b$10$rVXvswTajS0J5m7HqiPRKeNH6qsqFi2h51TjG7y3NgIfiDndipDN6','student','approved',1,NULL,NULL,1,1,NULL,NULL,NULL,'2026-06-08 16:22:18','2026-07-13 08:33:36'),(612,'SC/2024/72819','Isuri Fernando','sci2026004@student.ruhuna.lk','$2b$10$rVXvswTajS0J5m7HqiPRKeNH6qsqFi2h51TjG7y3NgIfiDndipDN6','student','approved',1,NULL,NULL,1,1,NULL,NULL,NULL,'2026-06-08 16:22:18','2026-07-13 08:33:36'),(613,'SC/2022/52011','Dinuka Fernando','sci2026005@student.ruhuna.lk','$2b$10$rVXvswTajS0J5m7HqiPRKeNH6qsqFi2h51TjG7y3NgIfiDndipDN6','student','approved',1,NULL,NULL,1,1,NULL,NULL,NULL,'2026-06-08 16:22:18','2026-07-13 08:33:36'),(614,'SC/2023/59073','Thilini Fernando','sci2026006@student.ruhuna.lk','$2b$10$rVXvswTajS0J5m7HqiPRKeNH6qsqFi2h51TjG7y3NgIfiDndipDN6','student','approved',1,NULL,NULL,1,1,NULL,NULL,NULL,'2026-06-08 16:22:18','2026-07-13 08:33:36'),(615,'SC/2024/78257','Nethmi Silva','sci2026007@student.ruhuna.lk','$2b$10$rVXvswTajS0J5m7HqiPRKeNH6qsqFi2h51TjG7y3NgIfiDndipDN6','student','approved',3,NULL,NULL,1,1,NULL,NULL,NULL,'2026-06-08 16:22:18','2026-07-13 08:33:36'),(616,'SC/2022/53712','Kavindu Silva','sci2026008@student.ruhuna.lk','$2b$10$rVXvswTajS0J5m7HqiPRKeNH6qsqFi2h51TjG7y3NgIfiDndipDN6','student','approved',3,NULL,NULL,1,1,NULL,NULL,NULL,'2026-06-08 16:22:18','2026-07-13 08:33:36'),(617,'SC/2023/32004','Isuri Silva','sci2026009@student.ruhuna.lk','$2b$10$rVXvswTajS0J5m7HqiPRKeNH6qsqFi2h51TjG7y3NgIfiDndipDN6','student','approved',3,NULL,NULL,1,1,NULL,NULL,NULL,'2026-06-08 16:22:18','2026-07-13 08:33:36'),(618,'SC/2024/31427','Dinuka Silva','sci2026010@student.ruhuna.lk','$2b$10$rVXvswTajS0J5m7HqiPRKeNH6qsqFi2h51TjG7y3NgIfiDndipDN6','student','approved',3,NULL,NULL,1,1,NULL,NULL,NULL,'2026-06-08 16:22:18','2026-07-13 08:33:36'),(619,'SC/2022/63693','Thilini Silva','sci2026011@student.ruhuna.lk','$2b$10$rVXvswTajS0J5m7HqiPRKeNH6qsqFi2h51TjG7y3NgIfiDndipDN6','student','approved',3,NULL,NULL,1,1,NULL,NULL,NULL,'2026-06-08 16:22:18','2026-07-13 08:33:36'),(620,'SC/2023/99525','Nethmi Perera','sci2026012@student.ruhuna.lk','$2b$10$rVXvswTajS0J5m7HqiPRKeNH6qsqFi2h51TjG7y3NgIfiDndipDN6','student','approved',5,NULL,NULL,1,1,NULL,NULL,NULL,'2026-06-08 16:22:18','2026-07-13 08:33:36'),(621,'SC/2024/55953','Kavindu Perera','sci2026013@student.ruhuna.lk','$2b$10$rVXvswTajS0J5m7HqiPRKeNH6qsqFi2h51TjG7y3NgIfiDndipDN6','student','approved',5,NULL,NULL,1,1,NULL,NULL,NULL,'2026-06-08 16:22:18','2026-07-13 08:33:36'),(622,'SC/2022/65453','Isuri Perera','sci2026014@student.ruhuna.lk','$2b$10$rVXvswTajS0J5m7HqiPRKeNH6qsqFi2h51TjG7y3NgIfiDndipDN6','student','approved',5,NULL,NULL,1,1,NULL,NULL,NULL,'2026-06-08 16:22:18','2026-07-13 08:33:36'),(623,'SC/2023/48583','Dinuka Perera','sci2026015@student.ruhuna.lk','$2b$10$rVXvswTajS0J5m7HqiPRKeNH6qsqFi2h51TjG7y3NgIfiDndipDN6','student','approved',5,NULL,NULL,1,1,NULL,NULL,NULL,'2026-06-08 16:22:18','2026-07-13 08:33:36'),(624,'SC/2024/58456','Thilini Perera','sci2026016@student.ruhuna.lk','$2b$10$rVXvswTajS0J5m7HqiPRKeNH6qsqFi2h51TjG7y3NgIfiDndipDN6','student','approved',5,NULL,NULL,1,1,NULL,NULL,NULL,'2026-06-08 16:22:18','2026-07-13 08:33:36'),(625,'SC/2022/99086','Nethmi Jayawardena','sci2026017@student.ruhuna.lk','$2b$10$rVXvswTajS0J5m7HqiPRKeNH6qsqFi2h51TjG7y3NgIfiDndipDN6','student','approved',7,NULL,NULL,1,1,NULL,NULL,NULL,'2026-06-08 16:22:18','2026-07-13 08:33:36'),(626,'SC/2023/54818','Kavindu Jayawardena','sci2026018@student.ruhuna.lk','$2b$10$rVXvswTajS0J5m7HqiPRKeNH6qsqFi2h51TjG7y3NgIfiDndipDN6','student','approved',7,NULL,NULL,1,1,NULL,NULL,NULL,'2026-06-08 16:22:18','2026-07-13 08:33:36'),(627,'SC/2024/33813','Isuri Jayawardena','sci2026019@student.ruhuna.lk','$2b$10$rVXvswTajS0J5m7HqiPRKeNH6qsqFi2h51TjG7y3NgIfiDndipDN6','student','approved',7,NULL,NULL,1,1,NULL,NULL,NULL,'2026-06-08 16:22:18','2026-07-13 08:33:36'),(628,'SC/2022/12244','Dinuka Jayawardena','sci2026020@student.ruhuna.lk','$2b$10$rVXvswTajS0J5m7HqiPRKeNH6qsqFi2h51TjG7y3NgIfiDndipDN6','student','approved',7,NULL,NULL,1,1,NULL,NULL,NULL,'2026-06-08 16:22:18','2026-07-13 08:33:36'),(629,'SC/2023/22694','Thilini Jayawardena','sci2026021@student.ruhuna.lk','$2b$10$rVXvswTajS0J5m7HqiPRKeNH6qsqFi2h51TjG7y3NgIfiDndipDN6','student','approved',7,NULL,NULL,1,1,NULL,NULL,NULL,'2026-06-08 16:22:18','2026-07-13 08:33:36'),(630,'SC/2024/24839','Nethmi Bandara','sci2026022@student.ruhuna.lk','$2b$10$rVXvswTajS0J5m7HqiPRKeNH6qsqFi2h51TjG7y3NgIfiDndipDN6','student','approved',9,NULL,NULL,1,1,NULL,NULL,NULL,'2026-06-08 16:22:18','2026-07-13 08:33:36'),(631,'SC/2022/54464','Kavindu Bandara','sci2026023@student.ruhuna.lk','$2b$10$rVXvswTajS0J5m7HqiPRKeNH6qsqFi2h51TjG7y3NgIfiDndipDN6','student','approved',9,NULL,NULL,1,1,NULL,NULL,NULL,'2026-06-08 16:22:18','2026-07-13 08:33:36'),(632,'SC/2023/82796','Isuri Bandara','sci2026024@student.ruhuna.lk','$2b$10$rVXvswTajS0J5m7HqiPRKeNH6qsqFi2h51TjG7y3NgIfiDndipDN6','student','approved',9,NULL,NULL,1,1,NULL,NULL,NULL,'2026-06-08 16:22:18','2026-07-13 08:33:36'),(633,'SC/2024/94311','Dinuka Bandara','sci2026025@student.ruhuna.lk','$2b$10$rVXvswTajS0J5m7HqiPRKeNH6qsqFi2h51TjG7y3NgIfiDndipDN6','student','approved',9,NULL,NULL,1,1,NULL,NULL,NULL,'2026-06-08 16:22:18','2026-07-13 08:33:36'),(634,'SC/2022/79180','Thilini Bandara','sci2026026@student.ruhuna.lk','$2b$10$rVXvswTajS0J5m7HqiPRKeNH6qsqFi2h51TjG7y3NgIfiDndipDN6','student','approved',9,NULL,NULL,1,1,NULL,NULL,NULL,'2026-06-08 16:22:18','2026-07-13 08:33:36'),(635,'SC/2023/89866','Nethmi Fernando','sci2026027@student.ruhuna.lk','$2b$10$rVXvswTajS0J5m7HqiPRKeNH6qsqFi2h51TjG7y3NgIfiDndipDN6','student','approved',11,NULL,NULL,1,1,NULL,NULL,NULL,'2026-06-08 16:22:18','2026-07-13 08:33:36'),(636,'SC/2024/70126','Kavindu Fernando','sci2026028@student.ruhuna.lk','$2b$10$rVXvswTajS0J5m7HqiPRKeNH6qsqFi2h51TjG7y3NgIfiDndipDN6','student','approved',11,NULL,NULL,1,1,NULL,NULL,NULL,'2026-06-08 16:22:18','2026-07-13 08:33:36'),(637,'SC/2022/35292','Isuri Fernando','sci2026029@student.ruhuna.lk','$2b$10$rVXvswTajS0J5m7HqiPRKeNH6qsqFi2h51TjG7y3NgIfiDndipDN6','student','approved',11,NULL,NULL,1,1,NULL,NULL,NULL,'2026-06-08 16:22:18','2026-07-13 08:33:36'),(638,'SC/2023/50862','Dinuka Fernando','sci2026030@student.ruhuna.lk','$2b$10$rVXvswTajS0J5m7HqiPRKeNH6qsqFi2h51TjG7y3NgIfiDndipDN6','student','approved',11,NULL,NULL,1,1,NULL,NULL,NULL,'2026-06-08 16:22:18','2026-07-13 08:33:36'),(639,'SC/2024/64396','Thilini Fernando','sci2026031@student.ruhuna.lk','$2b$10$rVXvswTajS0J5m7HqiPRKeNH6qsqFi2h51TjG7y3NgIfiDndipDN6','student','approved',11,NULL,NULL,1,1,NULL,NULL,NULL,'2026-06-08 16:22:18','2026-07-13 08:33:36'),(640,'HOD003','Dr. Menaka Amarasinghe','hod.chemistry@ruhuna.lk','$2b$10$rVXvswTajS0J5m7HqiPRKeNH6qsqFi2h51TjG7y3NgIfiDndipDN6','hod','approved',5,NULL,NULL,0,0,NULL,'2026-06-09 19:05:48',NULL,'2026-06-08 16:22:18','2026-06-10 08:50:34'),(641,'HOD004','Dr. Ranjith Ekanayake','hod.zoology@ruhuna.lk','$2b$10$tLTjUmNvFj6UaA1hFMvPResnXAYneF1O3wCkIPZp5eKkknxHcngam','hod','approved',7,NULL,NULL,0,0,NULL,'2026-07-16 23:08:08',NULL,'2026-06-08 16:22:18','2026-07-16 17:38:38'),(642,'HOD006','Dr. Lakmal Samarasinghe','hod.physics@ruhuna.lk','$2b$10$rVXvswTajS0J5m7HqiPRKeNH6qsqFi2h51TjG7y3NgIfiDndipDN6','hod','approved',11,NULL,NULL,0,0,NULL,'2026-06-09 14:18:11',NULL,'2026-06-08 16:22:18','2026-06-10 08:50:34'),(643,'LEC007','Dr. Inoka Liyanage','inoka.liyanage@ruhuna.lk','$2b$10$rVXvswTajS0J5m7HqiPRKeNH6qsqFi2h51TjG7y3NgIfiDndipDN6','lecturer','approved',1,NULL,NULL,1,1,NULL,NULL,NULL,'2026-06-08 16:22:18','2026-06-09 15:12:52'),(644,'LEC008','Dr. Dinesh Karunaratne','dinesh.karunaratne@ruhuna.lk','$2b$10$rVXvswTajS0J5m7HqiPRKeNH6qsqFi2h51TjG7y3NgIfiDndipDN6','lecturer','approved',3,NULL,NULL,1,1,NULL,NULL,NULL,'2026-06-08 16:22:18','2026-06-09 15:12:52'),(645,'LEC009','Dr. Himashi Nanayakkara','himashi.nanayakkara@ruhuna.lk','$2b$10$rVXvswTajS0J5m7HqiPRKeNH6qsqFi2h51TjG7y3NgIfiDndipDN6','lecturer','approved',5,NULL,NULL,1,1,NULL,NULL,NULL,'2026-06-08 16:22:18','2026-06-09 15:12:52'),(646,'LEC010','Dr. Pubudu Herath','pubudu.herath@ruhuna.lk','$2b$10$rVXvswTajS0J5m7HqiPRKeNH6qsqFi2h51TjG7y3NgIfiDndipDN6','lecturer','approved',7,NULL,NULL,1,1,NULL,NULL,NULL,'2026-06-08 16:22:18','2026-06-09 15:12:52'),(647,'LEC011','Dr. Nadeesha Kulathunga','nadeesha.kulathunga@ruhuna.lk','$2b$10$rVXvswTajS0J5m7HqiPRKeNH6qsqFi2h51TjG7y3NgIfiDndipDN6','lecturer','approved',9,NULL,NULL,1,1,NULL,NULL,NULL,'2026-06-08 16:22:18','2026-06-09 15:12:52'),(648,'LEC012','Dr. Viraj Abeysekara','viraj.abeysekara@ruhuna.lk','$2b$10$rVXvswTajS0J5m7HqiPRKeNH6qsqFi2h51TjG7y3NgIfiDndipDN6','lecturer','approved',11,NULL,NULL,1,1,NULL,NULL,NULL,'2026-06-08 16:22:18','2026-06-09 15:12:52'),(1300,'DEL1300_LE789','de','deleted-1300-sabricolombo17@gmail.com','$2b$10$S/ZyVicKo1P96B.AKR.kOeSIRH3ylSYg9qMiLbEImfikLSH4EXYMa','lecturer','rejected',9,NULL,NULL,1,1,3,'2026-06-08 22:11:02','2026-06-09 12:52:25','2026-06-08 16:39:24','2026-06-09 07:22:25'),(1901,'TEST1780937986160','Test Lecturer','test1780937986160@ruhuna.lk','$2b$10$gUa0ThgQETzsoze5n9k3HOmrsOeZICq4HqOAHSTM3mwtxKy46x7Oi','lecturer','rejected',1,NULL,'0710000000',1,1,3,NULL,'2026-06-08 22:29:46','2026-06-08 16:59:46','2026-06-08 16:59:46'),(1906,'DEL1906_LE123','Dr. Denuri','deleted-1906-denuri177@gmail.com','$2b$10$GZNW.fXUnEU4F2nSpU7MR.SJpU2Vbfim9Tm5LkGj/LX7ee8YWbB/S','lecturer','rejected',5,NULL,'0777163225',1,1,3,'2026-06-08 22:44:00','2026-06-09 12:52:29','2026-06-08 17:09:14','2026-06-09 07:22:29'),(1957,'REUSE1780989201843','Reusable Lecturer','reuse1780989201843@ruhuna.lk','$2b$10$/9zPobGuo6tXF0cxk.vukuDIepHer5foHPevDtxr/nfGe2auADusC','lecturer','rejected',1,NULL,'0710000000',1,1,3,NULL,'2026-06-09 12:43:22','2026-06-09 07:13:21','2026-06-09 07:13:22'),(2008,'DEL2008_FREE1780989713761','Free Unique Lecturer','deleted-2008-free1780989713761@ruhuna.lk','$2b$10$W.kyAztiKY6FFFZLl.HqO.MFwhF1Q4xh6tNDa8eJK5WhLwv2jTNtm','lecturer','rejected',5,NULL,'0777163225',1,1,3,NULL,'2026-06-09 12:51:53','2026-06-09 07:21:53','2026-06-09 07:21:53'),(2009,'DELTEST2009','Free Unique Lecturer','deleted-test-2009@ruhuna.lk','$2b$10$H8pvs1HgUf/8EkRbdJs1eOko7WZvfimJwVNALdMMrArJM3QikcnEi','lecturer','rejected',5,NULL,'0777163225',1,1,3,NULL,'2026-06-09 12:51:53','2026-06-09 07:21:53','2026-06-09 07:21:53'),(2010,'DEL2010_LE123','denuri','deleted-2010-denuri177@gmail.com','$2b$10$8oLb49aR4.CuN/83ZhFIWOWvrk.oIWOFcRK66N50UbBf5DrKP8rqa','lecturer','rejected',9,NULL,'0777163225',1,1,3,NULL,'2026-06-09 13:04:12','2026-06-09 07:22:47','2026-06-09 07:34:12'),(2011,'DEL2011_RE89853378','Delete Recreate Lecturer','deleted-2011-redel89853378@ruhuna.lk','$2b$10$o1wbo3bECRU0K7uICsynQePV5xWqCxksTRpk6MsYPXLttgJ.u75n2','lecturer','rejected',5,NULL,'0777163225',1,1,3,NULL,'2026-06-09 12:54:13','2026-06-09 07:24:13','2026-06-09 07:24:13'),(2012,'CLEANDEL2012','Delete Recreate Lecturer','clean-2012@ruhuna.lk','$2b$10$0zGDS4dkehWBbAvxTuVtquRizbaDqzVFh5Bdi5WqCAgXAC98CBUWe','lecturer','rejected',5,NULL,'0777163225',1,1,3,NULL,'2026-06-09 12:54:13','2026-06-09 07:24:13','2026-06-09 07:24:13'),(2013,'SC/2024/37462','denuri','deleted-2013-denuri177@gmail.com','$2b$10$5Gv07Cud5zrAerayNp8UBu4YKWJgQN1zAliSFgFehN9OmOwZzWV1.','student','rejected',9,NULL,'0777163225',1,1,3,NULL,'2026-06-09 13:05:58','2026-06-09 07:34:30','2026-07-13 08:33:36'),(2014,'DEL2014_LE789','sab','deleted-2014-sabricolombo17@gmail.com','$2b$10$8WEW2Gp5rWpjbLRSAb.jRulIvQKpSbF7I3/oLELuFr5vzzfLSQMXq','lecturer','rejected',1,NULL,'0777163225',1,1,3,NULL,'2026-06-09 13:09:51','2026-06-09 07:36:06','2026-06-09 07:39:51'),(2065,'LE123','Dr. Denuri','denuri177@gmail.com','$2b$10$y9g4Nx6M2pnw7DshJo7ck.54ymuVVZE/oQB/BfJ8tBlSjlX9GENq.','lecturer','approved',1,NULL,'0777163225',0,0,3,'2026-07-14 22:53:00',NULL,'2026-06-09 07:44:15','2026-07-14 17:23:14'),(4907,'SC/2022/97450','Zoology Comment Student 01','zoo.comment01@student.ruhuna.lk','$2b$10$xfNsE5kYxdHkB1Oxm1glBO0uedrWNO8/z7bVDQlLyqfvxDdHlF9r.','student','approved',7,NULL,NULL,1,1,NULL,NULL,NULL,'2026-06-10 09:27:00','2026-07-13 08:33:36'),(4908,'SC/2023/21199','Zoology Comment Student 02','zoo.comment02@student.ruhuna.lk','$2b$10$xfNsE5kYxdHkB1Oxm1glBO0uedrWNO8/z7bVDQlLyqfvxDdHlF9r.','student','approved',7,NULL,NULL,1,1,NULL,NULL,NULL,'2026-06-10 09:27:00','2026-07-13 08:33:36'),(4909,'SC/2024/30662','Zoology Comment Student 03','zoo.comment03@student.ruhuna.lk','$2b$10$xfNsE5kYxdHkB1Oxm1glBO0uedrWNO8/z7bVDQlLyqfvxDdHlF9r.','student','approved',7,NULL,NULL,1,1,NULL,NULL,NULL,'2026-06-10 09:27:00','2026-07-13 08:33:36'),(4910,'SC/2022/15104','Zoology Comment Student 04','zoo.comment04@student.ruhuna.lk','$2b$10$xfNsE5kYxdHkB1Oxm1glBO0uedrWNO8/z7bVDQlLyqfvxDdHlF9r.','student','approved',7,NULL,NULL,1,1,NULL,NULL,NULL,'2026-06-10 09:27:00','2026-07-13 08:33:36'),(4911,'SC/2023/63967','Zoology Comment Student 05','zoo.comment05@student.ruhuna.lk','$2b$10$xfNsE5kYxdHkB1Oxm1glBO0uedrWNO8/z7bVDQlLyqfvxDdHlF9r.','student','approved',7,NULL,NULL,1,1,NULL,NULL,NULL,'2026-06-10 09:27:00','2026-07-13 08:33:36'),(4912,'SC/2024/20093','Zoology Comment Student 06','zoo.comment06@student.ruhuna.lk','$2b$10$xfNsE5kYxdHkB1Oxm1glBO0uedrWNO8/z7bVDQlLyqfvxDdHlF9r.','student','approved',7,NULL,NULL,1,1,NULL,NULL,NULL,'2026-06-10 09:27:00','2026-07-13 08:33:36'),(4913,'SC/2022/91950','Zoology Comment Student 07','zoo.comment07@student.ruhuna.lk','$2b$10$xfNsE5kYxdHkB1Oxm1glBO0uedrWNO8/z7bVDQlLyqfvxDdHlF9r.','student','approved',7,NULL,NULL,1,1,NULL,NULL,NULL,'2026-06-10 09:27:00','2026-07-13 08:33:36'),(4914,'SC/2023/51088','Zoology Comment Student 08','zoo.comment08@student.ruhuna.lk','$2b$10$xfNsE5kYxdHkB1Oxm1glBO0uedrWNO8/z7bVDQlLyqfvxDdHlF9r.','student','approved',7,NULL,NULL,1,1,NULL,NULL,NULL,'2026-06-10 09:27:00','2026-07-13 08:33:36'),(4915,'SC/2024/11476','Zoology Comment Student 09','zoo.comment09@student.ruhuna.lk','$2b$10$xfNsE5kYxdHkB1Oxm1glBO0uedrWNO8/z7bVDQlLyqfvxDdHlF9r.','student','approved',7,NULL,NULL,1,1,NULL,NULL,NULL,'2026-06-10 09:27:00','2026-07-13 08:33:36'),(4916,'SC/2022/32610','Zoology Comment Student 10','zoo.comment10@student.ruhuna.lk','$2b$10$xfNsE5kYxdHkB1Oxm1glBO0uedrWNO8/z7bVDQlLyqfvxDdHlF9r.','student','approved',7,NULL,NULL,1,1,NULL,NULL,NULL,'2026-06-10 09:27:00','2026-07-13 08:33:36'),(4917,'SC/2023/76057','Zoology Comment Student 11','zoo.comment11@student.ruhuna.lk','$2b$10$xfNsE5kYxdHkB1Oxm1glBO0uedrWNO8/z7bVDQlLyqfvxDdHlF9r.','student','approved',7,NULL,NULL,1,1,NULL,NULL,NULL,'2026-06-10 09:27:00','2026-07-13 08:33:36'),(4918,'SC/2024/66527','Zoology Comment Student 12','zoo.comment12@student.ruhuna.lk','$2b$10$xfNsE5kYxdHkB1Oxm1glBO0uedrWNO8/z7bVDQlLyqfvxDdHlF9r.','student','approved',7,NULL,NULL,1,1,NULL,NULL,NULL,'2026-06-10 09:27:00','2026-07-13 08:33:36'),(4919,'SC/2022/29069','Zoology Comment Student 13','zoo.comment13@student.ruhuna.lk','$2b$10$xfNsE5kYxdHkB1Oxm1glBO0uedrWNO8/z7bVDQlLyqfvxDdHlF9r.','student','approved',7,NULL,NULL,1,1,NULL,NULL,NULL,'2026-06-10 09:27:00','2026-07-13 08:33:36'),(4920,'SC/2023/26458','Zoology Comment Student 14','zoo.comment14@student.ruhuna.lk','$2b$10$xfNsE5kYxdHkB1Oxm1glBO0uedrWNO8/z7bVDQlLyqfvxDdHlF9r.','student','approved',7,NULL,NULL,1,1,NULL,NULL,NULL,'2026-06-10 09:27:00','2026-07-13 08:33:36'),(4921,'SC/2024/70748','Zoology Comment Student 15','zoo.comment15@student.ruhuna.lk','$2b$10$xfNsE5kYxdHkB1Oxm1glBO0uedrWNO8/z7bVDQlLyqfvxDdHlF9r.','student','approved',7,NULL,NULL,1,1,NULL,NULL,NULL,'2026-06-10 09:27:00','2026-07-13 08:33:36'),(4922,'SC/2022/75340','Zoology Comment Student 16','zoo.comment16@student.ruhuna.lk','$2b$10$xfNsE5kYxdHkB1Oxm1glBO0uedrWNO8/z7bVDQlLyqfvxDdHlF9r.','student','approved',7,NULL,NULL,1,1,NULL,NULL,NULL,'2026-06-10 09:27:00','2026-07-13 08:33:36'),(4923,'SC/2023/47047','Zoology Comment Student 17','zoo.comment17@student.ruhuna.lk','$2b$10$xfNsE5kYxdHkB1Oxm1glBO0uedrWNO8/z7bVDQlLyqfvxDdHlF9r.','student','approved',7,NULL,NULL,1,1,NULL,NULL,NULL,'2026-06-10 09:27:00','2026-07-13 08:33:36'),(4924,'SC/2024/59853','Zoology Comment Student 18','zoo.comment18@student.ruhuna.lk','$2b$10$xfNsE5kYxdHkB1Oxm1glBO0uedrWNO8/z7bVDQlLyqfvxDdHlF9r.','student','approved',7,NULL,NULL,1,1,NULL,NULL,NULL,'2026-06-10 09:27:00','2026-07-13 08:33:36'),(4925,'SC/2022/67506','Zoology Comment Student 19','zoo.comment19@student.ruhuna.lk','$2b$10$xfNsE5kYxdHkB1Oxm1glBO0uedrWNO8/z7bVDQlLyqfvxDdHlF9r.','student','approved',7,NULL,NULL,1,1,NULL,NULL,NULL,'2026-06-10 09:27:00','2026-07-13 08:33:36'),(4926,'SC/2023/35582','Zoology Comment Student 20','zoo.comment20@student.ruhuna.lk','$2b$10$xfNsE5kYxdHkB1Oxm1glBO0uedrWNO8/z7bVDQlLyqfvxDdHlF9r.','student','approved',7,NULL,NULL,1,1,NULL,NULL,NULL,'2026-06-10 09:27:00','2026-07-13 08:33:36'),(5216,'LEC420','aqva','sabricolombo17@gmail.com','$2b$10$NBC6UIt0Xm7Yk.mPkj.TdOLu8woLcnxLUuKh5iNWXYEhLYa/16lEK','lecturer','rejected',1,NULL,NULL,1,1,3,NULL,NULL,'2026-06-27 14:31:54','2026-07-02 09:28:04'),(5357,'LE123s5556','sdcdc','roshangalle59@gmail.com','$2b$10$bQmFDgV.syfEpmPilBoTfeadbzmvkQBYfdESY7qrlPtod44ldB0Y6','lecturer','approved',1,NULL,NULL,0,0,3,NULL,NULL,'2026-06-27 14:40:24','2026-07-02 08:23:50'),(19192,'SC/2022/9991','Test Valid Student','testval9991@ruhuna.lk','$2b$10$sFLQVKSvYc9S89vEY7aSgeSMREZHfg88zqnbmClnGxGMkxw7NnRl2','student','approved',NULL,NULL,NULL,0,0,NULL,'2026-07-13 20:35:40',NULL,'2026-07-13 15:05:40','2026-07-13 15:10:10'),(19265,'SC/2023/0001','Year 1 Student','SC20230001@example.com','hashed_password','student','approved',NULL,NULL,NULL,0,0,NULL,NULL,NULL,'2026-07-13 15:11:10','2026-07-13 15:14:01'),(19266,'SC/2022/0002','Year 2 Student','SC20220002@example.com','$2b$10$JjsOWeoEqlGjFNxM1.Q8oemQ14bEHtgLzZcTpf992LxZO9kA7bLS.','student','approved',NULL,NULL,NULL,0,0,NULL,'2026-07-14 11:48:04',NULL,'2026-07-13 15:11:10','2026-07-14 06:18:20'),(19267,'LEC902','Test Lec','testlec@example.com','pwd','lecturer','approved',9,NULL,NULL,0,0,NULL,NULL,NULL,'2026-07-13 15:11:10','2026-07-14 04:39:05'),(19828,'LE78969','Prof L.A.L.W. Jayasekara','jaya@gmail.com','$2b$10$kWglUD5COZ9j9Bx5hBY2Bu2wOSSj1RdIcOn3j8vktzflCp8sqm9Vy','lecturer','approved',3,NULL,NULL,0,0,3,'2026-07-14 11:19:27',NULL,'2026-07-14 05:14:58','2026-07-14 05:49:38');
/*!40000 ALTER TABLE `users` ENABLE KEYS */;
UNLOCK TABLES;

--
-- Dumping routines for database 'lecturer_evaluation'
--
/*!40103 SET TIME_ZONE=@OLD_TIME_ZONE */;

/*!40101 SET SQL_MODE=@OLD_SQL_MODE */;
/*!40014 SET FOREIGN_KEY_CHECKS=@OLD_FOREIGN_KEY_CHECKS */;
/*!40014 SET UNIQUE_CHECKS=@OLD_UNIQUE_CHECKS */;
/*!40101 SET CHARACTER_SET_CLIENT=@OLD_CHARACTER_SET_CLIENT */;
/*!40101 SET CHARACTER_SET_RESULTS=@OLD_CHARACTER_SET_RESULTS */;
/*!40101 SET COLLATION_CONNECTION=@OLD_COLLATION_CONNECTION */;
/*!40111 SET SQL_NOTES=@OLD_SQL_NOTES */;

-- Dump completed on 2026-07-20 14:20:07
